#include <stddef.h>
#include <string.h>

static const unsigned char z_asset_0[] = {
    0x7b,0x0a,0x20,0x20,0x22,0x73,0x63,0x68,0x65,0x6d,0x61,0x5f,0x76,0x65,0x72,0x73,
    0x69,0x6f,0x6e,0x22,0x3a,0x20,0x32,0x2c,0x0a,0x20,0x20,0x22,0x7a,0x75,0x6d,0x62,
    0x72,0x61,0x5f,0x76,0x65,0x72,0x73,0x69,0x6f,0x6e,0x22,0x3a,0x20,0x22,0x30,0x2e,
    0x31,0x30,0x2e,0x30,0x22,0x2c,0x0a,0x20,0x20,0x22,0x61,0x70,0x70,0x22,0x3a,0x20,
    0x7b,0x0a,0x20,0x20,0x20,0x20,0x22,0x6e,0x61,0x6d,0x65,0x22,0x3a,0x20,0x22,0x5a,
    0x75,0x6d,0x62,0x72,0x61,0x20,0x50,0x61,0x63,0x6b,0x61,0x67,0x65,0x64,0x20,0x41,
    0x70,0x70,0x22,0x2c,0x0a,0x20,0x20,0x20,0x20,0x22,0x76,0x65,0x72,0x73,0x69,0x6f,
    0x6e,0x22,0x3a,0x20,0x22,0x31,0x2e,0x30,0x2e,0x30,0x22,0x2c,0x0a,0x20,0x20,0x20,
    0x20,0x22,0x69,0x64,0x65,0x6e,0x74,0x69,0x66,0x69,0x65,0x72,0x22,0x3a,0x20,0x22,
    0x64,0x65,0x76,0x2e,0x7a,0x75,0x6d,0x62,0x72,0x61,0x2e,0x70,0x61,0x63,0x6b,0x61,
    0x67,0x65,0x64,0x22,0x2c,0x0a,0x20,0x20,0x20,0x20,0x22,0x65,0x6e,0x74,0x72,0x79,
    0x22,0x3a,0x20,0x22,0x73,0x72,0x63,0x2f,0x6d,0x61,0x69,0x6e,0x2e,0x7a,0x75,0x6d,
    0x22,0x2c,0x0a,0x20,0x20,0x20,0x20,0x22,0x69,0x63,0x6f,0x6e,0x22,0x3a,0x20,0x22,
    0x61,0x73,0x73,0x65,0x74,0x73,0x2f,0x69,0x63,0x6f,0x6e,0x2e,0x70,0x6e,0x67,0x22,
    0x2c,0x0a,0x20,0x20,0x20,0x20,0x22,0x69,0x63,0x6f,0x6e,0x5f,0x6c,0x69,0x6e,0x75,
    0x78,0x22,0x3a,0x20,0x22,0x61,0x73,0x73,0x65,0x74,0x73,0x2f,0x69,0x63,0x6f,0x6e,
    0x2e,0x70,0x6e,0x67,0x22,0x2c,0x0a,0x20,0x20,0x20,0x20,0x22,0x69,0x63,0x6f,0x6e,
    0x5f,0x77,0x69,0x6e,0x64,0x6f,0x77,0x73,0x22,0x3a,0x20,0x22,0x61,0x73,0x73,0x65,
    0x74,0x73,0x2f,0x69,0x63,0x6f,0x6e,0x2e,0x69,0x63,0x6f,0x22,0x2c,0x0a,0x20,0x20,
    0x20,0x20,0x22,0x69,0x63,0x6f,0x6e,0x5f,0x6d,0x61,0x63,0x6f,0x73,0x22,0x3a,0x20,
    0x22,0x61,0x73,0x73,0x65,0x74,0x73,0x2f,0x69,0x63,0x6f,0x6e,0x2e,0x69,0x63,0x6e,
    0x73,0x22,0x0a,0x20,0x20,0x7d,0x2c,0x0a,0x20,0x20,0x22,0x70,0x61,0x63,0x6b,0x61,
    0x67,0x65,0x22,0x3a,0x20,0x7b,0x0a,0x20,0x20,0x20,0x20,0x22,0x64,0x65,0x73,0x63,
    0x72,0x69,0x70,0x74,0x69,0x6f,0x6e,0x22,0x3a,0x20,0x22,0x41,0x20,0x73,0x6d,0x61,
    0x6c,0x6c,0x20,0x70,0x61,0x63,0x6b,0x61,0x67,0x65,0x64,0x20,0x61,0x70,0x70,0x6c,
    0x69,0x63,0x61,0x74,0x69,0x6f,0x6e,0x20,0x77,0x72,0x69,0x74,0x74,0x65,0x6e,0x20,
    0x69,0x6e,0x20,0x5a,0x75,0x6d,0x62,0x72,0x61,0x2e,0x22,0x2c,0x0a,0x20,0x20,0x20,
    0x20,0x22,0x70,0x75,0x62,0x6c,0x69,0x73,0x68,0x65,0x72,0x22,0x3a,0x20,0x22,0x5a,
    0x75,0x6d,0x62,0x72,0x61,0x22,0x2c,0x0a,0x20,0x20,0x20,0x20,0x22,0x68,0x6f,0x6d,
    0x65,0x70,0x61,0x67,0x65,0x22,0x3a,0x20,0x22,0x68,0x74,0x74,0x70,0x73,0x3a,0x2f,
    0x2f,0x65,0x78,0x61,0x6d,0x70,0x6c,0x65,0x2e,0x63,0x6f,0x6d,0x2f,0x7a,0x75,0x6d,
    0x62,0x72,0x61,0x22,0x2c,0x0a,0x20,0x20,0x20,0x20,0x22,0x6c,0x69,0x63,0x65,0x6e,
    0x73,0x65,0x22,0x3a,0x20,0x22,0x41,0x70,0x61,0x63,0x68,0x65,0x2d,0x32,0x2e,0x30,
    0x22,0x2c,0x0a,0x20,0x20,0x20,0x20,0x22,0x63,0x61,0x74,0x65,0x67,0x6f,0x72,0x79,
    0x22,0x3a,0x20,0x22,0x44,0x65,0x76,0x65,0x6c,0x6f,0x70,0x6d,0x65,0x6e,0x74,0x22,
    0x2c,0x0a,0x20,0x20,0x20,0x20,0x22,0x63,0x6f,0x70,0x79,0x72,0x69,0x67,0x68,0x74,
    0x22,0x3a,0x20,0x22,0x43,0x6f,0x70,0x79,0x72,0x69,0x67,0x68,0x74,0x20,0x5a,0x75,
    0x6d,0x62,0x72,0x61,0x20,0x63,0x6f,0x6e,0x74,0x72,0x69,0x62,0x75,0x74,0x6f,0x72,
    0x73,0x22,0x0a,0x20,0x20,0x7d,0x2c,0x0a,0x20,0x20,0x22,0x75,0x70,0x64,0x61,0x74,
    0x65,0x73,0x22,0x3a,0x20,0x7b,0x0a,0x20,0x20,0x20,0x20,0x22,0x75,0x72,0x6c,0x22,
    0x3a,0x20,0x22,0x68,0x74,0x74,0x70,0x73,0x3a,0x2f,0x2f,0x65,0x78,0x61,0x6d,0x70,
    0x6c,0x65,0x2e,0x63,0x6f,0x6d,0x2f,0x7a,0x75,0x6d,0x62,0x72,0x61,0x2f,0x72,0x65,
    0x6c,0x65,0x61,0x73,0x65,0x73,0x22,0x2c,0x0a,0x20,0x20,0x20,0x20,0x22,0x63,0x68,
    0x61,0x6e,0x6e,0x65,0x6c,0x22,0x3a,0x20,0x22,0x73,0x74,0x61,0x62,0x6c,0x65,0x22,
    0x0a,0x20,0x20,0x7d,0x2c,0x0a,0x20,0x20,0x22,0x61,0x73,0x73,0x65,0x74,0x73,0x22,
    0x3a,0x20,0x5b,0x0a,0x20,0x20,0x20,0x20,0x7b,0x0a,0x20,0x20,0x20,0x20,0x20,0x20,
    0x22,0x6e,0x61,0x6d,0x65,0x22,0x3a,0x20,0x22,0x61,0x73,0x73,0x65,0x74,0x73,0x2f,
    0x69,0x63,0x6f,0x6e,0x2e,0x69,0x63,0x6e,0x73,0x22,0x2c,0x0a,0x20,0x20,0x20,0x20,
    0x20,0x20,0x22,0x73,0x69,0x7a,0x65,0x22,0x3a,0x20,0x33,0x36,0x39,0x37,0x37,0x2c,
    0x0a,0x20,0x20,0x20,0x20,0x20,0x20,0x22,0x73,0x68,0x61,0x32,0x35,0x36,0x22,0x3a,
    0x20,0x22,0x64,0x35,0x37,0x35,0x61,0x31,0x39,0x38,0x36,0x61,0x31,0x65,0x61,0x37,
    0x63,0x32,0x37,0x38,0x38,0x33,0x65,0x62,0x31,0x65,0x38,0x61,0x39,0x32,0x64,0x65,
    0x62,0x32,0x34,0x61,0x37,0x34,0x66,0x31,0x35,0x66,0x38,0x31,0x63,0x30,0x32,0x30,
    0x35,0x38,0x65,0x61,0x61,0x39,0x64,0x35,0x35,0x35,0x36,0x37,0x37,0x33,0x34,0x39,
    0x32,0x30,0x22,0x0a,0x20,0x20,0x20,0x20,0x7d,0x2c,0x0a,0x20,0x20,0x20,0x20,0x7b,
    0x0a,0x20,0x20,0x20,0x20,0x20,0x20,0x22,0x6e,0x61,0x6d,0x65,0x22,0x3a,0x20,0x22,
    0x61,0x73,0x73,0x65,0x74,0x73,0x2f,0x69,0x63,0x6f,0x6e,0x2e,0x69,0x63,0x6f,0x22,
    0x2c,0x0a,0x20,0x20,0x20,0x20,0x20,0x20,0x22,0x73,0x69,0x7a,0x65,0x22,0x3a,0x20,
    0x36,0x38,0x33,0x35,0x2c,0x0a,0x20,0x20,0x20,0x20,0x20,0x20,0x22,0x73,0x68,0x61,
    0x32,0x35,0x36,0x22,0x3a,0x20,0x22,0x66,0x39,0x66,0x64,0x30,0x65,0x38,0x31,0x31,
    0x32,0x61,0x37,0x31,0x62,0x31,0x35,0x32,0x64,0x31,0x36,0x39,0x36,0x62,0x62,0x64,
    0x31,0x35,0x31,0x31,0x34,0x64,0x61,0x30,0x36,0x30,0x61,0x62,0x66,0x39,0x30,0x63,
    0x64,0x61,0x63,0x37,0x30,0x37,0x64,0x64,0x34,0x66,0x36,0x34,0x65,0x35,0x34,0x31,
    0x30,0x37,0x35,0x64,0x32,0x35,0x30,0x22,0x0a,0x20,0x20,0x20,0x20,0x7d,0x2c,0x0a,
    0x20,0x20,0x20,0x20,0x7b,0x0a,0x20,0x20,0x20,0x20,0x20,0x20,0x22,0x6e,0x61,0x6d,
    0x65,0x22,0x3a,0x20,0x22,0x61,0x73,0x73,0x65,0x74,0x73,0x2f,0x69,0x63,0x6f,0x6e,
    0x2e,0x70,0x6e,0x67,0x22,0x2c,0x0a,0x20,0x20,0x20,0x20,0x20,0x20,0x22,0x73,0x69,
    0x7a,0x65,0x22,0x3a,0x20,0x31,0x31,0x37,0x37,0x2c,0x0a,0x20,0x20,0x20,0x20,0x20,
    0x20,0x22,0x73,0x68,0x61,0x32,0x35,0x36,0x22,0x3a,0x20,0x22,0x36,0x35,0x62,0x33,
    0x62,0x64,0x66,0x36,0x65,0x61,0x37,0x61,0x38,0x31,0x66,0x39,0x34,0x35,0x31,0x61,
    0x65,0x36,0x31,0x32,0x38,0x37,0x39,0x34,0x35,0x31,0x39,0x66,0x36,0x32,0x61,0x37,
    0x63,0x39,0x34,0x66,0x34,0x33,0x62,0x63,0x38,0x38,0x66,0x65,0x32,0x37,0x66,0x63,
    0x65,0x66,0x38,0x35,0x35,0x65,0x32,0x63,0x65,0x63,0x66,0x65,0x22,0x0a,0x20,0x20,
    0x20,0x20,0x7d,0x2c,0x0a,0x20,0x20,0x20,0x20,0x7b,0x0a,0x20,0x20,0x20,0x20,0x20,
    0x20,0x22,0x6e,0x61,0x6d,0x65,0x22,0x3a,0x20,0x22,0x61,0x73,0x73,0x65,0x74,0x73,
    0x2f,0x6d,0x65,0x73,0x73,0x61,0x67,0x65,0x2e,0x74,0x78,0x74,0x22,0x2c,0x0a,0x20,
    0x20,0x20,0x20,0x20,0x20,0x22,0x73,0x69,0x7a,0x65,0x22,0x3a,0x20,0x32,0x37,0x2c,
    0x0a,0x20,0x20,0x20,0x20,0x20,0x20,0x22,0x73,0x68,0x61,0x32,0x35,0x36,0x22,0x3a,
    0x20,0x22,0x61,0x37,0x33,0x61,0x32,0x37,0x36,0x37,0x36,0x35,0x39,0x62,0x62,0x37,
    0x38,0x62,0x35,0x30,0x36,0x61,0x33,0x31,0x36,0x63,0x65,0x30,0x33,0x33,0x39,0x34,
    0x33,0x37,0x64,0x33,0x62,0x37,0x36,0x31,0x39,0x36,0x62,0x36,0x30,0x35,0x39,0x37,
    0x62,0x62,0x37,0x39,0x31,0x32,0x31,0x65,0x61,0x35,0x33,0x31,0x37,0x62,0x33,0x36,
    0x65,0x30,0x22,0x0a,0x20,0x20,0x20,0x20,0x7d,0x0a,0x20,0x20,0x5d,0x0a,0x7d,
};
static const unsigned char z_asset_1[] = {
    0x69,0x63,0x6e,0x73,0x00,0x00,0x90,0x71,0x54,0x4f,0x43,0x20,0x00,0x00,0x00,0x48,
    0x69,0x63,0x30,0x37,0x00,0x00,0x04,0xea,0x69,0x63,0x30,0x38,0x00,0x00,0x04,0xa1,
    0x69,0x63,0x30,0x39,0x00,0x00,0x11,0x5f,0x69,0x63,0x31,0x30,0x00,0x00,0x58,0x18,
    0x69,0x63,0x31,0x31,0x00,0x00,0x02,0xbd,0x69,0x63,0x31,0x32,0x00,0x00,0x04,0x62,
    0x69,0x63,0x31,0x33,0x00,0x00,0x04,0xa1,0x69,0x63,0x31,0x34,0x00,0x00,0x11,0x5f,
    0x69,0x63,0x30,0x37,0x00,0x00,0x04,0xea,0x89,0x50,0x4e,0x47,0x0d,0x0a,0x1a,0x0a,
    0x00,0x00,0x00,0x0d,0x49,0x48,0x44,0x52,0x00,0x00,0x00,0x80,0x00,0x00,0x00,0x80,
    0x08,0x06,0x00,0x00,0x00,0xc3,0x3e,0x61,0xcb,0x00,0x00,0x04,0xa9,0x49,0x44,0x41,
    0x54,0x78,0x9c,0xed,0xdc,0xcd,0x8e,0x14,0x55,0x18,0xc6,0xf1,0xa7,0x7a,0xfa,0xa3,
    0x6a,0xba,0x47,0x06,0x13,0xe3,0xc6,0xad,0x0b,0x8c,0xba,0x30,0xd8,0x18,0x95,0x2d,
    0x23,0x21,0xca,0x0d,0x20,0x24,0x92,0x90,0xcc,0x1d,0x18,0x47,0x63,0x8c,0x61,0x6e,
    0x42,0x31,0xd1,0x71,0xe3,0xce,0x9d,0x0a,0x0b,0x4d,0x66,0x16,0x80,0x2e,0x0c,0x28,
    0xc4,0x95,0x3b,0x76,0x6a,0x0b,0xdd,0x5d,0x55,0xfd,0x51,0xc7,0x45,0x0f,0x3a,0x99,
    0xb4,0x81,0x81,0x3e,0x6f,0x7d,0x3c,0xcf,0xef,0x06,0x4e,0x37,0xf5,0xef,0x7a,0x0f,
    0x5d,0x67,0x3a,0xe8,0xae,0xdf,0x71,0x10,0x5a,0xb5,0xbc,0x5f,0x80,0xe4,0x4b,0x01,
    0x90,0x53,0x00,0xe4,0x14,0x00,0x39,0x05,0x40,0x4e,0x01,0x90,0x53,0x00,0xe4,0x14,
    0x00,0x39,0x05,0x40,0x4e,0x01,0x90,0x53,0x00,0xe4,0x14,0x00,0x39,0x05,0x40,0x4e,
    0x01,0x90,0x53,0x00,0xe4,0x14,0x00,0x39,0x05,0x40,0x4e,0x01,0x90,0x53,0x00,0xe4,
    0x14,0x00,0x39,0x05,0x40,0x4e,0x01,0x90,0x53,0x00,0xe4,0x14,0x00,0x39,0x05,0x40,
    0xae,0x6e,0xb9,0xd8,0x78,0xe2,0x30,0x99,0x5a,0xae,0x58,0x4e,0x61,0x2b,0x40,0x60,
    0xb4,0x96,0x59,0x00,0x93,0x29,0xf0,0xca,0x73,0x21,0x5e,0x7a,0xb6,0x69,0xb5,0x64,
    0x29,0xa5,0x63,0x87,0xaf,0xbe,0x1f,0x20,0x19,0x39,0x04,0x06,0x15,0x98,0x05,0x30,
    0x9e,0x38,0x1c,0x3b,0xd2,0xc2,0xb9,0xb5,0xb6,0xd5,0x92,0xa5,0x34,0x99,0x3a,0x7c,
    0xbd,0x33,0x44,0x9c,0xda,0x04,0x60,0xba,0x07,0x18,0x4f,0xf4,0x77,0xa8,0x0f,0x12,
    0xa7,0x0e,0x96,0xff,0x4a,0xda,0x04,0x92,0x53,0x00,0xe4,0x14,0x00,0x39,0x05,0x40,
    0x4e,0x01,0x90,0x53,0x00,0xe4,0x14,0x00,0x39,0x05,0x40,0x4e,0x01,0x90,0x53,0x00,
    0xe4,0x14,0x00,0x39,0x05,0x40,0x4e,0x01,0x90,0x53,0x00,0xe4,0x4c,0x03,0x68,0xd4,
    0xad,0xce,0xb9,0x94,0x57,0xa3,0x1e,0x98,0x9c,0x03,0xb8,0xcf,0xec,0x40,0x48,0xa3,
    0x1e,0xe0,0xda,0xed,0xb4,0x74,0x67,0x02,0x1c,0x66,0xe7,0x18,0x9e,0x3e,0xbc,0x84,
    0x37,0x5f,0x8d,0xd0,0xf4,0x18,0x71,0x96,0x01,0x57,0x6f,0xa5,0x18,0xc4,0x36,0x87,
    0x41,0x00,0xc3,0x00,0xea,0x4b,0xc0,0xd5,0x5b,0x09,0x76,0x6e,0x26,0x56,0x4b,0x3e,
    0xb6,0xcc,0x01,0xc9,0xc8,0x61,0xed,0x68,0x84,0xd3,0xaf,0x2d,0xa3,0xb1,0xe4,0xef,
    0xaa,0x24,0x23,0x87,0x0f,0x3e,0xeb,0xe1,0x87,0x9f,0x13,0x20,0x00,0x6a,0x55,0x0b,
    0x00,0x98,0xdd,0x05,0x1a,0xa6,0x2b,0x3e,0xba,0x69,0x06,0x04,0x00,0x4e,0x76,0x23,
    0x7c,0xfc,0xce,0x2a,0xc2,0xa6,0xbf,0x2b,0xf2,0xd7,0xbd,0x0c,0x17,0xbf,0xfc,0x1b,
    0x97,0x7f,0x8a,0x11,0x36,0x2b,0x3a,0x02,0xca,0x64,0x3c,0x01,0xa2,0x56,0x80,0xcd,
    0xf3,0xab,0x38,0xfe,0x62,0x88,0x9a,0xc7,0x9d,0xd2,0xf6,0xcd,0x14,0x1f,0x7d,0xde,
    0xc3,0x9f,0x77,0x33,0x44,0x2d,0xfb,0x3d,0x92,0x02,0xd8,0x67,0x3c,0x01,0x9e,0x7c,
    0xa2,0x86,0x0f,0xcf,0xad,0xe2,0xf8,0x0b,0x2d,0x6f,0xeb,0x64,0x19,0xb0,0x7d,0x23,
    0xc1,0x7b,0x97,0x7a,0x88,0x53,0x97,0xdb,0x9d,0x51,0x01,0xec,0x72,0xbb,0xf3,0xfe,
    0xc4,0xd1,0x08,0x1b,0x67,0x0e,0xe1,0xf0,0x8a,0xbf,0x8f,0xfd,0xde,0x79,0xef,0x80,
    0x5c,0xc7,0xa2,0x02,0xc0,0x7f,0xf3,0x7e,0xed,0x65,0xfb,0x79,0x6f,0xb5,0xd9,0xfb,
    0x3f,0xf4,0x01,0x30,0xcd,0xfb,0x79,0xa8,0x03,0x60,0x9b,0xf7,0xf3,0x14,0xe8,0xa5,
    0xd8,0xc9,0x1c,0x30,0x4c,0x1c,0x4e,0x76,0xfd,0xcf,0xfb,0x74,0xe4,0xf0,0x7e,0x41,
    0xe6,0xfd,0x3c,0x05,0x7b,0x39,0xfe,0x4d,0xa6,0x40,0x3b,0x0c,0x70,0xe1,0x54,0x07,
    0x6f,0x9f,0xe8,0x78,0x9d,0xf7,0xd7,0x6e,0xa7,0xf8,0xe2,0xbb,0x01,0x76,0x7e,0x49,
    0xd0,0x6a,0xe4,0x3f,0xef,0xe7,0xa1,0x0a,0x20,0x19,0x39,0x74,0xa2,0x1a,0x2e,0xee,
    0xce,0x7b,0x9f,0xb6,0x6f,0x24,0x78,0xf7,0x93,0x1e,0xfa,0x71,0xe6,0x35,0xb2,0xc7,
    0x45,0x13,0x40,0x32,0x72,0x78,0xfd,0xf9,0x10,0x67,0xd7,0xda,0x38,0x76,0xc4,0xdf,
    0xbc,0x4f,0x46,0x0e,0x5b,0x97,0xfb,0xd8,0xba,0x32,0xfb,0x0b,0xdf,0x22,0x5f,0x7c,
    0x80,0x20,0x80,0xfb,0xf3,0xfe,0x8d,0x6e,0x84,0xcd,0xf3,0xab,0x68,0x79,0xbc,0x20,
    0xe9,0xc8,0x61,0xe3,0x52,0x0f,0xdf,0x5e,0x8f,0xb1,0x1c,0x06,0xa8,0x2f,0x79,0x5b,
    0x6a,0x61,0x2a,0x1d,0xc0,0xfe,0x79,0xef,0xf3,0xe2,0xef,0x9d,0xf7,0x9d,0xa8,0xd8,
    0x9f,0xfa,0xbd,0x2a,0x1b,0x80,0xe6,0xfd,0xc3,0xa9,0x64,0x00,0x9a,0xf7,0x0f,0xaf,
    0x52,0x01,0x68,0xde,0x1f,0x5c,0x65,0x02,0x18,0x4f,0x80,0x4e,0xa4,0x79,0x7f,0x50,
    0x95,0x08,0xe0,0xdf,0xaf,0x74,0xcf,0x1e,0xf2,0x3a,0xef,0xf7,0x7e,0xa5,0x5b,0xc6,
    0x79,0x3f,0x4f,0xa9,0x03,0xc8,0xf3,0x11,0x6e,0x15,0x2e,0x3e,0x50,0xe2,0x00,0x98,
    0x1f,0xe1,0x2e,0x52,0x29,0x03,0x60,0x7f,0x84,0xbb,0x48,0xa5,0x0b,0x40,0x8f,0x70,
    0x17,0xab,0x34,0x6f,0x8b,0xf5,0xc8,0x96,0x6f,0xa5,0x78,0x6b,0x9a,0xf7,0xfe,0x14,
    0x3e,0x00,0xcd,0x7b,0xbf,0x0a,0x1d,0x80,0xe6,0xbd,0x7f,0x85,0x7c,0xab,0x3a,0xb2,
    0x65,0xa7,0x70,0x6f,0x57,0x47,0xb6,0x6c,0x15,0x2a,0x00,0x3d,0xc2,0xb5,0x57,0x98,
    0x00,0xf4,0x08,0x37,0x1f,0xb9,0x07,0xa0,0x47,0xb8,0xf9,0xca,0x35,0x00,0x1d,0xd9,
    0xca,0x5f,0x6e,0x01,0x68,0xde,0x17,0x43,0x2e,0x01,0x68,0xde,0x17,0x87,0x69,0x00,
    0x96,0xf3,0x7e,0x98,0x3a,0x6c,0x7c,0xda,0xc3,0x37,0xd7,0x87,0x68,0x87,0x01,0x6a,
    0x41,0x80,0x2c,0xf3,0xb6,0xdc,0x42,0xf9,0xfc,0xb6,0x73,0x3f,0xb3,0x00,0x9c,0x03,
    0x56,0xa2,0x1a,0x2e,0x9c,0x5a,0xf6,0x3e,0xef,0x7f,0xfd,0x7d,0x8c,0xad,0x2b,0x7d,
    0xfc,0xf8,0x5b,0x8a,0x67,0x9e,0xca,0x7d,0x9f,0x7b,0x20,0xce,0x01,0x83,0x24,0x83,
    0x33,0xfa,0x2d,0xad,0xa0,0xbb,0x7e,0xc7,0x64,0xa9,0x38,0x75,0x58,0x7f,0x6b,0x05,
    0xeb,0xa7,0x57,0xbc,0xaf,0x35,0x48,0x1c,0xe2,0xd4,0xa1,0xd5,0xf0,0xbe,0xd4,0xc2,
    0xf5,0xe3,0x0c,0x67,0x36,0xff,0xc0,0xdd,0x41,0x66,0x72,0x27,0x30,0xfd,0x78,0x34,
    0x1b,0x36,0x33,0xb8,0x1d,0x06,0x68,0x87,0xe5,0x9c,0xf7,0xb5,0x1a,0x4c,0x7f,0x24,
    0xca,0xf4,0x87,0x22,0xad,0x6e,0x6b,0x65,0x66,0xbd,0x4f,0xd1,0x4f,0xc5,0x92,0x53,
    0x00,0xe4,0x14,0x00,0x39,0x05,0x40,0x4e,0x01,0x90,0x53,0x00,0xe4,0x14,0x00,0x39,
    0x05,0x40,0x4e,0x01,0x90,0x53,0x00,0xe4,0x14,0x00,0x39,0x05,0x40,0x4e,0x01,0x90,
    0x33,0x0d,0xc0,0xf2,0x31,0x67,0x59,0x59,0x9e,0x06,0x02,0x0c,0xcf,0x03,0x04,0x98,
    0x9d,0xd1,0xbb,0x37,0x2c,0xc9,0xb9,0xac,0x9c,0xf4,0x63,0xbb,0xd3,0x40,0x80,0xe1,
    0x89,0x20,0x07,0x20,0x6c,0x04,0x66,0x87,0x42,0xca,0xca,0xfa,0x48,0x98,0xf9,0x1d,
    0x20,0x4e,0x75,0x2a,0xe4,0x41,0x2a,0x79,0x28,0x14,0x98,0xed,0x01,0xb4,0x0f,0x28,
    0x16,0xfd,0x2f,0x80,0x9c,0x02,0x20,0xa7,0x00,0xc8,0x29,0x00,0x72,0x0a,0x80,0x9c,
    0x02,0x20,0xa7,0x00,0xc8,0x29,0x00,0x72,0x0a,0x80,0x9c,0x02,0x20,0xa7,0x00,0xc8,
    0x29,0x00,0x72,0x0a,0x80,0x9c,0x02,0x20,0xa7,0x00,0xc8,0x29,0x00,0x72,0x0a,0x80,
    0x9c,0x02,0x20,0xa7,0x00,0xc8,0x29,0x00,0x72,0x0a,0x80,0x9c,0x02,0x20,0xa7,0x00,
    0xc8,0x29,0x00,0x72,0xff,0x00,0x86,0x4a,0x54,0x38,0x3e,0xd6,0x9c,0x82,0x00,0x00,
    0x00,0x00,0x49,0x45,0x4e,0x44,0xae,0x42,0x60,0x82,0x69,0x63,0x30,0x38,0x00,0x00,
    0x04,0xa1,0x89,0x50,0x4e,0x47,0x0d,0x0a,0x1a,0x0a,0x00,0x00,0x00,0x0d,0x49,0x48,
    0x44,0x52,0x00,0x00,0x01,0x00,0x00,0x00,0x01,0x00,0x08,0x06,0x00,0x00,0x00,0x5c,
    0x72,0xa8,0x66,0x00,0x00,0x04,0x60,0x49,0x44,0x41,0x54,0x78,0x9c,0xed,0xd8,0xdb,
    0x71,0x14,0x49,0x14,0x45,0xd1,0xd6,0x84,0x9c,0xc0,0x11,0x61,0x93,0x30,0x08,0x9f,
    0x70,0x44,0x98,0xa1,0xf9,0x80,0x60,0x06,0x84,0xa0,0x1f,0x55,0x9d,0x95,0xb9,0xd7,
    0xb2,0xa0,0x7e,0xce,0x8e,0x5b,0xf9,0xf0,0xf4,0xfc,0xf2,0x7a,0x02,0x92,0xfe,0x19,
    0xfd,0x01,0xc0,0x38,0x02,0x00,0x61,0x02,0x00,0x61,0x02,0x00,0x61,0x02,0x00,0x61,
    0x02,0x00,0x61,0x02,0x00,0x61,0x02,0x00,0x61,0x02,0x00,0x61,0x02,0x00,0x61,0x02,
    0x00,0x61,0x02,0x00,0x61,0x02,0x00,0x61,0x02,0x00,0x61,0x02,0x00,0x61,0x02,0x00,
    0x61,0x02,0x00,0x61,0x02,0x00,0x61,0x02,0x00,0x61,0x02,0x00,0x61,0x02,0x00,0x61,
    0x02,0x00,0x61,0x02,0x00,0x61,0x02,0x00,0x61,0x02,0x00,0x61,0x02,0x00,0x61,0x02,
    0x00,0x61,0x02,0x00,0x61,0x02,0x00,0x61,0x02,0x00,0x61,0x02,0x00,0x61,0x02,0x00,
    0x61,0x02,0x00,0x61,0x02,0x00,0x61,0x02,0x00,0x61,0x02,0x00,0x61,0x02,0x00,0x61,
    0x02,0x00,0x61,0x02,0x00,0x61,0x02,0x00,0x61,0x02,0x00,0x61,0x02,0x00,0x61,0x02,
    0x00,0x61,0x02,0x00,0x61,0x02,0x00,0x61,0x02,0x00,0x61,0x02,0x00,0x61,0x02,0x00,
    0x61,0x02,0x00,0x61,0x02,0x00,0x61,0x02,0x00,0x61,0x02,0x00,0x61,0x02,0x00,0x61,
    0x02,0x00,0x61,0x8f,0xa3,0x3f,0x60,0x4f,0x5f,0x3e,0x7f,0x18,0xfd,0x09,0x2c,0xe2,
    0xe3,0xa7,0xaf,0xa3,0x3f,0x61,0x17,0x2e,0x00,0x08,0x13,0x00,0x08,0x13,0x00,0x08,
    0x13,0x00,0x08,0x13,0x00,0x08,0x13,0x00,0x08,0x13,0x00,0x08,0x13,0x00,0x08,0x13,
    0x00,0x08,0x13,0x00,0x08,0x13,0x00,0x08,0x13,0x00,0x08,0x13,0x00,0x08,0x13,0x00,
    0x08,0x13,0x00,0x08,0x13,0x00,0x08,0x13,0x00,0x08,0x13,0x00,0x08,0x13,0x00,0x08,
    0x13,0x00,0x08,0x13,0x00,0x08,0x13,0x00,0x08,0x13,0x00,0x08,0x13,0x00,0x08,0x13,
    0x00,0x08,0x13,0x00,0x08,0x13,0x00,0x08,0x13,0x00,0x08,0x13,0x00,0x08,0x13,0x00,
    0x08,0x13,0x00,0x08,0x13,0x00,0x08,0x13,0x00,0x08,0x13,0x00,0x08,0x13,0x00,0x08,
    0x7b,0x78,0x7a,0x7e,0x79,0x1d,0xfd,0x11,0xac,0xe7,0xcb,0xe7,0x0f,0xa3,0x3f,0x61,
    0x33,0x1f,0x3f,0x7d,0x1d,0xfd,0x09,0xbb,0x79,0x1c,0xfd,0x01,0xac,0xc5,0xf0,0xe7,
    0xe2,0x17,0x80,0xcd,0x18,0xff,0x7c,0x04,0x80,0x4d,0x18,0xff,0x9c,0x04,0x80,0x9b,
    0x19,0xff,0xbc,0xbc,0x01,0x70,0x35,0xc3,0x9f,0x9f,0x0b,0x80,0xab,0x18,0xff,0x1a,
    0x04,0x80,0x8b,0x19,0xff,0x3a,0x04,0x80,0x8b,0x18,0xff,0x5a,0xbc,0x01,0x70,0x16,
    0xc3,0x5f,0x93,0x0b,0x80,0xbf,0x32,0xfe,0x75,0x09,0x00,0x7f,0x64,0xfc,0x6b,0x13,
    0x00,0xde,0x65,0xfc,0xeb,0xf3,0x06,0xc0,0x1b,0x86,0xdf,0xe1,0x02,0xe0,0x27,0xc6,
    0xdf,0x22,0x00,0xfc,0x60,0xfc,0x3d,0x02,0xc0,0xe9,0x74,0x32,0xfe,0x2a,0x6f,0x00,
    0x71,0x86,0xdf,0xe6,0x02,0x08,0x33,0x7e,0x04,0x20,0xca,0xf8,0x39,0x9d,0xfc,0x02,
    0xe4,0x18,0x3e,0xff,0xe7,0x02,0x08,0x31,0x7e,0x7e,0x25,0x00,0x11,0xc6,0xcf,0xef,
    0x08,0x40,0x80,0xf1,0xf3,0x1e,0x6f,0x00,0x0b,0x33,0x7c,0xfe,0xc6,0x05,0xb0,0x28,
    0xe3,0xe7,0x1c,0x02,0xb0,0x20,0xe3,0xe7,0x5c,0x02,0xb0,0x18,0xe3,0xe7,0x12,0xde,
    0x00,0x16,0x61,0xf8,0x5c,0xc3,0x05,0xb0,0x00,0xe3,0xe7,0x5a,0x02,0x30,0x39,0xe3,
    0xe7,0x16,0x02,0x30,0x31,0xe3,0xe7,0x56,0xde,0x00,0x26,0x64,0xf8,0x6c,0xc5,0x05,
    0x30,0x19,0xe3,0x67,0x4b,0x02,0x30,0x11,0xe3,0x67,0x6b,0x02,0x30,0x09,0xe3,0x67,
    0x0f,0xde,0x00,0x0e,0xce,0xf0,0xd9,0x93,0x0b,0xe0,0xc0,0x8c,0x9f,0xbd,0x09,0xc0,
    0x41,0x19,0x3f,0xf7,0xe0,0x17,0xe0,0x60,0x0c,0x9f,0x7b,0x72,0x01,0x1c,0x88,0xf1,
    0x73,0x6f,0x02,0x70,0x10,0xc6,0xcf,0x08,0x02,0x70,0x00,0xc6,0xcf,0x28,0xde,0x00,
    0x06,0x32,0x7c,0x46,0x73,0x01,0x0c,0x62,0xfc,0x1c,0x81,0x00,0x0c,0x60,0xfc,0x1c,
    0x85,0x00,0xdc,0x99,0xf1,0x73,0x24,0xde,0x00,0xee,0xc4,0xf0,0x39,0x22,0x17,0xc0,
    0x1d,0x18,0x3f,0x47,0x25,0x00,0x3b,0x33,0x7e,0x8e,0x4c,0x00,0x76,0x64,0xfc,0x1c,
    0x9d,0x37,0x80,0x1d,0x18,0x3e,0xb3,0x70,0x01,0x6c,0xcc,0xf8,0x99,0x89,0x00,0x6c,
    0xc8,0xf8,0x99,0x8d,0x00,0x6c,0xc4,0xf8,0x99,0x91,0x37,0x80,0x1b,0x19,0x3e,0x33,
    0x73,0x01,0xdc,0xc0,0xf8,0x99,0x9d,0x00,0x5c,0xc9,0xf8,0x59,0x81,0x5f,0x80,0x0b,
    0x19,0x3e,0x2b,0x71,0x01,0x5c,0xc0,0xf8,0x59,0x8d,0x00,0x9c,0xc9,0xf8,0x59,0x91,
    0x00,0x9c,0xc1,0xf8,0x59,0x95,0x37,0x80,0x3f,0x30,0x7c,0x56,0xe7,0x02,0x78,0x87,
    0xf1,0x53,0x20,0x00,0xbf,0x61,0xfc,0x54,0x08,0xc0,0x2f,0x8c,0x9f,0x12,0x6f,0x00,
    0xdf,0x19,0x3e,0x45,0x2e,0x80,0x93,0xf1,0xd3,0x95,0x0f,0x80,0xf1,0x53,0x96,0x0e,
    0x80,0xf1,0x53,0x97,0x7c,0x03,0x30,0x7c,0xf8,0x26,0x77,0x01,0x18,0x3f,0xfc,0x27,
    0x15,0x00,0xe3,0x87,0x9f,0x65,0x02,0x60,0xfc,0xf0,0xd6,0xf2,0x6f,0x00,0x86,0x0f,
    0xef,0x7b,0x78,0x7a,0x7e,0x79,0x1d,0xfd,0x11,0x7b,0x59,0x69,0xfc,0x8c,0xb5,0x6a,
    0x7c,0x33,0xbf,0x00,0xc0,0x5b,0x02,0x00,0x61,0x02,0x00,0x61,0x02,0x00,0x61,0x02,
    0x00,0x61,0x02,0x00,0x61,0x02,0x00,0x61,0x02,0x00,0x61,0x02,0x00,0x61,0x02,0x00,
    0x61,0x02,0x00,0x61,0x02,0x00,0x61,0x02,0x00,0x61,0x02,0x00,0x61,0x02,0x00,0x61,
    0x02,0x00,0x61,0x02,0x00,0x61,0x02,0x00,0x61,0x02,0x00,0x61,0x02,0x00,0x61,0x02,
    0x00,0x61,0x02,0x00,0x61,0x02,0x00,0x61,0x02,0x00,0x61,0x02,0x00,0x61,0x02,0x00,
    0x61,0x02,0x00,0x61,0x02,0x00,0x61,0x02,0x00,0x61,0x02,0x00,0x61,0x02,0x00,0x61,
    0x02,0x00,0x61,0x02,0x00,0x61,0x02,0x00,0x61,0x02,0x00,0x61,0x0f,0x4f,0xcf,0x2f,
    0xaf,0xa3,0x3f,0x02,0x18,0xc3,0x05,0x00,0x61,0x02,0x00,0x61,0x02,0x00,0x61,0x02,
    0x00,0x61,0x02,0x00,0x61,0x02,0x00,0x61,0x02,0x00,0x61,0x02,0x00,0x61,0x02,0x00,
    0x61,0x02,0x00,0x61,0x02,0x00,0x61,0x02,0x00,0x61,0x02,0x00,0x61,0x02,0x00,0x61,
    0x02,0x00,0x61,0x02,0x00,0x61,0x02,0x00,0x61,0x02,0x00,0x61,0x02,0x00,0x61,0x02,
    0x00,0x61,0x02,0x00,0x61,0x02,0x00,0x61,0x02,0x00,0x61,0x02,0x00,0x61,0x02,0x00,
    0x61,0x02,0x00,0x61,0x02,0x00,0x61,0x02,0x00,0x61,0x02,0x00,0x61,0x02,0x00,0x61,
    0x02,0x00,0x61,0x02,0x00,0x61,0x02,0x00,0x61,0x02,0x00,0x61,0x02,0x00,0x61,0x02,
    0x00,0x61,0x02,0x00,0x61,0x02,0x00,0x61,0x02,0x00,0x61,0x02,0x00,0x61,0x02,0x00,
    0x61,0x02,0x00,0x61,0x02,0x00,0x61,0x02,0x00,0x61,0x02,0x00,0x61,0x02,0x00,0x61,
    0x02,0x00,0x61,0x02,0x00,0x61,0x02,0x00,0x61,0x02,0x00,0x61,0x02,0x00,0x61,0x02,
    0x00,0x61,0x02,0x00,0x61,0xff,0x02,0xe8,0x04,0xf3,0x37,0x18,0x3e,0x63,0x4e,0x00,
    0x00,0x00,0x00,0x49,0x45,0x4e,0x44,0xae,0x42,0x60,0x82,0x69,0x63,0x30,0x39,0x00,
    0x00,0x11,0x5f,0x89,0x50,0x4e,0x47,0x0d,0x0a,0x1a,0x0a,0x00,0x00,0x00,0x0d,0x49,
    0x48,0x44,0x52,0x00,0x00,0x02,0x00,0x00,0x00,0x02,0x00,0x08,0x06,0x00,0x00,0x00,
    0xf4,0x78,0xd4,0xfa,0x00,0x00,0x11,0x1e,0x49,0x44,0x41,0x54,0x78,0x9c,0xed,0xdd,
    0x4f,0xaf,0x5c,0xf7,0x5d,0xc7,0xf1,0xef,0x99,0x19,0xcf,0x1d,0xcb,0x36,0x8d,0x68,
    0x02,0x34,0x29,0x90,0x62,0x0b,0xa9,0x2d,0x85,0xb0,0xa1,0x42,0x62,0x5d,0xb1,0xa0,
    0x3c,0x02,0x10,0x2b,0x14,0xf1,0x90,0x58,0x46,0x7d,0x08,0x6c,0x22,0x58,0x43,0x61,
    0x45,0xa1,0x49,0xba,0x69,0x6b,0x6f,0x82,0x23,0x95,0x5a,0x11,0xbd,0x26,0xf7,0xdf,
    0xcc,0x61,0x31,0xb9,0x89,0x13,0xec,0xe4,0x5e,0xfb,0xce,0x9d,0xdf,0xef,0x7c,0x5e,
    0xaf,0x55,0x14,0x65,0x31,0xd2,0xd5,0xcc,0xbc,0xcf,0x99,0xdf,0x27,0x67,0xf8,0x93,
    0xbf,0xfb,0xaf,0xb1,0x00,0x80,0x28,0xb3,0x7d,0xbf,0x00,0x00,0xe0,0xfa,0x09,0x00,
    0x00,0x08,0x24,0x00,0x00,0x20,0x90,0x00,0x00,0x80,0x40,0x02,0x00,0x00,0x02,0x09,
    0x00,0x00,0x08,0x24,0x00,0x00,0x20,0x90,0x00,0x00,0x80,0x40,0x02,0x00,0x00,0x02,
    0x09,0x00,0x00,0x08,0x24,0x00,0x00,0x20,0x90,0x00,0x00,0x80,0x40,0x02,0x00,0x00,
    0x02,0x09,0x00,0x00,0x08,0x24,0x00,0x00,0x20,0x90,0x00,0x00,0x80,0x40,0x02,0x00,
    0x00,0x02,0x09,0x00,0x00,0x08,0x24,0x00,0x00,0x20,0x90,0x00,0x00,0x80,0x40,0x02,
    0x00,0x00,0x02,0x09,0x00,0x00,0x08,0x24,0x00,0x00,0x20,0x90,0x00,0x00,0x80,0x40,
    0x02,0x00,0x00,0x02,0x09,0x00,0x00,0x08,0x24,0x00,0x00,0x20,0x90,0x00,0x00,0x80,
    0x40,0x02,0x00,0x00,0x02,0x09,0x00,0x00,0x08,0x24,0x00,0x00,0x20,0x90,0x00,0x00,
    0x80,0x40,0x02,0x00,0x00,0x02,0x09,0x00,0x00,0x08,0x24,0x00,0x00,0x20,0x90,0x00,
    0x00,0x80,0x40,0x02,0x00,0x00,0x02,0x09,0x00,0x00,0x08,0x24,0x00,0x00,0x20,0x90,
    0x00,0x00,0x80,0x40,0x02,0x00,0x00,0x02,0x09,0x00,0x00,0x08,0x24,0x00,0x00,0x20,
    0x90,0x00,0x00,0x80,0x40,0x02,0x00,0x00,0x02,0x09,0x00,0x00,0x08,0x24,0x00,0x00,
    0x20,0x90,0x00,0x00,0x80,0x40,0x02,0x00,0x00,0x02,0x09,0x00,0x00,0x08,0x24,0x00,
    0x00,0x20,0x90,0x00,0x00,0x80,0x40,0x02,0x00,0x00,0x02,0x09,0x00,0x00,0x08,0x24,
    0x00,0x00,0x20,0x90,0x00,0x00,0x80,0x40,0x02,0x00,0x00,0x02,0x09,0x00,0x00,0x08,
    0x24,0x00,0x00,0x20,0x90,0x00,0x00,0x80,0x40,0x02,0x00,0x00,0x02,0x09,0x00,0x00,
    0x08,0x24,0x00,0x00,0x20,0x90,0x00,0x00,0x80,0x40,0x02,0x00,0x00,0x02,0x09,0x00,
    0x00,0x08,0x24,0x00,0x00,0x20,0x90,0x00,0x00,0x80,0x40,0x02,0x00,0x00,0x02,0x09,
    0x00,0x00,0x08,0x24,0x00,0x00,0x20,0x90,0x00,0x00,0x80,0x40,0x02,0x00,0x00,0x02,
    0x09,0x00,0x00,0x08,0x24,0x00,0x00,0x20,0x90,0x00,0x00,0x80,0x40,0x02,0x00,0x00,
    0x02,0x09,0x00,0x00,0x08,0x24,0x00,0x00,0x20,0x90,0x00,0x00,0x80,0x40,0x02,0x00,
    0x00,0x02,0x09,0x00,0x00,0x08,0x24,0x00,0x00,0x20,0x90,0x00,0x00,0x80,0x40,0x02,
    0x00,0x00,0x02,0x09,0x00,0x00,0x08,0x24,0x00,0x00,0x20,0x90,0x00,0x00,0x80,0x40,
    0x02,0x00,0x00,0x02,0x09,0x00,0x00,0x08,0x24,0x00,0x00,0x20,0x90,0x00,0x00,0x80,
    0x40,0x02,0x00,0x00,0x02,0x09,0x00,0x00,0x08,0x24,0x00,0x00,0x20,0x90,0x00,0x00,
    0x80,0x40,0x02,0x00,0x00,0x02,0x09,0x00,0x00,0x08,0x24,0x00,0x00,0x20,0x90,0x00,
    0x00,0x80,0x40,0x02,0x00,0x00,0x02,0x09,0x00,0x00,0x08,0x24,0x00,0x00,0x20,0x90,
    0x00,0x00,0x80,0x40,0x02,0x00,0x00,0x02,0x09,0x00,0x00,0x08,0xb4,0xd8,0xf7,0x0b,
    0xe0,0xf2,0xc6,0xb1,0x6a,0xbd,0xa9,0x1a,0xc7,0x71,0xdf,0x2f,0x05,0xa0,0xaa,0xaa,
    0x86,0x61,0xa8,0xf9,0xac,0x6a,0x18,0xf6,0xfd,0x4a,0xb8,0x28,0x01,0xd0,0x99,0x61,
    0xd8,0x7e,0xf9,0x1f,0x9f,0x8e,0xb5,0x5e,0x0b,0x00,0xa0,0x0d,0xf3,0x79,0xd5,0x6a,
    0x39,0xd4,0x62,0xb6,0xbd,0x48,0xa1,0x7d,0x02,0xa0,0x23,0xe7,0x57,0xfe,0xb7,0x56,
    0x43,0xdd,0x7b,0x75,0x51,0xab,0xa5,0xd4,0x06,0xda,0x70,0x74,0x32,0xd6,0xc3,0x47,
    0xeb,0x7a,0x7c,0x34,0xd6,0x6c,0x70,0x27,0xa0,0x07,0x02,0xa0,0x23,0xeb,0xcd,0x58,
    0xc7,0x27,0x63,0xdd,0x7b,0x75,0x59,0x7f,0xf3,0xe7,0xb7,0xeb,0xf5,0xdf,0xf2,0xe7,
    0x03,0xda,0xf0,0xe0,0x83,0xb3,0x7a,0xeb,0xed,0xc3,0x7a,0xe7,0xfe,0x49,0x1d,0x2c,
    0x87,0x5a,0xcc,0x15,0x40,0xeb,0x7c,0x83,0x74,0x64,0x1c,0xab,0xce,0xd6,0xdb,0x3b,
    0x00,0xdf,0x7e,0xfd,0x46,0xfd,0xce,0x6f,0xf8,0xf3,0x01,0x6d,0xb8,0xb5,0x1a,0xea,
    0xd6,0x6a,0xa8,0xb3,0x75,0xd5,0xd2,0x4f,0x00,0x5d,0xb0,0x02,0xe8,0xcc,0x30,0x54,
    0x6d,0xc6,0xed,0x19,0x00,0x80,0x56,0x1c,0x9f,0x8e,0xb5,0x19,0xdd,0xfa,0xef,0x89,
    0x00,0xe8,0xd0,0xf9,0x9d,0x00,0x80,0x56,0x9c,0xad,0x1d,0xfe,0xeb,0x8d,0x00,0x00,
    0x80,0x40,0x02,0x00,0x00,0x02,0x09,0x00,0x00,0x08,0x24,0x00,0x00,0x20,0x90,0x00,
    0x00,0x80,0x40,0x02,0x00,0x00,0x02,0x09,0x00,0x00,0x08,0x24,0x00,0x00,0x20,0x90,
    0x00,0x00,0x80,0x40,0x02,0x00,0x00,0x02,0x09,0x00,0x00,0x08,0x24,0x00,0x00,0x20,
    0x90,0x00,0x00,0x80,0x40,0x02,0x00,0x00,0x02,0x09,0x00,0x00,0x08,0x24,0x00,0x00,
    0x20,0x90,0x00,0x00,0x80,0x40,0x02,0x00,0x00,0x02,0x09,0x00,0x00,0x08,0x24,0x00,
    0x00,0x20,0x90,0x00,0x00,0x80,0x40,0x02,0x00,0x00,0x02,0x09,0x00,0x00,0x08,0x24,
    0x00,0x00,0x20,0x90,0x00,0x00,0x80,0x40,0x02,0x00,0x00,0x02,0x09,0x00,0x00,0x08,
    0x24,0x00,0x00,0x20,0x90,0x00,0x00,0x80,0x40,0x02,0x00,0x00,0x02,0x09,0x00,0x00,
    0x08,0x24,0x00,0x00,0x20,0x90,0x00,0x00,0x80,0x40,0x02,0x00,0x00,0x02,0x09,0x00,
    0x00,0x08,0x24,0x00,0x00,0x20,0x90,0x00,0x00,0x80,0x40,0x02,0x00,0x00,0x02,0x09,
    0x00,0x00,0x08,0x24,0x00,0x00,0x20,0x90,0x00,0x00,0x80,0x40,0x02,0x00,0x00,0x02,
    0x09,0x00,0x00,0x08,0x24,0x00,0x00,0x20,0x90,0x00,0x00,0x80,0x40,0x02,0x00,0x00,
    0x02,0x09,0x00,0x00,0x08,0x24,0x00,0x00,0x20,0x90,0x00,0x00,0x80,0x40,0x02,0x00,
    0x00,0x02,0x09,0x00,0x00,0x08,0x24,0x00,0x00,0x20,0x90,0x00,0x00,0x80,0x40,0x02,
    0x00,0x00,0x02,0x09,0x00,0x00,0x08,0x24,0x00,0x00,0x20,0x90,0x00,0x00,0x80,0x40,
    0x02,0x00,0x00,0x02,0x09,0x00,0x00,0x08,0x24,0x00,0x00,0x20,0x90,0x00,0x00,0x80,
    0x40,0x02,0x00,0x00,0x02,0x09,0x00,0x00,0x08,0x24,0x00,0x00,0x20,0x90,0x00,0x00,
    0x80,0x40,0x02,0xa0,0x43,0xc3,0x50,0xb5,0x98,0xef,0xfb,0x55,0x00,0x7c,0x6a,0x31,
    0x1f,0x6a,0x18,0xf6,0xfd,0x2a,0xb8,0x0c,0x01,0xd0,0x99,0x71,0xac,0x9a,0x0d,0x55,
    0x07,0x37,0xbc,0xd3,0x80,0x76,0xac,0x96,0x43,0xcd,0x86,0xed,0x67,0x14,0x7d,0x58,
    0xec,0xfb,0x05,0x70,0x71,0xe7,0x57,0xfe,0x8f,0x8f,0xc6,0x7a,0xf7,0xc1,0x69,0x3d,
    0x3e,0xf2,0x4e,0x63,0x9a,0x86,0xaa,0xda,0x8c,0x55,0xeb,0xcd,0x58,0x9b,0xcd,0xf6,
    0x9f,0xef,0xdc,0x1c,0xea,0xb5,0x97,0x17,0x75,0xf3,0x40,0xfc,0xb6,0xe4,0x74,0x3d,
    0xd6,0xfb,0xbf,0x58,0xd7,0x8f,0xef,0x9f,0xd4,0xe1,0x47,0x63,0x2d,0xe6,0xe5,0x4e,
    0x40,0x27,0x04,0x40,0x47,0xe6,0xb3,0xa1,0x56,0x07,0x43,0x3d,0x7c,0xb4,0xae,0xb7,
    0xde,0x3e,0xac,0xd5,0xd2,0xbb,0x8c,0x09,0x1a,0xb6,0x01,0x70,0xb6,0xae,0x3a,0x3a,
    0x19,0xeb,0xe8,0x64,0x53,0xc7,0x27,0x55,0x7f,0x74,0x6f,0x59,0x6f,0xfe,0xe5,0x9d,
    0xba,0xf7,0xaa,0x8f,0xad,0x96,0x7c,0x78,0xb8,0xa9,0x1f,0xfc,0xe3,0x61,0xfd,0xeb,
    0x4f,0x8e,0xeb,0xc3,0xc3,0x4d,0xad,0x0e,0x66,0x35,0xf3,0xd1,0xd4,0x05,0xef,0xa4,
    0x8e,0x0c,0x43,0xd5,0x62,0xb6,0xbd,0x03,0xf0,0xce,0x83,0xd3,0x5a,0xaf,0xdd,0x01,
    0x60,0x42,0x3e,0xfe,0xd2,0xd8,0x6c,0xaa,0x4e,0xcf,0xc6,0xba,0x75,0x73,0x56,0xaf,
    0xbd,0x3c,0xaf,0x1b,0xce,0xbb,0x34,0xe5,0x6c,0x5d,0xf5,0xfe,0x2f,0xce,0xea,0x57,
    0x1f,0x6d,0x6a,0x36,0x1b,0xea,0xe7,0x0f,0xcf,0xea,0xdf,0x7e,0x72,0x52,0xef,0xde,
    0x3f,0xad,0x97,0x6e,0xcf,0x6a,0x75,0x30,0xf8,0x19,0xa0,0x13,0x02,0xa0,0x33,0x4f,
    0x9e,0x01,0x18,0xfd,0xf5,0x98,0x90,0xed,0x6d,0xe3,0xa1,0x8e,0x4e,0x36,0x75,0xf8,
    0xd1,0x58,0xbf,0xff,0xf5,0x79,0xbd,0xf9,0xfd,0x3b,0xf5,0x7b,0x5f,0x5b,0x7c,0xfa,
    0x13,0xc0,0x57,0xd5,0xc0,0xbe,0x7d,0x78,0xb8,0xa9,0x1f,0xfc,0xd3,0x61,0xfd,0xe8,
    0xa7,0x27,0x75,0xb0,0x1c,0xea,0x6c,0xbd,0xfd,0x77,0x2f,0xdd,0x99,0xd5,0x8d,0xb9,
    0x2f,0xff,0x9e,0xf8,0x0a,0xe9,0xd0,0xa7,0x2b,0x00,0xf7,0xd9,0x98,0x8e,0xcd,0x66,
    0xfb,0x7b,0xf2,0xed,0x9b,0xb3,0xfa,0xdd,0xdf,0x5c,0xd4,0x9f,0x7e,0xeb,0xa0,0xfe,
    0xec,0x3b,0x07,0xf5,0xca,0x57,0x7c,0xe9,0xb7,0xe0,0xfc,0xca,0xff,0xdf,0x7f,0x76,
    0x52,0x3f,0x7c,0xef,0xb8,0xfe,0xf3,0x67,0xa7,0xb5,0x5a,0x56,0x1d,0x2c,0x67,0xb5,
    0x5a,0x0e,0xb5,0x5a,0xfa,0xf2,0xef,0x8d,0x00,0x00,0xf6,0x6e,0x18,0xb6,0xb7,0xfd,
    0x3f,0x3c,0xdc,0xd4,0xb7,0xbf,0x71,0xa3,0xfe,0xf6,0x2f,0xee,0xd4,0x1b,0x77,0x97,
    0xf5,0xd2,0x6d,0x43,0xa5,0x56,0x9c,0x5f,0xf9,0xff,0xcb,0xbb,0xc7,0xf5,0xcb,0xff,
    0xd9,0xd4,0xaf,0xff,0xda,0xac,0x66,0xb3,0xaa,0xd9,0xe0,0xf4,0x7f,0xaf,0x04,0x00,
    0xb0,0x57,0xe7,0x57,0xfe,0x07,0xcb,0xa1,0xbe,0xf5,0xfa,0x8d,0xed,0x95,0xff,0x1f,
    0xac,0xea,0xe5,0xaf,0xf8,0xf2,0x6f,0xc1,0xe7,0xaf,0xfc,0xdf,0x7b,0xb0,0xfd,0xad,
    0xff,0xa6,0xdf,0xfa,0xbb,0x27,0x00,0x80,0xbd,0x79,0xda,0x95,0xff,0x1f,0xbb,0xf2,
    0x6f,0xca,0xe7,0xaf,0xfc,0xfd,0xd6,0x3f,0x1d,0x02,0x00,0xb8,0x56,0xe3,0x58,0xb5,
    0xde,0x54,0x6d,0xc6,0xed,0xc6,0x7f,0xe5,0xca,0xbf,0x49,0xe7,0xfb,0xfe,0x1f,0x7d,
    0xee,0xca,0xdf,0x29,0xff,0xe9,0x10,0x00,0xc0,0xb5,0x19,0x86,0xed,0x97,0xff,0xf1,
    0xe9,0x58,0xc7,0x27,0x9b,0x3a,0x3a,0xa9,0xfa,0xc3,0xbb,0xae,0xfc,0x5b,0x74,0xbe,
    0xef,0xff,0xe1,0x7b,0xae,0xfc,0xa7,0x4a,0x00,0x00,0xd7,0xe2,0x93,0x53,0xfe,0xab,
    0x59,0xdd,0x7d,0x75,0x51,0x8b,0x79,0xd5,0xf1,0xc9,0x58,0x6f,0xdc,0x5b,0xba,0xf2,
    0x6f,0xc0,0xb3,0xf6,0xfd,0xae,0xfc,0xa7,0x4b,0x00,0x00,0x3b,0xf7,0xe4,0x6f,0xfd,
    0x5f,0x7f,0x79,0x51,0x7f,0xfd,0xbd,0xdb,0xdb,0x7d,0xff,0x66,0xac,0x3b,0x37,0x67,
    0xae,0xfc,0x1b,0x60,0xdf,0x9f,0x47,0x00,0x00,0x3b,0xf5,0xf9,0x53,0xfe,0xdf,0xfd,
    0xe6,0xb2,0xbe,0xfb,0xcd,0xa5,0x7d,0x7f,0x23,0xec,0xfb,0x73,0x09,0x00,0x60,0x67,
    0xec,0xfb,0xdb,0x67,0xdf,0x9f,0x4b,0x00,0x00,0x3b,0x61,0xdf,0xdf,0x36,0xfb,0x7e,
    0x04,0x00,0x70,0xe5,0xec,0xfb,0xdb,0x67,0xdf,0x8f,0x00,0x00,0xae,0x84,0x7d,0x7f,
    0x1f,0xec,0xfb,0x39,0x27,0x00,0x80,0x17,0x66,0xdf,0xdf,0x0f,0xfb,0x7e,0xce,0x09,
    0x00,0xe0,0x85,0xd8,0xf7,0xb7,0xcd,0xbe,0x9f,0x67,0x11,0x00,0xc0,0x73,0xb3,0xef,
    0x6f,0x9f,0x7d,0x3f,0xcf,0x22,0x00,0x80,0xe7,0x62,0xdf,0xdf,0x36,0xfb,0x7e,0xbe,
    0x8c,0x00,0x00,0x2e,0xcd,0xbe,0xbf,0x7d,0xf6,0xfd,0x7c,0x19,0x01,0x00,0x5c,0x8a,
    0x7d,0x7f,0xdb,0xec,0xfb,0xb9,0x28,0x01,0x00,0x5c,0x98,0x7d,0x7f,0xfb,0xec,0xfb,
    0xb9,0x28,0x01,0x00,0x7c,0x21,0xfb,0xfe,0x3e,0xd8,0xf7,0x73,0x59,0x02,0x00,0x78,
    0x26,0xfb,0xfe,0x7e,0xd8,0xf7,0x73,0x59,0x02,0x00,0x78,0x2a,0xfb,0xfe,0xb6,0xd9,
    0xf7,0xf3,0xa2,0x04,0x00,0xf0,0xff,0xd8,0xf7,0xb7,0xcf,0xbe,0x9f,0x17,0x25,0x00,
    0x80,0xcf,0xb0,0xef,0x6f,0x9b,0x7d,0x3f,0x57,0x45,0x00,0x00,0x9f,0xb0,0xef,0x6f,
    0x9f,0x7d,0x3f,0x57,0x45,0x00,0x00,0x55,0x65,0xdf,0xdf,0x3a,0xfb,0x7e,0xae,0x9a,
    0x00,0x00,0xec,0xfb,0x3b,0x60,0xdf,0xcf,0x55,0x13,0x00,0x10,0xca,0xbe,0xbf,0x0f,
    0xf6,0xfd,0xec,0x8a,0x00,0x80,0x40,0xf6,0xfd,0xfd,0xb0,0xef,0x67,0x57,0x04,0x00,
    0x84,0xb1,0xef,0x6f,0x9b,0x7d,0x3f,0xd7,0x45,0x00,0x40,0x10,0xfb,0xfe,0xf6,0xd9,
    0xf7,0x73,0x5d,0x04,0x00,0x84,0xb0,0xef,0x6f,0x9b,0x7d,0x3f,0xd7,0x4d,0x00,0x40,
    0x00,0xfb,0xfe,0xf6,0xd9,0xf7,0x73,0xdd,0x04,0x00,0x4c,0x94,0x53,0xfe,0x7d,0x78,
    0xd6,0x29,0x7f,0xfb,0x7e,0x76,0x4d,0x00,0xc0,0x04,0x39,0xe5,0xdf,0x0f,0xa7,0xfc,
    0xd9,0x17,0x01,0x00,0x13,0xe3,0x94,0x7f,0xdb,0x9c,0xf2,0xa7,0x15,0x02,0x00,0x26,
    0xc4,0x29,0xff,0xf6,0x39,0xe5,0x4f,0x2b,0x04,0x00,0x4c,0x84,0x53,0xfe,0x6d,0x73,
    0xca,0x9f,0xd6,0x08,0x00,0x98,0x00,0xa7,0xfc,0xdb,0xe7,0x94,0x3f,0xad,0x11,0x00,
    0xd0,0x39,0x4f,0xf1,0x6b,0x9b,0xa7,0xf8,0xd1,0x2a,0x01,0x00,0x1d,0xf3,0x14,0xbf,
    0xf6,0x79,0x8a,0x1f,0xad,0x12,0x00,0xd0,0x19,0xfb,0xfe,0x3e,0x78,0x8a,0x1f,0xad,
    0x13,0x00,0xd0,0x11,0xfb,0xfe,0x7e,0xd8,0xf7,0xd3,0x3a,0x01,0x00,0x9d,0xb0,0xef,
    0x6f,0x9b,0x7d,0x3f,0xbd,0x11,0x00,0xd0,0x01,0xfb,0xfe,0xf6,0xd9,0xf7,0xd3,0x1b,
    0x01,0x00,0x8d,0xb3,0xef,0x6f,0x9b,0x7d,0x3f,0xbd,0x12,0x00,0xd0,0x30,0xfb,0xfe,
    0xf6,0xd9,0xf7,0xd3,0x2b,0x01,0x00,0x8d,0xb2,0xef,0x6f,0x9b,0x7d,0x3f,0xbd,0x13,
    0x00,0xd0,0x20,0xfb,0xfe,0xf6,0xd9,0xf7,0xd3,0x3b,0x01,0x00,0x8d,0xb0,0xef,0xef,
    0x83,0x7d,0x3f,0x53,0x21,0x00,0xa0,0x01,0xf6,0xfd,0xfd,0xb0,0xef,0x67,0x2a,0x04,
    0x00,0xec,0x99,0x7d,0x7f,0xdb,0xec,0xfb,0x99,0x2a,0x01,0x00,0x7b,0x64,0xdf,0xdf,
    0x3e,0xfb,0x7e,0xa6,0x4a,0x00,0xc0,0x9e,0xd8,0xf7,0xb7,0xcd,0xbe,0x9f,0xa9,0x13,
    0x00,0xb0,0x07,0xf6,0xfd,0xed,0xb3,0xef,0x67,0xea,0x04,0x00,0x5c,0x33,0xfb,0xfe,
    0xb6,0xd9,0xf7,0x93,0x42,0x00,0xc0,0x35,0xb2,0xef,0x6f,0x9f,0x7d,0x3f,0x29,0x04,
    0x00,0xec,0x98,0x7d,0x7f,0x1f,0xec,0xfb,0x49,0x23,0x00,0x60,0x87,0xec,0xfb,0xfb,
    0x61,0xdf,0x4f,0x1a,0x01,0x00,0x3b,0x62,0xdf,0xdf,0x36,0xfb,0x7e,0xd2,0x09,0x00,
    0xd8,0x01,0xfb,0xfe,0xf6,0xd9,0xf7,0x93,0x4e,0x00,0xc0,0x15,0xb3,0xef,0x6f,0x9b,
    0x7d,0x3f,0x6c,0x09,0x00,0xb8,0x42,0xf6,0xfd,0xed,0xb3,0xef,0x87,0x2d,0x01,0x00,
    0x57,0xc4,0xbe,0xbf,0x6d,0xf6,0xfd,0xf0,0x59,0x02,0x00,0xae,0x80,0x7d,0x7f,0xfb,
    0xec,0xfb,0xe1,0xb3,0x04,0x00,0x3c,0x27,0xfb,0xfe,0x3e,0xd8,0xf7,0xc3,0xd3,0x09,
    0x00,0x78,0x0e,0xf6,0xfd,0xfd,0xb0,0xef,0x87,0xa7,0x13,0x00,0x70,0x49,0xf6,0xfd,
    0x6d,0xb3,0xef,0x87,0x8b,0x11,0x00,0x70,0x09,0xf6,0xfd,0xed,0xb3,0xef,0x87,0x8b,
    0x11,0x00,0x70,0x41,0xf6,0xfd,0x6d,0xb3,0xef,0x87,0xcb,0x11,0x00,0x70,0x01,0xf6,
    0xfd,0xed,0xb3,0xef,0x87,0xcb,0x11,0x00,0xf0,0x0c,0x4e,0xf9,0xf7,0xe1,0x59,0xa7,
    0xfc,0xed,0xfb,0xe1,0x8b,0x09,0x00,0x78,0x0a,0xa7,0xfc,0xfb,0xe1,0x94,0x3f,0x3c,
    0x1f,0x01,0x00,0x9f,0xe3,0x94,0x7f,0xdb,0x9c,0xf2,0x87,0xab,0x21,0x00,0xe0,0x09,
    0x4e,0xf9,0xb7,0xcf,0x29,0x7f,0xb8,0x1a,0x02,0x00,0x3e,0xe6,0x94,0x7f,0xdb,0x9c,
    0xf2,0x87,0xab,0x25,0x00,0xa0,0x9c,0xf2,0xef,0x81,0x53,0xfe,0x70,0xb5,0x04,0x00,
    0xf1,0x3c,0xc5,0xaf,0x6d,0x9e,0xe2,0x07,0xbb,0x21,0x00,0x88,0xe6,0x29,0x7e,0xed,
    0xf3,0x14,0x3f,0xd8,0x0d,0x01,0x40,0x1c,0xfb,0xfe,0x3e,0x78,0x8a,0x1f,0xec,0x96,
    0x00,0x20,0x8a,0x7d,0x7f,0x3f,0xec,0xfb,0x61,0xb7,0x04,0x00,0x31,0xec,0xfb,0xdb,
    0x66,0xdf,0x0f,0xd7,0x4b,0x00,0x10,0xc1,0xbe,0xbf,0x7d,0xf6,0xfd,0x70,0xbd,0x04,
    0x00,0x93,0x67,0xdf,0xdf,0x36,0xfb,0x7e,0xd8,0x0f,0x01,0xc0,0xa4,0xd9,0xf7,0xb7,
    0xcf,0xbe,0x1f,0xf6,0x43,0x00,0x30,0x59,0xf6,0xfd,0x6d,0xb3,0xef,0x87,0xfd,0x12,
    0x00,0x4c,0x92,0x7d,0x7f,0xfb,0xec,0xfb,0x61,0xbf,0x04,0x00,0x93,0x61,0xdf,0xdf,
    0x07,0xfb,0x7e,0x68,0x83,0x00,0x60,0x12,0xec,0xfb,0xfb,0x61,0xdf,0x0f,0x6d,0x10,
    0x00,0x74,0xcf,0xbe,0xbf,0x6d,0xf6,0xfd,0xd0,0x26,0x01,0x40,0xd7,0xec,0xfb,0xdb,
    0x67,0xdf,0x0f,0x6d,0x12,0x00,0x74,0xcb,0xbe,0xbf,0x6d,0xf6,0xfd,0xd0,0x36,0x01,
    0x40,0x97,0xec,0xfb,0xdb,0x67,0xdf,0x0f,0x6d,0x13,0x00,0x74,0xc7,0xbe,0xbf,0x6d,
    0xf6,0xfd,0xd0,0x07,0x01,0x40,0x57,0xec,0xfb,0xdb,0x67,0xdf,0x0f,0x7d,0x10,0x00,
    0x34,0xcf,0xbe,0xbf,0x0f,0xf6,0xfd,0xd0,0x17,0x01,0x40,0xd3,0xec,0xfb,0xfb,0x61,
    0xdf,0x0f,0x7d,0x11,0x00,0x34,0xcb,0xbe,0xbf,0x6d,0xf6,0xfd,0xd0,0x37,0x01,0x40,
    0x93,0xec,0xfb,0xdb,0x67,0xdf,0x0f,0x7d,0x13,0x00,0x34,0xc7,0xbe,0xbf,0x6d,0xf6,
    0xfd,0x30,0x0d,0x02,0x80,0xa6,0xd8,0xf7,0xb7,0xcf,0xbe,0x1f,0xa6,0x41,0x00,0xd0,
    0x0c,0xfb,0xfe,0xb6,0xd9,0xf7,0xc3,0xb4,0x08,0x00,0x9a,0x60,0xdf,0xdf,0x3e,0xfb,
    0x7e,0x98,0x16,0x01,0xc0,0xde,0xd8,0xf7,0xf7,0xc1,0xbe,0x1f,0xa6,0x49,0x00,0xb0,
    0x17,0xf6,0xfd,0xfd,0xb0,0xef,0x87,0x69,0x12,0x00,0x5c,0x3b,0xfb,0xfe,0xb6,0xd9,
    0xf7,0x43,0x06,0x01,0xc0,0xb5,0xb2,0xef,0x6f,0x9f,0x7d,0x3f,0x64,0x10,0x00,0x5c,
    0x1b,0xfb,0xfe,0xb6,0xd9,0xf7,0x43,0x16,0x01,0xc0,0xb5,0xb0,0xef,0x6f,0x9f,0x7d,
    0x3f,0x64,0x11,0x00,0xec,0x8c,0x53,0xfe,0x7d,0x78,0xd6,0x29,0x7f,0xfb,0x7e,0x98,
    0x36,0x01,0xc0,0x4e,0x38,0xe5,0xdf,0x0f,0xa7,0xfc,0x21,0x93,0x00,0xe0,0xca,0x39,
    0xe5,0xdf,0x36,0xa7,0xfc,0x81,0x2a,0x01,0xc0,0x15,0x73,0xca,0xbf,0x7d,0x4e,0xf9,
    0x03,0x55,0x02,0x80,0x2b,0xe4,0x94,0x7f,0xdb,0x9c,0xf2,0x07,0x9e,0x24,0x00,0xb8,
    0x12,0x4e,0xf9,0xb7,0xcf,0x29,0x7f,0xe0,0x49,0x02,0x80,0x17,0xe6,0x29,0x7e,0x6d,
    0xf3,0x14,0x3f,0xe0,0x69,0x04,0x00,0x2f,0xc4,0x53,0xfc,0xda,0xe7,0x29,0x7e,0xc0,
    0xd3,0x08,0x00,0x2e,0xcd,0xbe,0xbf,0x0f,0x9e,0xe2,0x07,0x7c,0x11,0x01,0xc0,0xa5,
    0xd8,0xf7,0xf7,0xc3,0xbe,0x1f,0xf8,0x22,0x02,0x80,0x0b,0xb3,0xef,0x6f,0x9b,0x7d,
    0x3f,0x70,0x19,0x02,0x80,0x0b,0xb1,0xef,0x6f,0x9f,0x7d,0x3f,0x70,0x19,0x02,0x80,
    0x2f,0x65,0xdf,0xdf,0x36,0xfb,0x7e,0xe0,0x79,0x08,0x00,0xbe,0x90,0x7d,0x7f,0xfb,
    0xec,0xfb,0x81,0xe7,0x21,0x00,0x78,0x26,0xfb,0xfe,0xb6,0xd9,0xf7,0x03,0x2f,0x42,
    0x00,0xf0,0x54,0xf6,0xfd,0xed,0xb3,0xef,0x07,0x5e,0x84,0x00,0xe0,0x13,0xf6,0xfd,
    0x7d,0xb0,0xef,0x07,0xae,0x82,0x00,0xa0,0xaa,0xec,0xfb,0x7b,0x62,0xdf,0x0f,0x5c,
    0x05,0x01,0x80,0x7d,0x7f,0xe3,0xec,0xfb,0x81,0x5d,0x10,0x00,0xe1,0xec,0xfb,0xdb,
    0x67,0xdf,0x0f,0xec,0x82,0x00,0x08,0x66,0xdf,0xdf,0x36,0xfb,0x7e,0x60,0x97,0x04,
    0x40,0x28,0xfb,0xfe,0xf6,0xd9,0xf7,0x03,0xbb,0x24,0x00,0x02,0xd9,0xf7,0xb7,0xcd,
    0xbe,0x1f,0xb8,0x0e,0x02,0x20,0x8c,0x7d,0x7f,0xfb,0xec,0xfb,0x81,0xeb,0x20,0x00,
    0x02,0xd8,0xf7,0xf7,0xc1,0xbe,0x1f,0xb8,0x4e,0x02,0x60,0xe2,0xec,0xfb,0xfb,0x61,
    0xdf,0x0f,0x5c,0x27,0x01,0x30,0x61,0xf6,0xfd,0x6d,0xb3,0xef,0x07,0xf6,0x49,0x00,
    0x4c,0x94,0x7d,0x7f,0xfb,0xec,0xfb,0x81,0x7d,0x12,0x00,0x13,0x64,0xdf,0xdf,0x36,
    0xfb,0x7e,0xa0,0x05,0x02,0x60,0x62,0xec,0xfb,0xdb,0x67,0xdf,0x0f,0xb4,0x40,0x00,
    0x4c,0x88,0x7d,0x7f,0xdb,0xec,0xfb,0x81,0x96,0x08,0x80,0x89,0xb0,0xef,0x6f,0x9f,
    0x7d,0x3f,0xd0,0x12,0x01,0xd0,0x31,0xfb,0xfe,0x3e,0xd8,0xf7,0x03,0x2d,0x12,0x00,
    0x9d,0xb2,0xef,0xef,0x87,0x7d,0x3f,0xd0,0x22,0x01,0xd0,0x21,0xfb,0xfe,0xb6,0x7d,
    0x74,0x3c,0xd6,0xfb,0xff,0x7d,0x56,0xbf,0xfa,0x68,0xac,0xd9,0x50,0xf5,0xf3,0x87,
    0x67,0xf5,0xcf,0xef,0x1c,0xd7,0x8f,0xef,0x9f,0x6c,0xaf,0xfc,0x97,0xb3,0xda,0x8c,
    0x63,0xad,0xcf,0xf6,0xfd,0x4a,0xe1,0xea,0x0c,0xc3,0x50,0xf3,0xd9,0xf6,0xe2,0x84,
    0x3e,0x08,0x80,0xce,0xd8,0xf7,0xb7,0xef,0xfd,0x5f,0xae,0xeb,0xef,0xff,0xe1,0xb0,
    0xfe,0xe3,0xa7,0x27,0x75,0xb0,0xac,0x3a,0x5d,0x6f,0xff,0xdd,0xc1,0x8d,0xed,0xd6,
    0xff,0x7f,0x8f,0x37,0xdb,0xff,0xd0,0x1d,0x00,0x26,0x64,0x3e,0xdf,0xfe,0x0c,0xb9,
    0x98,0x59,0xb2,0xf4,0x42,0x00,0x74,0xe4,0xfc,0x37,0xff,0x5b,0x37,0x87,0x7a,0xed,
    0x15,0xfb,0xfe,0x5e,0xdc,0xb9,0x39,0xab,0x37,0xee,0xce,0x6b,0x31,0xff,0xf8,0x3b,
    0xdf,0x87,0x23,0x13,0x74,0x74,0x32,0xd6,0xc3,0x47,0xeb,0x7a,0x7c,0xb4,0xbd,0xf3,
    0xe5,0x4e,0x40,0xfb,0x04,0x40,0x47,0xd6,0x9b,0xb1,0x8e,0x4f,0xc6,0xba,0xfb,0xb5,
    0x65,0xfd,0xd5,0xf7,0x6e,0xd5,0x77,0xbe,0xe1,0xb7,0xfe,0x16,0xbd,0xf6,0xd5,0x79,
    0xbd,0xf9,0xfd,0xdb,0x9f,0xfc,0x04,0x30,0x9b,0x55,0xcd,0x67,0x1f,0x6f,0xfc,0xf7,
    0xfd,0xe2,0x60,0x47,0x1e,0x7c,0x70,0x56,0x6f,0xbd,0x7d,0x58,0xef,0xdc,0xdf,0xfe,
    0x9f,0x2d,0x17,0x73,0x05,0xd0,0x3a,0x01,0xd0,0x91,0x71,0xdc,0x6e,0xc9,0x6f,0xdf,
    0x1c,0xea,0x8d,0x7b,0x07,0xf5,0xdb,0xaf,0xb8,0xf2,0x6f,0xd1,0xcd,0x83,0xa1,0xee,
    0xbd,0x76,0x63,0xdf,0x2f,0x03,0xae,0xd5,0xad,0xd5,0x50,0xb7,0x56,0xdb,0x9f,0xb9,
    0x96,0x4a,0xb7,0x0b,0x2e,0x1f,0x3b,0x33,0x0c,0x55,0x9b,0x71,0x7b,0xbb,0x0d,0xa0,
    0x15,0xc7,0xa7,0x63,0x6d,0x46,0xb7,0xfe,0x7b,0x22,0x00,0x3a,0xb4,0xbd,0x13,0x20,
    0x00,0x80,0x76,0x9c,0xad,0x1d,0xfe,0xeb,0x8d,0x00,0x00,0x80,0x40,0x02,0x00,0x00,
    0x02,0x09,0x00,0x00,0x08,0x24,0x00,0x00,0x20,0x90,0x00,0x00,0x80,0x40,0x02,0x00,
    0x00,0x02,0x09,0x00,0x00,0x08,0x24,0x00,0x00,0x20,0x90,0x00,0x00,0x80,0x40,0x02,
    0x00,0x00,0x02,0x09,0x00,0x00,0x08,0x24,0x00,0x00,0x20,0x90,0x00,0x00,0x80,0x40,
    0x02,0x00,0x00,0x02,0x09,0x00,0x00,0x08,0x24,0x00,0x00,0x20,0x90,0x00,0x00,0x80,
    0x40,0x02,0x00,0x00,0x02,0x09,0x00,0x00,0x08,0x24,0x00,0x00,0x20,0x90,0x00,0x00,
    0x80,0x40,0x02,0x00,0x00,0x02,0x09,0x00,0x00,0x08,0x24,0x00,0x00,0x20,0x90,0x00,
    0x00,0x80,0x40,0x02,0x00,0x00,0x02,0x09,0x00,0x00,0x08,0x24,0x00,0x00,0x20,0x90,
    0x00,0x00,0x80,0x40,0x02,0x00,0x00,0x02,0x09,0x00,0x00,0x08,0x24,0x00,0x00,0x20,
    0x90,0x00,0x00,0x80,0x40,0x02,0x00,0x00,0x02,0x09,0x00,0x00,0x08,0x24,0x00,0x00,
    0x20,0x90,0x00,0x00,0x80,0x40,0x02,0x00,0x00,0x02,0x09,0x00,0x00,0x08,0x24,0x00,
    0x00,0x20,0x90,0x00,0x00,0x80,0x40,0x02,0x00,0x00,0x02,0x09,0x00,0x00,0x08,0x24,
    0x00,0x00,0x20,0x90,0x00,0x00,0x80,0x40,0x02,0x00,0x00,0x02,0x09,0x00,0x00,0x08,
    0x24,0x00,0x00,0x20,0x90,0x00,0x00,0x80,0x40,0x02,0x00,0x00,0x02,0x09,0x00,0x00,
    0x08,0x24,0x00,0x00,0x20,0x90,0x00,0x00,0x80,0x40,0x02,0x00,0x00,0x02,0x09,0x00,
    0x00,0x08,0x24,0x00,0x00,0x20,0x90,0x00,0x00,0x80,0x40,0x02,0x00,0x00,0x02,0x09,
    0x00,0x00,0x08,0x24,0x00,0x00,0x20,0x90,0x00,0x00,0x80,0x40,0x02,0x00,0x00,0x02,
    0x09,0x00,0x00,0x08,0x24,0x00,0x00,0x20,0x90,0x00,0x00,0x80,0x40,0x02,0xa0,0x43,
    0xc3,0x50,0xb5,0x98,0xef,0xfb,0x55,0x00,0x7c,0x6a,0x31,0xdf,0x7e,0x36,0xd1,0x0f,
    0x01,0xd0,0x99,0x71,0xac,0x9a,0x0d,0x55,0x07,0x37,0xbc,0xd3,0x80,0x76,0x1c,0xdc,
    0x18,0x6a,0x36,0x6c,0x3f,0xa3,0xe8,0xc3,0x62,0xdf,0x2f,0x80,0x8b,0x3b,0xbf,0xf2,
    0x7f,0x7c,0x34,0xd6,0xbb,0x0f,0x4e,0xeb,0xf1,0x91,0x77,0x1a,0xd0,0x86,0x07,0x1f,
    0x9c,0xd5,0xe3,0xa3,0xd1,0x9d,0x80,0x8e,0x08,0x80,0x8e,0xcc,0x67,0x43,0xad,0x0e,
    0x86,0x7a,0xf8,0x68,0x5d,0x6f,0xbd,0x7d,0x58,0xab,0xa5,0x77,0x19,0xd0,0x86,0xa3,
    0x93,0xb1,0x1e,0x3e,0x5a,0xd7,0xea,0x60,0x56,0x33,0x1f,0x4d,0x5d,0x10,0x00,0x1d,
    0x19,0x86,0xaa,0xc5,0x6c,0x7b,0x07,0xe0,0x9d,0x07,0xa7,0xb5,0x5e,0xbb,0x03,0x00,
    0xb4,0x61,0x3e,0x1f,0x6a,0xb5,0x1c,0x6a,0x31,0xf7,0x33,0x40,0x2f,0x04,0x40,0x67,
    0x9e,0x3c,0x03,0x30,0xfa,0xeb,0x01,0x8d,0x18,0x06,0x67,0x00,0x7a,0xe3,0x2b,0xa4,
    0x43,0x9f,0xae,0x00,0xdc,0x67,0x03,0xe0,0xf9,0x58,0x01,0x00,0x40,0x20,0x01,0x00,
    0x00,0x81,0x04,0x00,0x00,0x04,0x12,0x00,0x00,0x10,0x48,0x00,0x00,0x40,0x20,0x01,
    0x00,0x00,0x81,0x04,0x00,0x00,0x04,0x12,0x00,0x00,0x10,0x48,0x00,0x00,0x40,0x20,
    0x01,0x00,0x00,0x81,0x04,0x00,0x00,0x04,0x12,0x00,0x00,0x10,0x48,0x00,0x00,0x40,
    0x20,0x01,0x00,0x00,0x81,0x04,0x00,0x00,0x04,0x12,0x00,0x00,0x10,0x48,0x00,0x00,
    0x40,0x20,0x01,0x00,0x00,0x81,0x04,0x00,0x00,0x04,0x12,0x00,0x00,0x10,0x48,0x00,
    0x00,0x40,0x20,0x01,0x00,0x00,0x81,0x04,0x00,0x00,0x04,0x12,0x00,0x00,0x10,0x48,
    0x00,0x00,0x40,0x20,0x01,0x00,0x00,0x81,0x04,0x00,0x00,0x04,0x12,0x00,0x00,0x10,
    0x48,0x00,0x00,0x40,0x20,0x01,0x00,0x00,0x81,0x04,0x00,0x00,0x04,0x12,0x00,0x00,
    0x10,0x48,0x00,0x00,0x40,0x20,0x01,0x00,0x00,0x81,0x04,0x00,0x00,0x04,0x12,0x00,
    0x00,0x10,0x48,0x00,0x00,0x40,0x20,0x01,0x00,0x00,0x81,0x04,0x00,0x00,0x04,0x12,
    0x00,0x00,0x10,0x48,0x00,0x00,0x40,0x20,0x01,0x00,0x00,0x81,0x04,0x00,0x00,0x04,
    0x12,0x00,0x00,0x10,0x48,0x00,0x00,0x40,0x20,0x01,0x00,0x00,0x81,0x04,0x00,0x00,
    0x04,0x12,0x00,0x00,0x10,0x48,0x00,0x00,0x40,0x20,0x01,0x00,0x00,0x81,0x04,0x00,
    0x00,0x04,0x12,0x00,0x00,0x10,0x48,0x00,0x00,0x40,0x20,0x01,0x00,0x00,0x81,0x04,
    0x00,0x00,0x04,0x12,0x00,0x00,0x10,0x48,0x00,0x00,0x40,0x20,0x01,0x00,0x00,0x81,
    0x04,0x00,0x00,0x04,0x12,0x00,0x00,0x10,0x48,0x00,0x00,0x40,0x20,0x01,0x00,0x00,
    0x81,0x04,0x00,0x00,0x04,0x12,0x00,0x00,0x10,0x48,0x00,0x00,0x40,0x20,0x01,0x00,
    0x00,0x81,0x04,0x00,0x00,0x04,0x12,0x00,0x00,0x10,0x48,0x00,0x00,0x40,0x20,0x01,
    0x00,0x00,0x81,0x04,0x00,0x00,0x04,0x12,0x00,0x00,0x10,0x48,0x00,0x00,0x40,0x20,
    0x01,0x00,0x00,0x81,0x04,0x00,0x00,0x04,0x12,0x00,0x00,0x10,0x48,0x00,0x00,0x40,
    0x20,0x01,0x00,0x00,0x81,0x04,0x00,0x00,0x04,0x12,0x00,0x00,0x10,0x48,0x00,0x00,
    0x40,0x20,0x01,0x00,0x00,0x81,0x04,0x00,0x00,0x04,0x12,0x00,0x00,0x10,0x48,0x00,
    0x00,0x40,0x20,0x01,0x00,0x00,0x81,0x04,0x00,0x00,0x04,0x12,0x00,0x00,0x10,0x48,
    0x00,0x00,0x40,0x20,0x01,0x00,0x00,0x81,0x04,0x00,0x00,0x04,0x12,0x00,0x00,0x10,
    0x48,0x00,0x00,0x40,0x20,0x01,0x00,0x00,0x81,0x04,0x00,0x00,0x04,0x12,0x00,0x00,
    0x10,0x48,0x00,0x00,0x40,0x20,0x01,0x00,0x00,0x81,0x04,0x00,0x00,0x04,0x12,0x00,
    0x00,0x10,0x48,0x00,0x00,0x40,0x20,0x01,0x00,0x00,0x81,0x04,0x00,0x00,0x04,0x12,
    0x00,0x00,0x10,0xe8,0xff,0x00,0xfc,0x14,0x80,0x94,0x20,0x03,0x61,0xe6,0x00,0x00,
    0x00,0x00,0x49,0x45,0x4e,0x44,0xae,0x42,0x60,0x82,0x69,0x63,0x31,0x30,0x00,0x00,
    0x58,0x18,0x89,0x50,0x4e,0x47,0x0d,0x0a,0x1a,0x0a,0x00,0x00,0x00,0x0d,0x49,0x48,
    0x44,0x52,0x00,0x00,0x04,0x00,0x00,0x00,0x04,0x00,0x08,0x06,0x00,0x00,0x00,0x7f,
    0x1d,0x2b,0x83,0x00,0x00,0x57,0xd7,0x49,0x44,0x41,0x54,0x78,0x9c,0xed,0xfd,0x6d,
    0x73,0x14,0x67,0xe2,0xf6,0x69,0x9e,0x57,0x66,0x3d,0x48,0x65,0xb0,0x78,0x10,0xd8,
    0xc6,0xe0,0xe9,0x9d,0xb1,0x99,0xee,0xe8,0xd9,0x88,0xe9,0xed,0x88,0xfd,0x4e,0xfb,
    0x69,0xf7,0xc5,0xc6,0x46,0x74,0xdb,0x3d,0xb3,0x3b,0xcd,0xc3,0x60,0x10,0x08,0x2c,
    0x96,0x07,0xa9,0x32,0x73,0x5f,0x64,0x09,0x15,0xa2,0x25,0xa0,0x0d,0x06,0x74,0x1d,
    0x47,0x84,0x6e,0x97,0x40,0xff,0x3b,0x78,0xd5,0xaa,0xeb,0xac,0xfc,0x65,0x96,0xff,
    0xfb,0xff,0xe3,0xee,0x10,0x00,0x00,0x00,0xe0,0x4c,0x6b,0x3e,0xf5,0x3f,0x00,0x00,
    0x00,0x00,0xf8,0xf8,0x0c,0x00,0x00,0x00,0x00,0x50,0x01,0x03,0x00,0x00,0x00,0x00,
    0x54,0xc0,0x00,0x00,0x00,0x00,0x00,0x15,0x30,0x00,0x00,0x00,0x00,0x40,0x05,0x0c,
    0x00,0x00,0x00,0x00,0x50,0x01,0x03,0x00,0x00,0x00,0x00,0x54,0xc0,0x00,0x00,0x00,
    0x00,0x00,0x15,0x30,0x00,0x00,0x00,0x00,0x40,0x05,0x0c,0x00,0x00,0x00,0x00,0x50,
    0x01,0x03,0x00,0x00,0x00,0x00,0x54,0xc0,0x00,0x00,0x00,0x00,0x00,0x15,0x30,0x00,
    0x00,0x00,0x00,0x40,0x05,0x0c,0x00,0x00,0x00,0x00,0x50,0x01,0x03,0x00,0x00,0x00,
    0x00,0x54,0xc0,0x00,0x00,0x00,0x00,0x00,0x15,0x30,0x00,0x00,0x00,0x00,0x40,0x05,
    0x0c,0x00,0x00,0x00,0x00,0x50,0x01,0x03,0x00,0x00,0x00,0x00,0x54,0xc0,0x00,0x00,
    0x00,0x00,0x00,0x15,0x30,0x00,0x00,0x00,0x00,0x40,0x05,0x0c,0x00,0x00,0x00,0x00,
    0x50,0x01,0x03,0x00,0x00,0x00,0x00,0x54,0xc0,0x00,0x00,0x00,0x00,0x00,0x15,0x30,
    0x00,0x00,0x00,0x00,0x40,0x05,0x0c,0x00,0x00,0x00,0x00,0x50,0x01,0x03,0x00,0x00,
    0x00,0x00,0x54,0xc0,0x00,0x00,0x00,0x00,0x00,0x15,0x30,0x00,0x00,0x00,0x00,0x40,
    0x05,0x0c,0x00,0x00,0x00,0x00,0x50,0x01,0x03,0x00,0x00,0x00,0x00,0x54,0xc0,0x00,
    0x00,0x00,0x00,0x00,0x15,0x30,0x00,0x00,0x00,0x00,0x40,0x05,0x0c,0x00,0x00,0x00,
    0x00,0x50,0x01,0x03,0x00,0x00,0x00,0x00,0x54,0xc0,0x00,0x00,0x00,0x00,0x00,0x15,
    0x30,0x00,0x00,0x00,0x00,0x40,0x05,0x0c,0x00,0x00,0x00,0x00,0x50,0x01,0x03,0x00,
    0x00,0x00,0x00,0x54,0xc0,0x00,0x00,0x00,0x00,0x00,0x15,0x30,0x00,0x00,0x00,0x00,
    0x40,0x05,0x0c,0x00,0x00,0x00,0x00,0x50,0x01,0x03,0x00,0x00,0x00,0x00,0x54,0xc0,
    0x00,0x00,0x00,0x00,0x00,0x15,0x30,0x00,0x00,0x00,0x00,0x40,0x05,0x0c,0x00,0x00,
    0x00,0x00,0x50,0x01,0x03,0x00,0x00,0x00,0x00,0x54,0xc0,0x00,0x00,0x00,0x00,0x00,
    0x15,0x30,0x00,0x00,0x00,0x00,0x40,0x05,0x0c,0x00,0x00,0x00,0x00,0x50,0x01,0x03,
    0x00,0x00,0x00,0x00,0x54,0xc0,0x00,0x00,0x00,0x00,0x00,0x15,0x30,0x00,0x00,0x00,
    0x00,0x40,0x05,0x0c,0x00,0x00,0x00,0x00,0x50,0x01,0x03,0x00,0x00,0x00,0x00,0x54,
    0xc0,0x00,0x00,0x00,0x00,0x00,0x15,0x30,0x00,0x00,0x00,0x00,0x40,0x05,0x0c,0x00,
    0x00,0x00,0x00,0x50,0x01,0x03,0x00,0x00,0x00,0x00,0x54,0xc0,0x00,0x00,0x00,0x00,
    0x00,0x15,0x30,0x00,0x00,0x00,0x00,0x40,0x05,0x0c,0x00,0x00,0x00,0x00,0x50,0x01,
    0x03,0x00,0x00,0x00,0x00,0x54,0xc0,0x00,0x00,0x00,0x00,0x00,0x15,0x30,0x00,0x00,
    0x00,0x00,0x40,0x05,0x0c,0x00,0x00,0x00,0x00,0x50,0x01,0x03,0x00,0x00,0x00,0x00,
    0x54,0xc0,0x00,0x00,0x00,0x00,0x00,0x15,0x30,0x00,0x00,0x00,0x00,0x40,0x05,0x0c,
    0x00,0x00,0x00,0x00,0x50,0x01,0x03,0x00,0x00,0x00,0x00,0x54,0xc0,0x00,0x00,0x00,
    0x00,0x00,0x15,0x30,0x00,0x00,0x00,0x00,0x40,0x05,0x0c,0x00,0x00,0x00,0x00,0x50,
    0x01,0x03,0x00,0x00,0x00,0x00,0x54,0xc0,0x00,0x00,0x00,0x00,0x00,0x15,0x30,0x00,
    0x00,0x00,0x00,0x40,0x05,0x0c,0x00,0x00,0x00,0x00,0x50,0x01,0x03,0x00,0x00,0x00,
    0x00,0x54,0xc0,0x00,0x00,0x00,0x00,0x00,0x15,0x30,0x00,0x00,0x00,0x00,0x40,0x05,
    0x0c,0x00,0x00,0x00,0x00,0x50,0x01,0x03,0x00,0x00,0x00,0x00,0x54,0xc0,0x00,0x00,
    0x00,0x00,0x00,0x15,0x30,0x00,0x00,0x00,0x00,0x40,0x05,0x0c,0x00,0x00,0x00,0x00,
    0x50,0x01,0x03,0x00,0x00,0x00,0x00,0x54,0xc0,0x00,0x00,0x00,0x00,0x00,0x15,0x30,
    0x00,0x00,0x00,0x00,0x40,0x05,0x0c,0x00,0x00,0x00,0x00,0x50,0x01,0x03,0x00,0x00,
    0x00,0x00,0x54,0xc0,0x00,0x00,0x00,0x00,0x00,0x15,0x30,0x00,0x00,0x00,0x00,0x40,
    0x05,0x0c,0x00,0x00,0x00,0x00,0x50,0x01,0x03,0x00,0x00,0x00,0x00,0x54,0xc0,0x00,
    0x00,0x00,0x00,0x00,0x15,0x30,0x00,0x00,0x00,0x00,0x40,0x05,0x0c,0x00,0x00,0x00,
    0x00,0x50,0x01,0x03,0x00,0x00,0x00,0x00,0x54,0xc0,0x00,0x00,0x00,0x00,0x00,0x15,
    0x30,0x00,0x00,0x00,0x00,0x40,0x05,0x0c,0x00,0x00,0x00,0x00,0x50,0x01,0x03,0x00,
    0x00,0x00,0x00,0x54,0xc0,0x00,0x00,0x00,0x00,0x00,0x15,0x30,0x00,0x00,0x00,0x00,
    0x40,0x05,0x0c,0x00,0x00,0x00,0x00,0x50,0x01,0x03,0x00,0x00,0x00,0x00,0x54,0xc0,
    0x00,0x00,0x00,0x00,0x00,0x15,0x30,0x00,0x00,0x00,0x00,0x40,0x05,0x0c,0x00,0x00,
    0x00,0x00,0x50,0x01,0x03,0x00,0x00,0x00,0x00,0x54,0xc0,0x00,0x00,0x00,0x00,0x00,
    0x15,0x30,0x00,0x00,0x00,0x00,0x40,0x05,0x0c,0x00,0x00,0x00,0x00,0x50,0x01,0x03,
    0x00,0x00,0x00,0x00,0x54,0xc0,0x00,0x00,0x00,0x00,0x00,0x15,0x30,0x00,0x00,0x00,
    0x00,0x40,0x05,0x0c,0x00,0x00,0x00,0x00,0x50,0x01,0x03,0x00,0x00,0x00,0x00,0x54,
    0xc0,0x00,0x00,0x00,0x00,0x00,0x15,0x30,0x00,0x00,0x00,0x00,0x40,0x05,0x0c,0x00,
    0x00,0x00,0x00,0x50,0x01,0x03,0x00,0x00,0x00,0x00,0x54,0xc0,0x00,0x00,0x00,0x00,
    0x00,0x15,0x30,0x00,0x00,0x00,0x00,0x40,0x05,0x0c,0x00,0x00,0x00,0x00,0x50,0x01,
    0x03,0x00,0x00,0x00,0x00,0x54,0xc0,0x00,0x00,0x00,0x00,0x00,0x15,0x30,0x00,0x00,
    0x00,0x00,0x40,0x05,0x0c,0x00,0x00,0x00,0x00,0x50,0x01,0x03,0x00,0x00,0x00,0x00,
    0x54,0xc0,0x00,0x00,0x00,0x00,0x00,0x15,0x30,0x00,0x00,0x00,0x00,0x40,0x05,0x0c,
    0x00,0x00,0x00,0x00,0x50,0x01,0x03,0x00,0x00,0x00,0x00,0x54,0xc0,0x00,0x00,0x00,
    0x00,0x00,0x15,0x30,0x00,0x00,0x00,0x00,0x40,0x05,0x0c,0x00,0x00,0x00,0x00,0x50,
    0x01,0x03,0x00,0x00,0x00,0x00,0x54,0xc0,0x00,0x00,0x00,0x00,0x00,0x15,0x30,0x00,
    0x00,0x00,0x00,0x40,0x05,0x0c,0x00,0x00,0x00,0x00,0x50,0x01,0x03,0x00,0x00,0x00,
    0x00,0x54,0xc0,0x00,0x00,0x00,0x00,0x00,0x15,0x30,0x00,0x00,0x00,0x00,0x40,0x05,
    0x0c,0x00,0x00,0x00,0x00,0x50,0x01,0x03,0x00,0x00,0x00,0x00,0x54,0xc0,0x00,0x00,
    0x00,0x00,0x00,0x15,0x30,0x00,0x00,0x00,0x00,0x40,0x05,0x0c,0x00,0x00,0x00,0x00,
    0x50,0x01,0x03,0x00,0x00,0x00,0x00,0x54,0xc0,0x00,0x00,0x00,0x00,0x00,0x15,0x30,
    0x00,0x00,0x00,0x00,0x40,0x05,0x0c,0x00,0x00,0x00,0x00,0x50,0x01,0x03,0x00,0x00,
    0x00,0x00,0x54,0xc0,0x00,0x00,0x00,0x00,0x00,0x15,0x30,0x00,0x00,0x00,0x00,0x40,
    0x05,0x0c,0x00,0x00,0x00,0x00,0x50,0x01,0x03,0x00,0x00,0x00,0x00,0x54,0xc0,0x00,
    0x00,0x00,0x00,0x00,0x15,0x30,0x00,0x00,0x00,0x00,0x40,0x05,0x0c,0x00,0x00,0x00,
    0x00,0x50,0x01,0x03,0x00,0x00,0x00,0x00,0x54,0xc0,0x00,0x00,0x00,0x00,0x00,0x15,
    0x30,0x00,0x00,0x00,0x00,0x40,0x05,0x0c,0x00,0x00,0x00,0x00,0x50,0x01,0x03,0x00,
    0x00,0x00,0x00,0x54,0xc0,0x00,0x00,0x00,0x00,0x00,0x15,0x30,0x00,0x00,0x00,0x00,
    0x40,0x05,0x0c,0x00,0x00,0x00,0x00,0x50,0x01,0x03,0x00,0x00,0x00,0x00,0x54,0xc0,
    0x00,0x00,0x00,0x00,0x00,0x15,0x30,0x00,0x00,0x00,0x00,0x40,0x05,0x0c,0x00,0x00,
    0x00,0x00,0x50,0x01,0x03,0x00,0x00,0x00,0x00,0x54,0xc0,0x00,0x00,0x00,0x00,0x00,
    0x15,0x30,0x00,0x00,0x00,0x00,0x40,0x05,0x0c,0x00,0x00,0x00,0x00,0x50,0x01,0x03,
    0x00,0x00,0x00,0x00,0x54,0xc0,0x00,0x00,0x00,0x00,0x00,0x15,0x30,0x00,0x00,0x00,
    0x00,0x40,0x05,0x0c,0x00,0x00,0x00,0x00,0x50,0x01,0x03,0x00,0x00,0x00,0x00,0x54,
    0xc0,0x00,0x00,0x00,0x00,0x00,0x15,0x30,0x00,0x00,0x00,0x00,0x40,0x05,0x0c,0x00,
    0x00,0x00,0x00,0x50,0x01,0x03,0x00,0x00,0x00,0x00,0x54,0xc0,0x00,0x00,0x00,0x00,
    0x00,0x15,0x30,0x00,0x00,0x00,0x00,0x40,0x05,0x0c,0x00,0x00,0x00,0x00,0x50,0x01,
    0x03,0x00,0x00,0x00,0x00,0x54,0xc0,0x00,0x00,0x00,0x00,0x00,0x15,0x30,0x00,0x00,
    0x00,0x00,0x40,0x05,0x0c,0x00,0x00,0x00,0x00,0x50,0x01,0x03,0x00,0x00,0x00,0x00,
    0x54,0xc0,0x00,0x00,0x00,0x00,0x00,0x15,0x30,0x00,0x00,0x00,0x00,0x40,0x05,0x0c,
    0x00,0x00,0x00,0x00,0x50,0x01,0x03,0x00,0x00,0x00,0x00,0x54,0xc0,0x00,0x00,0x00,
    0x00,0x00,0x15,0x30,0x00,0x00,0x00,0x00,0x40,0x05,0x0c,0x00,0x00,0x00,0x00,0x50,
    0x01,0x03,0x00,0x00,0x00,0x00,0x54,0xc0,0x00,0x00,0x00,0x00,0x00,0x15,0x30,0x00,
    0x00,0x00,0x00,0x40,0x05,0x0c,0x00,0x00,0x00,0x00,0x50,0x01,0x03,0x00,0x00,0x00,
    0x00,0x54,0xc0,0x00,0x00,0x00,0x00,0x00,0x15,0x30,0x00,0x00,0x00,0x00,0x40,0x05,
    0x0c,0x00,0x00,0x00,0x00,0x50,0x01,0x03,0x00,0x00,0x00,0x00,0x54,0xc0,0x00,0x00,
    0x00,0x00,0x00,0x15,0x30,0x00,0x00,0x00,0x00,0x40,0x05,0x26,0x9f,0xfa,0x1f,0x00,
    0x35,0x19,0x86,0x4f,0xfd,0x2f,0x00,0x00,0xf8,0xbc,0x95,0xf2,0xa9,0xff,0x05,0x70,
    0x76,0x19,0x00,0xe0,0x23,0x2a,0x49,0x86,0x8c,0x07,0xff,0x7e,0x48,0xba,0x7e,0x48,
    0xdf,0x1b,0x02,0x00,0x00,0x8e,0x2b,0x25,0x69,0x9a,0xa4,0x6d,0x4a,0x9a,0x32,0x7e,
    0x7f,0xf8,0x5e,0x0a,0xf8,0x30,0x0c,0x00,0xf0,0x91,0x1c,0xae,0xd7,0x25,0xab,0x01,
    0xa0,0x1f,0xb2,0xec,0x92,0xae,0x1b,0xd2,0xfb,0x4d,0x06,0x00,0xf0,0x9a,0xa6,0x24,
    0x6d,0x5b,0x52,0x32,0xa4,0x69,0xcb,0x1b,0xef,0xa5,0x80,0xdf,0xcf,0x00,0x00,0x1f,
    0xc9,0x30,0x8c,0x23,0xc0,0xe1,0x2f,0xac,0xa6,0x29,0x99,0x0c,0x43,0xc6,0x5f,0x6b,
    0x00,0x00,0xac,0x2b,0x49,0xda,0x66,0x7c,0xcf,0x94,0xbc,0xf9,0x5e,0x0a,0xf8,0xfd,
    0x0c,0x00,0xf0,0x91,0x0c,0xc3,0xfa,0xe1,0x3f,0x99,0xb7,0x25,0xd3,0x49,0xc9,0x64,
    0x32,0x5e,0xd6,0x06,0x00,0xc0,0x91,0x7e,0x48,0x96,0xcb,0x21,0x07,0xcb,0xe4,0xa0,
    0x7b,0x3d,0x9b,0x74,0x5f,0x00,0xf8,0x30,0x0c,0x00,0xf0,0x91,0xf4,0xab,0xcb,0xfe,
    0x9b,0xa6,0x64,0xde,0x96,0x5c,0xfa,0xba,0xc9,0xd5,0x0b,0x6d,0x2e,0x9d,0x6f,0x32,
    0x9d,0xfa,0x2d,0x06,0x00,0xb0,0xee,0xe0,0x60,0xc8,0xa3,0xbd,0x3e,0xf7,0x1f,0x77,
    0x79,0xf4,0x5b,0x9f,0xe7,0xdd,0xf0,0xea,0xbd,0x54,0xeb,0xad,0x13,0x7c,0x10,0x06,
    0x00,0xf8,0x08,0x86,0x61,0x6c,0xfd,0x97,0x7d,0xd2,0x0e,0x43,0xa6,0xd3,0x92,0x2b,
    0x17,0xda,0xfc,0xf9,0x87,0x49,0xfe,0xc7,0x6b,0xd3,0x9c,0xdb,0xf0,0x5b,0x0c,0x00,
    0x60,0xdd,0xd3,0x17,0x43,0xfe,0xf7,0xbb,0x07,0x19,0x92,0xec,0x3d,0xef,0xb3,0xf7,
    0x7c,0x48,0xd7,0x27,0x93,0x61,0x48,0x53,0x8a,0xab,0x00,0xe0,0x03,0x30,0x00,0xc0,
    0x47,0xd2,0x0f,0xc9,0xb2,0x1b,0x52,0x4a,0xc9,0x74,0x75,0x05,0xc0,0xff,0x74,0x6d,
    0x9a,0xff,0xf5,0x7f,0x9a,0x65,0xeb,0x5c,0xf3,0xa9,0xff,0x79,0x00,0x00,0x9f,0x95,
    0x27,0x4f,0xfb,0x94,0x24,0xbf,0x3e,0xee,0x73,0xeb,0x7e,0x79,0xf5,0x5e,0xaa,0x71,
    0xf2,0x87,0x0f,0xc6,0x00,0x00,0x1f,0xc9,0x78,0xe7,0xff,0xf1,0xbf,0x4d,0x93,0x6c,
    0xce,0x4a,0x2e,0x9e,0x6f,0xf2,0xed,0xe5,0x36,0x1b,0x33,0xbf,0xc8,0x00,0x00,0xd6,
    0x6d,0xce,0x4b,0x2e,0xde,0x6f,0xb2,0x39,0x2b,0x69,0x9a,0xd7,0xdf,0x4b,0x01,0x1f,
    0x86,0x8f,0x21,0xe1,0x23,0x39,0xfc,0x65,0xf5,0xda,0x53,0x00,0x9a,0x64,0x22,0x62,
    0x03,0x00,0x78,0xc3,0xa4,0x1d,0xdf,0x2b,0xad,0x3f,0x05,0x60,0xfd,0xbf,0xc0,0xef,
    0x67,0x00,0x80,0x8f,0xa4,0x94,0x24,0xe5,0xe8,0xae,0xb5,0x7d,0x3f,0x64,0xd9,0x25,
    0x07,0x4b,0xbf,0xc5,0x00,0x00,0x8e,0x3b,0x58,0x8e,0xef,0x95,0xfa,0x7e,0x7c,0xaf,
    0x74,0xfc,0xbd,0x14,0xf0,0xfb,0x19,0x00,0xe0,0x23,0x3a,0xfc,0x7d,0x35,0x0c,0x49,
    0xd7,0x8f,0x8f,0xb4,0x79,0x79,0x60,0x00,0x00,0x00,0x38,0xee,0xe5,0xc1,0x90,0x83,
    0x6e,0xbc,0xf1,0xdf,0xab,0xc7,0xff,0x7d,0xda,0x7f,0x12,0x9c,0x39,0x06,0x00,0xf8,
    0x03,0x0d,0x83,0xcb,0xd8,0x00,0x00,0xfe,0x13,0xef,0x93,0xe0,0xe3,0x33,0x00,0x00,
    0x00,0x00,0x40,0x05,0x0c,0x00,0x00,0x00,0x00,0x50,0x01,0x03,0x00,0x00,0x00,0x00,
    0x54,0xc0,0x00,0x00,0x00,0x00,0x00,0x15,0x30,0x00,0x00,0x00,0x00,0x40,0x05,0x0c,
    0x00,0x00,0x00,0x00,0x50,0x01,0x03,0x00,0x00,0x00,0x00,0x54,0xc0,0x00,0x00,0x00,
    0x00,0x00,0x15,0x30,0x00,0x00,0x00,0x00,0x40,0x05,0x0c,0x00,0x00,0x00,0x00,0x50,
    0x01,0x03,0x00,0x00,0x00,0x00,0x54,0xc0,0x00,0x00,0x00,0x00,0x00,0x15,0x30,0x00,
    0x00,0x00,0x00,0x40,0x05,0x0c,0x00,0x00,0x00,0x00,0x50,0x01,0x03,0x00,0x00,0x00,
    0x00,0x54,0xc0,0x00,0x00,0x00,0x00,0x00,0x15,0x30,0x00,0x00,0x00,0x00,0x40,0x05,
    0x0c,0x00,0x00,0x00,0x00,0x50,0x01,0x03,0x00,0x00,0x00,0x00,0x54,0xc0,0x00,0x00,
    0x00,0x00,0x00,0x15,0x30,0x00,0x00,0x00,0x00,0x40,0x05,0x0c,0x00,0x00,0x00,0x00,
    0x50,0x01,0x03,0x00,0x00,0x00,0x00,0x54,0xc0,0x00,0x00,0x00,0x00,0x00,0x15,0x30,
    0x00,0x00,0x00,0x00,0x40,0x05,0x0c,0x00,0x00,0x00,0x00,0x50,0x01,0x03,0x00,0x00,
    0x00,0x00,0x54,0xc0,0x00,0x00,0x00,0x00,0x00,0x15,0x30,0x00,0x00,0x00,0x00,0x40,
    0x05,0x0c,0x00,0x00,0x00,0x00,0x50,0x01,0x03,0x00,0x00,0x00,0x00,0x54,0xc0,0x00,
    0x00,0x00,0x00,0x00,0x15,0x30,0x00,0x00,0x00,0x00,0x40,0x05,0x0c,0x00,0x00,0x00,
    0x00,0x50,0x01,0x03,0x00,0x00,0x00,0x00,0x54,0xc0,0x00,0x00,0x00,0x00,0x00,0x15,
    0x30,0x00,0x00,0x00,0x00,0x40,0x05,0x0c,0x00,0x00,0x00,0x00,0x50,0x01,0x03,0x00,
    0x00,0x00,0x00,0x54,0xc0,0x00,0x00,0x00,0x00,0x00,0x15,0x30,0x00,0x00,0x00,0x00,
    0x40,0x05,0x0c,0x00,0x00,0x00,0x00,0x50,0x01,0x03,0x00,0x00,0x00,0x00,0x54,0xc0,
    0x00,0x00,0x00,0x00,0x00,0x15,0x30,0x00,0x00,0x00,0x00,0x40,0x05,0x0c,0x00,0x00,
    0x00,0x00,0x50,0x01,0x03,0x00,0x00,0x00,0x00,0x54,0xc0,0x00,0x00,0x00,0x00,0x00,
    0x15,0x30,0x00,0x00,0x00,0x00,0x40,0x05,0x0c,0x00,0x00,0x00,0x00,0x50,0x01,0x03,
    0x00,0x00,0x00,0x00,0x54,0xc0,0x00,0x00,0x00,0x00,0x00,0x15,0x30,0x00,0x00,0x00,
    0x00,0x40,0x05,0x0c,0x00,0x00,0x00,0x00,0x50,0x01,0x03,0x00,0x00,0x00,0x00,0x54,
    0xc0,0x00,0x00,0x00,0x00,0x00,0x15,0x30,0x00,0x00,0x00,0x00,0x40,0x05,0x0c,0x00,
    0x00,0x00,0x00,0x50,0x01,0x03,0x00,0x00,0x00,0x00,0x54,0xc0,0x00,0x00,0x00,0x00,
    0x00,0x15,0x30,0x00,0x00,0x00,0x00,0x40,0x05,0x0c,0x00,0x00,0x00,0x00,0x50,0x01,
    0x03,0x00,0x00,0x00,0x00,0x54,0xc0,0x00,0x00,0x00,0x00,0x00,0x15,0x30,0x00,0x00,
    0x00,0x00,0x40,0x05,0x0c,0x00,0x00,0x00,0x00,0x50,0x01,0x03,0x00,0x00,0x00,0x00,
    0x54,0xc0,0x00,0x00,0x00,0x00,0x00,0x15,0x30,0x00,0x00,0x00,0x00,0x40,0x05,0x0c,
    0x00,0x00,0x00,0x00,0x50,0x01,0x03,0x00,0x00,0x00,0x00,0x54,0xc0,0x00,0x00,0x00,
    0x00,0x00,0x15,0x30,0x00,0x00,0x00,0x00,0x40,0x05,0x0c,0x00,0x00,0x00,0x00,0x50,
    0x01,0x03,0x00,0x00,0x00,0x00,0x54,0xc0,0x00,0x00,0x00,0x00,0x00,0x15,0x30,0x00,
    0x00,0x00,0x00,0x40,0x05,0x0c,0x00,0x00,0x00,0x00,0x50,0x01,0x03,0x00,0x00,0x00,
    0x00,0x54,0xc0,0x00,0x00,0x00,0x00,0x00,0x15,0x30,0x00,0x00,0x00,0x00,0x40,0x05,
    0x0c,0x00,0x00,0x00,0x00,0x50,0x01,0x03,0x00,0x00,0x00,0x00,0x54,0xc0,0x00,0x00,
    0x00,0x00,0x00,0x15,0x30,0x00,0x00,0x00,0x00,0x40,0x05,0x0c,0x00,0x00,0x00,0x00,
    0x50,0x01,0x03,0x00,0x00,0x00,0x00,0x54,0xc0,0x00,0x00,0x00,0x00,0x00,0x15,0x30,
    0x00,0x00,0x00,0x00,0x40,0x05,0x0c,0x00,0x00,0x00,0x00,0x50,0x01,0x03,0x00,0x00,
    0x00,0x00,0x54,0xc0,0x00,0x00,0x00,0x00,0x00,0x15,0x30,0x00,0x00,0x00,0x00,0x40,
    0x05,0x0c,0x00,0x00,0x00,0x00,0x50,0x01,0x03,0x00,0x00,0x00,0x00,0x54,0xc0,0x00,
    0x00,0x00,0x00,0x00,0x15,0x30,0x00,0x00,0x00,0x00,0x40,0x05,0x0c,0x00,0x00,0x00,
    0x00,0x50,0x01,0x03,0x00,0x00,0x00,0x00,0x54,0xc0,0x00,0x00,0x00,0x00,0x00,0x15,
    0x30,0x00,0x00,0x00,0x00,0x40,0x05,0x0c,0x00,0x00,0x00,0x00,0x50,0x01,0x03,0x00,
    0x00,0x00,0x00,0x54,0xc0,0x00,0x00,0x00,0x00,0x00,0x15,0x30,0x00,0x00,0x00,0x00,
    0x40,0x05,0x0c,0x00,0x00,0x00,0x00,0x50,0x01,0x03,0x00,0x00,0x00,0x00,0x54,0xc0,
    0x00,0x00,0x00,0x00,0x00,0x15,0x30,0x00,0x00,0x00,0x00,0x40,0x05,0x0c,0x00,0x00,
    0x00,0x00,0x50,0x01,0x03,0x00,0x00,0x00,0x00,0x54,0xc0,0x00,0x00,0x00,0x00,0x00,
    0x15,0x30,0x00,0x00,0x00,0x00,0x40,0x05,0x0c,0x00,0x00,0x00,0x00,0x50,0x01,0x03,
    0x00,0x00,0x00,0x00,0x54,0xc0,0x00,0x00,0x00,0x00,0x00,0x15,0x30,0x00,0x00,0x00,
    0x00,0x40,0x05,0x0c,0x00,0x00,0x00,0x00,0x50,0x01,0x03,0x00,0x00,0x00,0x00,0x54,
    0xc0,0x00,0x00,0x00,0x00,0x00,0x15,0x30,0x00,0x00,0x00,0x00,0x40,0x05,0x0c,0x00,
    0x00,0x00,0x00,0x50,0x01,0x03,0x00,0x00,0x00,0x00,0x54,0xc0,0x00,0x00,0x00,0x00,
    0x00,0x15,0x30,0x00,0x00,0x00,0x00,0x40,0x05,0x0c,0x00,0x00,0x00,0x00,0x50,0x01,
    0x03,0x00,0x00,0x00,0x00,0x54,0xc0,0x00,0x00,0x00,0x00,0x00,0x15,0x30,0x00,0x00,
    0x00,0x00,0x40,0x05,0x0c,0x00,0x00,0x00,0x00,0x50,0x01,0x03,0x00,0x00,0x00,0x00,
    0x54,0xc0,0x00,0x00,0x7f,0xa0,0x52,0xc6,0x2f,0x00,0x00,0x5e,0x77,0xf8,0x3e,0xc9,
    0x5b,0x25,0xf8,0x78,0x0c,0x00,0xf0,0x11,0x0d,0xab,0xff,0x96,0x92,0xb4,0x4d,0x32,
    0x6d,0x4b,0xe6,0x53,0xbf,0xd6,0x00,0x00,0x8e,0xdb,0x98,0x96,0x4c,0x27,0x25,0x4d,
    0x7b,0xf4,0x81,0xc9,0x70,0xfa,0xff,0x09,0xf0,0x9e,0x0c,0x00,0xf0,0x91,0x0c,0x43,
    0x92,0x61,0xf5,0xdf,0x24,0x4d,0x53,0x32,0x69,0x93,0xe9,0xc4,0x00,0x00,0x00,0x70,
    0xdc,0x74,0x5a,0x32,0x6d,0x93,0x76,0x75,0xfa,0x3f,0xfe,0x5e,0x0a,0xf8,0xfd,0x0c,
    0x00,0xf0,0x91,0x1c,0x2e,0xd7,0x87,0xff,0xed,0xfb,0x21,0xcb,0x3e,0x59,0x76,0x7e,
    0x8b,0x01,0x00,0x1c,0x77,0xb0,0x1c,0xb2,0xec,0x92,0x7e,0x75,0xe2,0x3f,0xfe,0x5e,
    0x0a,0xf8,0xfd,0x26,0x9f,0xfa,0x1f,0x00,0x67,0x55,0x29,0x49,0xd3,0x8c,0xff,0xed,
    0xfb,0xe4,0xf9,0xfe,0x90,0xdd,0xbd,0x3e,0xf7,0x1e,0x76,0xd9,0x3a,0x67,0x7b,0x03,
    0xf8,0x92,0x0d,0xaf,0xfe,0x9f,0xf1,0x3f,0xc3,0x70,0xf4,0xbf,0xfb,0xd3,0xb6,0x64,
    0x36,0x49,0x26,0x93,0x92,0xc6,0xc1,0x05,0x4e,0x75,0xb0,0x1c,0xb2,0xbf,0x1c,0x3f,
    0x20,0x79,0xf4,0x5b,0x9f,0x87,0xbf,0x75,0xf9,0xff,0xbd,0x18,0xd2,0xf5,0xaf,0xbf,
    0x97,0x02,0x3e,0x0c,0x03,0x00,0x7c,0x24,0x4d,0x49,0x26,0xed,0xf8,0xe6,0xef,0x60,
    0xf5,0x4b,0xed,0x7f,0xbb,0x7b,0x90,0x21,0xc9,0xb9,0x0d,0xbf,0xc9,0x00,0xbe,0x28,
    0x25,0xe3,0xa5,0xc8,0x49,0xba,0x7e,0x1c,0x76,0xbb,0x7e,0xc8,0x30,0x1c,0x7e,0x3f,
    0xa4,0x69,0x4a,0x16,0x1b,0x25,0x57,0xb6,0xda,0x7c,0x7b,0xa9,0xc9,0xf6,0x56,0xeb,
    0xbe,0x2f,0xf0,0x16,0x7b,0xcf,0x86,0xfc,0x9f,0x8f,0xba,0xec,0x3c,0xe9,0x72,0xff,
    0x71,0x9f,0xff,0xed,0xce,0x32,0x3b,0x8f,0xbb,0x2c,0x97,0xc3,0x6b,0xef,0xa5,0x80,
    0x0f,0xc3,0x00,0x00,0x1f,0x41,0x29,0x49,0xdb,0x96,0x94,0x32,0xbe,0x21,0x3c,0x38,
    0x48,0x1e,0x3c,0xee,0x52,0x92,0xdc,0xdf,0xed,0x33,0xf5,0x86,0x10,0xe0,0x8b,0x70,
    0xf8,0xbf,0xd6,0xa5,0x8c,0x9f,0xf2,0xf7,0xc3,0x78,0x89,0xf2,0xb2,0x5b,0x5d,0xaa,
    0xdc,0x27,0xfb,0xcb,0x21,0xcb,0x6e,0x48,0xdb,0x96,0x6c,0x7f,0xdd,0xe4,0xe6,0x8d,
    0x69,0x4a,0xa6,0xd9,0xfa,0xaa,0xcd,0x7c,0xfa,0x49,0xff,0xf9,0xf0,0xd9,0xdb,0xdd,
    0xeb,0xf2,0xf3,0xed,0x83,0xfc,0x7c,0xeb,0x20,0x77,0x1f,0x76,0x79,0xf0,0xb8,0xcb,
    0xa3,0xbd,0x3e,0xfb,0xcb,0xc3,0xc3,0xff,0xf8,0x5e,0xca,0x55,0x00,0xf0,0x61,0x18,
    0x00,0xe0,0x23,0x69,0x4a,0xd2,0xb4,0xe3,0x6f,0xab,0xc3,0x2b,0x00,0xf6,0x9e,0xf5,
    0xf9,0x3f,0x5c,0x12,0x0a,0xf0,0xc5,0x59,0x5d,0x00,0x30,0x8e,0x00,0xab,0x4f,0xff,
    0x0f,0xaf,0x04,0x78,0x79,0x30,0x64,0x7f,0x39,0x64,0x3a,0x29,0xb9,0x76,0xb9,0xcd,
    0x7c,0xd6,0xe4,0xc6,0x95,0x36,0xcb,0xe5,0x10,0x0f,0x34,0x83,0x93,0xbd,0x3c,0x18,
    0x72,0xff,0x71,0x9f,0x5f,0xee,0x2c,0xf3,0xff,0xfc,0xd7,0x7e,0xee,0xec,0x74,0x79,
    0xfe,0xb2,0x4f,0x52,0xd2,0x36,0xaf,0xbf,0x97,0x02,0x3e,0x0c,0x03,0x00,0x7c,0x24,
    0x87,0xcf,0xb2,0x3d,0x7c,0xb3,0xf8,0xbc,0x1b,0xf2,0xf4,0xf9,0xf8,0x86,0xd1,0x6d,
    0x00,0x01,0xbe,0x1c,0xc3,0xda,0x5d,0xc8,0xdb,0x26,0x99,0x4c,0x92,0xd9,0xa4,0x64,
    0xea,0x60,0x02,0x6f,0xb5,0xde,0xf8,0x77,0x7d,0xc6,0x37,0x41,0x65,0x9c,0xc6,0x1e,
    0x3f,0xed,0x73,0x77,0x67,0xb9,0xfa,0xea,0x72,0xef,0x51,0x97,0xae,0x1f,0xb2,0x39,
    0x6b,0xb2,0x98,0x97,0x57,0xfd,0xbf,0xa7,0x00,0xc0,0x87,0x63,0x00,0x80,0x8f,0x64,
    0xfd,0xce,0xb5,0xe3,0x08,0x30,0x3e,0x05,0xa0,0xeb,0x86,0xf4,0x7e,0x91,0x01,0x7c,
    0xb6,0xd6,0x8f,0xf5,0xfd,0x30,0x1e,0x60,0x0e,0x96,0xe3,0xb9,0x65,0x31,0x2f,0xd9,
    0x5e,0xb4,0xf9,0x6e,0xd5,0xf8,0xcf,0x26,0xe5,0x8d,0x04,0xe0,0x7f,0xf8,0xa6,0xcd,
    0xc5,0x73,0x4d,0x26,0x1e,0xfb,0x0a,0x79,0xfa,0x7c,0x6c,0xfc,0x1f,0x3c,0xee,0xf2,
    0xec,0xc5,0xf8,0x1e,0xa8,0x29,0x49,0xdb,0x8e,0x7f,0xf7,0xcb,0x9d,0x65,0xee,0x3f,
    0xee,0xf3,0xfc,0xe5,0x6a,0x20,0x58,0x73,0xfc,0xbd,0x14,0xf0,0xfb,0x19,0x00,0xe0,
    0x23,0x19,0x86,0xa3,0x4b,0x46,0x93,0xa4,0x69,0x4a,0x26,0x19,0xd2,0x94,0xe2,0x97,
    0x18,0xc0,0x67,0x6c,0xbd,0x35,0xee,0xfa,0x64,0xd9,0x25,0x5d,0xdf,0x67,0x48,0x32,
    0x9b,0x36,0xf9,0xf6,0x62,0x9b,0xff,0xe5,0xff,0x32,0xcd,0xcd,0xeb,0xd3,0x9c,0xdb,
    0x2c,0xff,0xf1,0x26,0x80,0xdf,0x5c,0x6a,0x32,0xf5,0x2e,0x0b,0xb2,0xbb,0xd7,0xe5,
    0x9f,0xb7,0xc6,0xc6,0x7f,0xe7,0xb7,0x3e,0x5d,0x37,0x64,0xd2,0x96,0x57,0xe3,0xd9,
    0xce,0x93,0x2e,0xbb,0x7b,0x5d,0x92,0x64,0x73,0x56,0x92,0x94,0x4c,0x27,0x47,0x87,
    0xfe,0xf5,0xf7,0x52,0xc0,0xef,0xe7,0x57,0x13,0x7c,0x44,0x87,0xbf,0xb0,0x4a,0x49,
    0xda,0x92,0x34,0xa5,0x24,0xed,0x27,0xfd,0x27,0x01,0xf0,0x2e,0x56,0xa7,0x8e,0x7e,
    0x75,0xb8,0xef,0x87,0x92,0xa6,0x29,0xb9,0x70,0xae,0xc9,0x8d,0xab,0x6d,0xfe,0x97,
    0x3f,0x4d,0xf3,0x7f,0xbb,0x39,0xcf,0xc5,0x73,0xcd,0xa9,0x8f,0x01,0x84,0x9a,0xed,
    0xaf,0x1a,0xff,0x7f,0xad,0x1a,0xff,0xbb,0x0f,0xbb,0x1c,0x2c,0x87,0xcc,0x26,0x25,
    0x1b,0xb3,0xf1,0x03,0x91,0x65,0x37,0x26,0x02,0x4d,0x33,0x5e,0x61,0x93,0x1c,0x65,
    0x94,0x89,0xc3,0x3f,0x7c,0x68,0x06,0x00,0xf8,0x03,0xb9,0x83,0x2d,0xc0,0xe7,0x6f,
    0x18,0x92,0x61,0x75,0x29,0x72,0xd3,0x24,0x9b,0xf3,0x26,0x9b,0xf3,0x21,0x8b,0x8d,
    0x26,0xdf,0x6f,0xb7,0xf9,0xfe,0xca,0x24,0xd7,0xaf,0x4c,0x72,0xfd,0x8a,0xc7,0xfc,
    0xc1,0x71,0xeb,0xcd,0xff,0xc3,0x27,0x7d,0x6e,0xdd,0x5f,0xe6,0xf6,0x83,0xb1,0xf1,
    0x5f,0x1f,0x00,0xe6,0xb3,0xf1,0xa6,0xc8,0x6d,0x33,0x3e,0x39,0xa9,0x59,0x0d,0x68,
    0x2e,0xf7,0x87,0x8f,0xcb,0x00,0x00,0x00,0x54,0x6f,0xfd,0x2e,0xff,0xfb,0xab,0xe6,
    0x3f,0x49,0x36,0xe7,0xe3,0xa7,0xfe,0xdb,0x5b,0x4d,0xbe,0xbd,0xd4,0xe6,0xda,0xe5,
    0x36,0x3f,0x7d,0x3f,0xc9,0xd5,0x0b,0x8d,0xc3,0x3f,0xfc,0x07,0xeb,0xcd,0xff,0xaf,
    0xbb,0x7d,0xfe,0xf1,0xef,0x83,0xdc,0x7b,0xd4,0xe5,0xd9,0xcb,0x21,0x5d,0x3f,0xde,
    0x03,0xa0,0xeb,0x87,0x2c,0x57,0x9f,0xfa,0x0f,0x59,0x3d,0x36,0xb9,0x2d,0x9a,0x7f,
    0xf8,0x03,0x18,0x00,0x00,0x80,0xaa,0xbd,0x3a,0x74,0x64,0xbc,0xe4,0xff,0x60,0x99,
    0x3c,0xdf,0x1f,0x1f,0x45,0xb6,0x39,0x2f,0xd9,0xde,0x6a,0xf2,0xd7,0x3f,0x4d,0xf3,
    0xe7,0x1f,0x66,0xf9,0xe6,0xe2,0x78,0xf3,0xbf,0x8b,0xe7,0xf5,0x5c,0xf0,0x9f,0xac,
    0x37,0xff,0x77,0x1f,0x8e,0x77,0xf6,0xdf,0x79,0x32,0x5e,0x52,0xb3,0x39,0x6f,0xd2,
    0xf7,0x43,0xda,0x66,0x7c,0xcc,0xdf,0x61,0x36,0xd3,0xac,0x9e,0x8f,0xac,0xf9,0x87,
    0x8f,0xcf,0x00,0x00,0x00,0x54,0xed,0xb0,0xdf,0x3f,0xfe,0x89,0x63,0xbb,0x6a,0x92,
    0xbf,0xbd,0xd4,0xe6,0x2f,0x3f,0x4c,0xf3,0xf7,0x9b,0xb3,0x5c,0xde,0x6a,0x56,0x37,
    0x30,0xfb,0x34,0xff,0x56,0xf8,0x9c,0x1d,0x6f,0xfe,0xef,0xec,0x74,0x79,0xf6,0x62,
    0x1c,0xd3,0xda,0x26,0xf9,0x6a,0x5e,0xc6,0x4f,0xfc,0xf3,0x7a,0x16,0xb9,0xfe,0xda,
    0xe1,0x1f,0x3e,0x2e,0xbf,0xbe,0x00,0x80,0xaa,0x0d,0xab,0x9b,0xfd,0x25,0xe3,0x41,
    0x64,0x63,0x56,0xb2,0x31,0x6b,0xb2,0xd8,0x68,0x72,0x6d,0xbb,0xcd,0xf5,0x2b,0x93,
    0xdc,0xb8,0x3a,0x36,0xff,0x33,0x97,0xfd,0xc3,0x6b,0x4e,0x6b,0xfe,0xef,0x3d,0xea,
    0xd2,0xf5,0x43,0x36,0x67,0x4d,0x16,0xf3,0xa2,0xf1,0x87,0xcf,0x80,0x01,0x00,0x00,
    0xa8,0xce,0xfb,0x34,0xff,0x3f,0xae,0x9a,0x7f,0x87,0x7f,0x78,0xd3,0xe9,0xcd,0xff,
    0xeb,0x3f,0xab,0xf1,0x87,0x4f,0xcf,0x00,0x00,0x00,0x54,0xe5,0x7d,0x9b,0xff,0x2b,
    0x17,0x34,0xff,0x70,0x92,0x53,0x9b,0xff,0x59,0x49,0x52,0x32,0x9d,0x1c,0x1d,0xfa,
    0x35,0xfe,0xf0,0x69,0x19,0x00,0x00,0x80,0xaa,0x68,0xfe,0xe1,0xc3,0x78,0x5b,0xf3,
    0xbf,0x98,0x8f,0x6b,0x5b,0x29,0x47,0xc3,0x9b,0xc3,0x3f,0x7c,0x5a,0x7e,0x9d,0x01,
    0x00,0x67,0xde,0xfa,0x61,0x7f,0x18,0xc6,0x43,0xc8,0xe1,0x8d,0xc8,0x34,0xff,0xf0,
    0xee,0x34,0xff,0xf0,0x65,0x33,0x00,0x00,0x00,0x67,0xce,0x7a,0xe3,0x7f,0xf8,0xdc,
    0xf1,0xbe,0x1f,0xbf,0xef,0xfa,0xf1,0xfb,0xa6,0x29,0x59,0x68,0xfe,0xe1,0xbd,0xec,
    0x3d,0x1b,0x9b,0xff,0x9d,0x27,0x9a,0x7f,0xf8,0x12,0x19,0x00,0x00,0x80,0x33,0x65,
    0xbd,0xf1,0x1f,0xef,0xf0,0x3f,0x64,0xd9,0x25,0x5d,0x37,0x8e,0x00,0xfb,0xcb,0x21,
    0x07,0x5d,0x32,0x69,0x87,0x2c,0xe6,0xad,0xe6,0x1f,0xde,0xc3,0xee,0x5e,0x97,0x9f,
    0x6f,0x6b,0xfe,0xe1,0x4b,0x65,0x00,0x00,0x00,0xce,0x94,0xe3,0x8d,0x7f,0xd3,0x94,
    0x4c,0x86,0xf1,0xe9,0xe3,0x7d,0x73,0x74,0x05,0x40,0xbb,0xba,0x02,0x40,0xf3,0x0f,
    0xef,0xe6,0xe5,0xaa,0xf9,0xff,0x45,0xf3,0x0f,0x5f,0x2c,0xbf,0xde,0x00,0x80,0x33,
    0x65,0xfc,0xd4,0x7f,0x7c,0xdd,0x34,0xc9,0xc6,0xb4,0x64,0x36,0x29,0x99,0xb4,0x25,
    0xa5,0x24,0x2f,0xf6,0x87,0xec,0x2f,0x87,0x4c,0x27,0x25,0xd7,0x2e,0x6b,0xfe,0x61,
    0xdd,0x7a,0xe3,0xdf,0xf5,0x79,0x75,0xc3,0x8c,0x92,0xe4,0xf1,0xd3,0x3e,0x77,0x77,
    0x96,0xab,0x2f,0xcd,0x3f,0x7c,0x89,0x0c,0x00,0x00,0xc0,0x17,0x6f,0xbd,0xf9,0xdf,
    0x5f,0x0e,0x39,0x58,0x8e,0x7f,0xbe,0x98,0x97,0x9c,0x5f,0x94,0x7c,0x77,0xa9,0xcd,
    0xf6,0x56,0x9b,0xd9,0xa4,0x64,0x7f,0x39,0x64,0xd9,0x0d,0x69,0xdb,0x92,0xed,0xaf,
    0x1b,0xcd,0x3f,0xac,0x79,0xfa,0x7c,0x6c,0xfc,0x1f,0x3c,0xee,0xf2,0xec,0xc5,0x90,
    0x7e,0x48,0x9a,0x92,0xb4,0xed,0xf8,0x77,0xbf,0xdc,0x59,0xe6,0xfe,0xe3,0x3e,0xcf,
    0x35,0xff,0xf0,0x45,0x32,0x00,0x00,0x00,0x5f,0xb4,0xf5,0xe6,0xbf,0xef,0x93,0x83,
    0x65,0xf2,0x7c,0x7f,0xbc,0x2c,0x79,0x31,0x2f,0xb9,0x78,0xbe,0xcd,0xcd,0xeb,0xd3,
    0xdc,0xbc,0x31,0xcd,0xb9,0xcd,0x92,0xae,0xcb,0xab,0x43,0xcd,0x62,0xa3,0x68,0xfe,
    0x61,0xcd,0xee,0x5e,0x97,0x7f,0xde,0x1a,0x1b,0xff,0x9d,0xdf,0xfa,0x74,0xdd,0xb0,
    0xca,0x62,0xc6,0xf1,0x6c,0xe7,0x49,0x97,0xdd,0xbd,0x2e,0x89,0xe6,0x1f,0xbe,0x44,
    0x06,0x00,0x00,0xe0,0x8b,0x76,0xbc,0xf9,0x3f,0xd4,0x36,0xc9,0xe6,0xbc,0xe4,0xea,
    0x85,0x26,0x3f,0x7d,0x3f,0xc9,0xdf,0x7e,0x9c,0xe5,0xc2,0xb9,0x66,0x3c,0x9c,0xac,
    0x2e,0x6b,0x6e,0x9b,0x68,0xfe,0x61,0x65,0x7f,0xd5,0xf8,0xff,0x6b,0xd5,0xf8,0xdf,
    0x7d,0xd8,0xe5,0x60,0x39,0x64,0x36,0x29,0xd9,0x98,0x95,0x0c,0xc3,0x98,0x06,0xec,
    0x2f,0xc7,0xbc,0x46,0xf3,0x0f,0x5f,0x1e,0xbf,0xee,0x00,0x80,0x2f,0xda,0x7a,0xf3,
    0x5f,0x4a,0xb2,0x31,0x2b,0xd9,0x98,0x35,0x59,0x6c,0x34,0xb9,0xb6,0xdd,0xe6,0xda,
    0xf6,0x64,0xf5,0xd5,0x66,0xee,0x32,0x7f,0x78,0xcd,0x7a,0xf3,0xff,0xf0,0x49,0x9f,
    0x5b,0xf7,0x97,0xb9,0xfd,0x60,0x6c,0xfc,0xd7,0x07,0x80,0xf9,0xac,0x8c,0x29,0x40,
    0x93,0xb4,0xed,0xf8,0x5a,0xf3,0x0f,0x5f,0x1e,0x03,0x00,0x00,0xf0,0xc5,0x39,0xa9,
    0xf9,0xdf,0x9c,0x97,0x5c,0x38,0xd7,0x64,0x7b,0xab,0xc9,0xb7,0x97,0xda,0x5c,0xbb,
    0xdc,0xe6,0xa7,0x55,0xe3,0xef,0xf0,0x0f,0x6f,0x5a,0x6f,0xfe,0x7f,0xdd,0xed,0xf3,
    0x8f,0x7f,0x1f,0xe4,0xde,0xa3,0x2e,0xcf,0x5e,0x0e,0xe9,0xfa,0xf1,0x1e,0x00,0x5d,
    0x3f,0x64,0xb9,0xfa,0xd4,0x7f,0x48,0x49,0x29,0x43,0x9a,0xd5,0x4d,0x35,0x13,0x23,
    0x00,0x7c,0x49,0x0c,0x00,0x00,0xc0,0x17,0xe5,0xb4,0xe6,0x7f,0x73,0x5e,0xb2,0xbd,
    0xd5,0xe4,0xaf,0x7f,0x9a,0xe6,0xcf,0x3f,0xcc,0xf2,0xcd,0xc5,0x26,0xdb,0x5b,0x1a,
    0x7f,0x38,0xc9,0x7a,0xf3,0x7f,0xf7,0xe1,0x78,0x67,0xff,0x9d,0x27,0xe3,0x25,0x35,
    0x9b,0xf3,0x26,0xfd,0xea,0x91,0x99,0xed,0xea,0xd3,0xfe,0xa6,0x19,0x1f,0xad,0x99,
    0x68,0xfe,0xe1,0x4b,0x64,0x00,0x00,0x00,0xbe,0x28,0xa7,0x35,0xff,0x8b,0x79,0xc9,
    0xb7,0x97,0xda,0xfc,0xe5,0x87,0x69,0xfe,0x7e,0x73,0x96,0xcb,0x5b,0x8d,0xc6,0x1f,
    0x4e,0x70,0xbc,0xf9,0xbf,0xb3,0xd3,0xe5,0xd9,0x8b,0x71,0x4c,0x6b,0x9b,0xe4,0xab,
    0x79,0x19,0x3f,0xf1,0xcf,0xd1,0xf0,0x96,0x63,0xaf,0x1d,0xfe,0xe1,0xcb,0xe2,0xd7,
    0x21,0x00,0xf0,0x45,0x79,0x5b,0xf3,0x7f,0xfd,0xca,0x24,0x37,0xae,0x4e,0x72,0xfd,
    0x4a,0xeb,0xd1,0x7e,0x70,0xcc,0x69,0xcd,0xff,0xbd,0x47,0x5d,0xba,0x7e,0xc8,0xe6,
    0xac,0xc9,0x62,0x5e,0x34,0xfe,0x70,0x06,0x19,0x00,0x00,0x80,0xcf,0xde,0xfb,0x34,
    0xff,0x3f,0xae,0x9a,0x7f,0x87,0x7f,0x78,0xd3,0xe9,0xcd,0xff,0xeb,0x3f,0xab,0xf1,
    0x87,0xb3,0xc7,0x00,0x00,0x00,0x7c,0xd6,0xde,0xb7,0xf9,0xbf,0x72,0x41,0xf3,0x0f,
    0x27,0x39,0xb5,0xf9,0x9f,0x95,0x24,0x25,0xd3,0xc9,0xd1,0xa1,0x5f,0xe3,0x0f,0x67,
    0x8b,0x01,0x00,0x00,0xf8,0xac,0x69,0xfe,0xe1,0xc3,0x78,0x5b,0xf3,0xbf,0x98,0x8f,
    0x6b,0x5b,0x29,0x47,0xc3,0x9b,0xc3,0x3f,0x9c,0x2d,0x7e,0x3d,0x02,0x00,0x9f,0x9d,
    0xf5,0xc3,0xfe,0x30,0x8c,0x87,0x90,0xc3,0x1b,0x91,0x69,0xfe,0xe1,0xdd,0x69,0xfe,
    0x81,0x75,0x06,0x00,0x00,0xe0,0x93,0x5b,0x6f,0xfc,0x0f,0x9f,0x3b,0xde,0xf7,0xe3,
    0xf7,0x5d,0x3f,0x7e,0xdf,0x34,0x25,0x0b,0xcd,0x3f,0xbc,0x97,0xbd,0x67,0x63,0xf3,
    0xbf,0xf3,0x44,0xf3,0x0f,0x18,0x00,0x00,0x80,0x4f,0x6c,0xbd,0xf1,0x1f,0xef,0xf0,
    0x3f,0x64,0xd9,0x25,0x5d,0x37,0x8e,0x00,0xfb,0xcb,0x21,0x07,0x5d,0x32,0x69,0x87,
    0x2c,0xe6,0xad,0xe6,0x1f,0xde,0xc3,0xee,0x5e,0x97,0x9f,0x6f,0x6b,0xfe,0x81,0x91,
    0x01,0x00,0x00,0xf8,0xa4,0x8e,0x37,0xfe,0x4d,0x53,0x32,0x19,0xc6,0xa7,0x8f,0xf7,
    0xcd,0xd1,0x15,0x00,0xed,0xea,0x0a,0x00,0xcd,0x3f,0xbc,0x9b,0x97,0xab,0xe6,0xff,
    0x17,0xcd,0x3f,0xb0,0xe2,0xd7,0x25,0x00,0xf0,0x49,0x8d,0x9f,0xfa,0x8f,0xaf,0x9b,
    0x26,0xd9,0x98,0x96,0xcc,0x26,0x25,0x93,0xb6,0xa4,0x94,0xe4,0xc5,0xfe,0x90,0xfd,
    0xe5,0x90,0xe9,0xa4,0xe4,0xda,0x65,0xcd,0x3f,0xac,0x5b,0x6f,0xfc,0xbb,0x3e,0xaf,
    0x6e,0x98,0x51,0x92,0x3c,0x7e,0xda,0xe7,0xee,0xce,0x72,0xf5,0xa5,0xf9,0x07,0x0c,
    0x00,0x00,0xc0,0x27,0xb0,0xde,0xfc,0xef,0x2f,0x87,0x1c,0x2c,0xc7,0x3f,0x5f,0xcc,
    0x4b,0xce,0x2f,0x4a,0xbe,0xbb,0xd4,0x66,0x7b,0xab,0xcd,0x6c,0x52,0xb2,0xbf,0x1c,
    0xb2,0xec,0x86,0xb4,0x6d,0xc9,0xf6,0xd7,0x8d,0xe6,0x1f,0xd6,0x3c,0x7d,0x3e,0x36,
    0xfe,0x0f,0x1e,0x77,0x79,0xf6,0x62,0x48,0x3f,0x24,0x4d,0x49,0xda,0x76,0xfc,0xbb,
    0x5f,0xee,0x2c,0x73,0xff,0x71,0x9f,0xe7,0x9a,0x7f,0x20,0x06,0x00,0x00,0xe0,0x0f,
    0xb6,0xde,0xfc,0xf7,0x7d,0x72,0xb0,0x4c,0x9e,0xef,0x8f,0x97,0x25,0x2f,0xe6,0x25,
    0x17,0xcf,0xb7,0xb9,0x79,0x7d,0x9a,0x9b,0x37,0xa6,0x39,0xb7,0x59,0xd2,0x75,0x79,
    0x75,0xa8,0x59,0x6c,0x14,0xcd,0x3f,0xac,0xd9,0xdd,0xeb,0xf2,0xcf,0x5b,0x63,0xe3,
    0xbf,0xf3,0x5b,0x9f,0xae,0x1b,0x56,0x59,0xcc,0x38,0x9e,0xed,0x3c,0xe9,0xb2,0xbb,
    0xd7,0x25,0xd1,0xfc,0x03,0x06,0x00,0x00,0xe0,0x0f,0x76,0xbc,0xf9,0x3f,0xd4,0x36,
    0xc9,0xe6,0xbc,0xe4,0xea,0x85,0x26,0x3f,0x7d,0x3f,0xc9,0xdf,0x7e,0x9c,0xe5,0xc2,
    0xb9,0x66,0x3c,0x9c,0xac,0x2e,0x6b,0x6e,0x9b,0x68,0xfe,0x61,0x65,0x7f,0xd5,0xf8,
    0xff,0x6b,0xd5,0xf8,0xdf,0x7d,0xd8,0xe5,0x60,0x39,0x64,0x36,0x29,0xd9,0x98,0x95,
    0x0c,0xc3,0x98,0x06,0xec,0x2f,0xc7,0xbc,0x46,0xf3,0x0f,0xf8,0xf5,0x09,0x00,0xfc,
    0xa1,0xd6,0x9b,0xff,0x52,0x92,0x8d,0x59,0xc9,0xc6,0xac,0xc9,0x62,0xa3,0xc9,0xb5,
    0xed,0x36,0xd7,0xb6,0x27,0xab,0xaf,0x36,0x73,0x97,0xf9,0xc3,0x6b,0xd6,0x9b,0xff,
    0x87,0x4f,0xfa,0xdc,0xba,0xbf,0xcc,0xed,0x07,0x63,0xe3,0xbf,0x3e,0x00,0xcc,0x67,
    0x65,0x4c,0x01,0x9a,0xa4,0x6d,0xc7,0xd7,0x9a,0x7f,0xc0,0x00,0x00,0x00,0x7c,0x74,
    0x27,0x35,0xff,0x9b,0xf3,0x92,0x0b,0xe7,0x9a,0x6c,0x6f,0x35,0xf9,0xf6,0x52,0x9b,
    0x6b,0x97,0xdb,0xfc,0xb4,0x6a,0xfc,0x1d,0xfe,0xe1,0x4d,0xeb,0xcd,0xff,0xaf,0xbb,
    0x7d,0xfe,0xf1,0xef,0x83,0xdc,0x7b,0xd4,0xe5,0xd9,0xcb,0x21,0x5d,0x3f,0xde,0x03,
    0xa0,0xeb,0x87,0x2c,0x57,0x9f,0xfa,0x0f,0x29,0x29,0x65,0x48,0xb3,0xba,0xa9,0x66,
    0x62,0x04,0x80,0x9a,0x19,0x00,0x00,0x80,0x8f,0xea,0xb4,0xe6,0x7f,0x73,0x5e,0xb2,
    0xbd,0xd5,0xe4,0xaf,0x7f,0x9a,0xe6,0xcf,0x3f,0xcc,0xf2,0xcd,0xc5,0x26,0xdb,0x5b,
    0x1a,0x7f,0x38,0xc9,0x7a,0xf3,0x7f,0xf7,0xe1,0x78,0x67,0xff,0x9d,0x27,0xe3,0x25,
    0x35,0x9b,0xf3,0x26,0xfd,0xea,0x91,0x99,0xed,0xea,0xd3,0xfe,0xa6,0x19,0x1f,0xad,
    0x99,0x68,0xfe,0x01,0x03,0x00,0x00,0xf0,0x91,0x9d,0xd6,0xfc,0x2f,0xe6,0x25,0xdf,
    0x5e,0x6a,0xf3,0x97,0x1f,0xa6,0xf9,0xfb,0xcd,0x59,0x2e,0x6f,0x35,0x1a,0x7f,0x38,
    0xc1,0xf1,0xe6,0xff,0xce,0x4e,0x97,0x67,0x2f,0xc6,0x31,0xad,0x6d,0x92,0xaf,0xe6,
    0x65,0xfc,0xc4,0x3f,0x47,0xc3,0x5b,0x8e,0xbd,0x76,0xf8,0x87,0xba,0xf9,0xf5,0x0a,
    0x00,0x7c,0x54,0x6f,0x6b,0xfe,0xaf,0x5f,0x99,0xe4,0xc6,0xd5,0x49,0xae,0x5f,0x69,
    0x3d,0xda,0x0f,0x8e,0x39,0xad,0xf9,0xbf,0xf7,0xa8,0x4b,0xd7,0x0f,0xd9,0x9c,0x35,
    0x59,0xcc,0x8b,0xc6,0x1f,0x78,0x2b,0x03,0x00,0x00,0xf0,0xc1,0xbd,0x4f,0xf3,0xff,
    0xe3,0xaa,0xf9,0x77,0xf8,0x87,0x37,0x9d,0xde,0xfc,0xbf,0xfe,0xb3,0x1a,0x7f,0xe0,
    0x6d,0x0c,0x00,0x00,0xc0,0x07,0xf5,0xbe,0xcd,0xff,0x95,0x0b,0x9a,0x7f,0x38,0xc9,
    0xa9,0xcd,0xff,0xac,0x24,0x29,0x99,0x4e,0x8e,0x0e,0xfd,0x1a,0x7f,0xe0,0x34,0x06,
    0x00,0x00,0xe0,0x83,0xd2,0xfc,0xc3,0x87,0xf1,0xb6,0xe6,0x7f,0x31,0x1f,0xd7,0xb6,
    0x52,0x8e,0x86,0x37,0x87,0x7f,0xe0,0x34,0x7e,0xdd,0x02,0x00,0xbf,0xdb,0xfa,0x61,
    0x7f,0x18,0xc6,0x43,0xc8,0xe1,0x8d,0xc8,0x34,0xff,0xf0,0xee,0x34,0xff,0xc0,0xc7,
    0x64,0x00,0x00,0x00,0xde,0xdb,0x7a,0xe3,0x7f,0xf8,0xdc,0xf1,0xbe,0x1f,0xbf,0xef,
    0xfa,0xf1,0xfb,0xa6,0x29,0x59,0x68,0xfe,0xe1,0xbd,0xec,0x3d,0x1b,0x9b,0xff,0x9d,
    0x27,0x9a,0x7f,0xe0,0xc3,0x33,0x00,0x00,0x00,0xef,0x65,0xbd,0xf1,0x1f,0xef,0xf0,
    0x3f,0x64,0xd9,0x25,0x5d,0x37,0x8e,0x00,0xfb,0xcb,0x21,0x07,0x5d,0x32,0x69,0x87,
    0x2c,0xe6,0xad,0xe6,0x1f,0xde,0xc3,0xee,0x5e,0x97,0x9f,0x6f,0x6b,0xfe,0x81,0x8f,
    0xc3,0x00,0x00,0x00,0xbc,0x97,0xe3,0x8d,0x7f,0xd3,0x94,0x4c,0x86,0xf1,0xe9,0xe3,
    0x7d,0x73,0x74,0x05,0x40,0xbb,0xba,0x02,0x40,0xf3,0x0f,0xef,0xe6,0xe5,0xaa,0xf9,
    0xff,0x45,0xf3,0x0f,0x7c,0x24,0x7e,0xfd,0x02,0x00,0xef,0x65,0xfc,0xd4,0x7f,0x7c,
    0xdd,0x34,0xc9,0xc6,0xb4,0x64,0x36,0x29,0x99,0xb4,0x25,0xa5,0x24,0x2f,0xf6,0x87,
    0xec,0x2f,0x87,0x4c,0x27,0x25,0xd7,0x2e,0x6b,0xfe,0x61,0xdd,0x7a,0xe3,0xdf,0xf5,
    0x79,0x75,0xc3,0x8c,0x92,0xe4,0xf1,0xd3,0x3e,0x77,0x77,0x96,0xab,0x2f,0xcd,0x3f,
    0xf0,0xe1,0x19,0x00,0x00,0x80,0xb7,0x5a,0x6f,0xfe,0xf7,0x97,0x43,0x0e,0x96,0xe3,
    0x9f,0x2f,0xe6,0x25,0xe7,0x17,0x25,0xdf,0x5d,0x6a,0xb3,0xbd,0xd5,0x66,0x36,0x29,
    0xd9,0x5f,0x0e,0x59,0x76,0x43,0xda,0xb6,0x64,0xfb,0xeb,0x46,0xf3,0x0f,0x6b,0x9e,
    0x3e,0x1f,0x1b,0xff,0x07,0x8f,0xbb,0x3c,0x7b,0x31,0xa4,0x1f,0x92,0xa6,0x24,0x6d,
    0x3b,0xfe,0xdd,0x2f,0x77,0x96,0xb9,0xff,0xb8,0xcf,0x73,0xcd,0x3f,0xf0,0x11,0x18,
    0x00,0x00,0x80,0x53,0xad,0x37,0xff,0x7d,0x9f,0x1c,0x2c,0x93,0xe7,0xfb,0xe3,0x65,
    0xc9,0x8b,0x79,0xc9,0xc5,0xf3,0x6d,0x6e,0x5e,0x9f,0xe6,0xe6,0x8d,0x69,0xce,0x6d,
    0x96,0x74,0x5d,0x5e,0x1d,0x6a,0x16,0x1b,0x45,0xf3,0x0f,0x6b,0x76,0xf7,0xba,0xfc,
    0xf3,0xd6,0xd8,0xf8,0xef,0xfc,0xd6,0xa7,0xeb,0x86,0x55,0x16,0x33,0x8e,0x67,0x3b,
    0x4f,0xba,0xec,0xee,0x75,0x49,0x34,0xff,0xc0,0x87,0x67,0x00,0x00,0x00,0x4e,0x75,
    0xbc,0xf9,0x3f,0xd4,0x36,0xc9,0xe6,0xbc,0xe4,0xea,0x85,0x26,0x3f,0x7d,0x3f,0xc9,
    0xdf,0x7e,0x9c,0xe5,0xc2,0xb9,0x66,0x3c,0x9c,0xac,0x2e,0x6b,0x6e,0x9b,0x68,0xfe,
    0x61,0x65,0x7f,0xd5,0xf8,0xff,0x6b,0xd5,0xf8,0xdf,0x7d,0xd8,0xe5,0x60,0x39,0x64,
    0x36,0x29,0xd9,0x98,0x95,0x0c,0xc3,0x98,0x06,0xec,0x2f,0xc7,0xbc,0x46,0xf3,0x0f,
    0x7c,0x68,0x7e,0x1d,0x03,0x00,0xa7,0x5a,0x6f,0xfe,0x4b,0x49,0x36,0x66,0x25,0x1b,
    0xb3,0x26,0x8b,0x8d,0x26,0xd7,0xb6,0xdb,0x5c,0xdb,0x9e,0xac,0xbe,0xda,0xcc,0x5d,
    0xe6,0x0f,0xaf,0x59,0x6f,0xfe,0x1f,0x3e,0xe9,0x73,0xeb,0xfe,0x32,0xb7,0x1f,0x8c,
    0x8d,0xff,0xfa,0x00,0x30,0x9f,0x95,0x31,0x05,0x68,0x92,0xb6,0x1d,0x5f,0x6b,0xfe,
    0x81,0x0f,0xcd,0x00,0x00,0x00,0xbc,0xe1,0xa4,0xe6,0x7f,0x73,0x5e,0x72,0xe1,0x5c,
    0x93,0xed,0xad,0x26,0xdf,0x5e,0x6a,0x73,0xed,0x72,0x9b,0x9f,0x56,0x8d,0xbf,0xc3,
    0x3f,0xbc,0x69,0xbd,0xf9,0xff,0x75,0xb7,0xcf,0x3f,0xfe,0x7d,0x90,0x7b,0x8f,0xba,
    0x3c,0x7b,0x39,0xa4,0xeb,0xc7,0x7b,0x00,0x74,0xfd,0x90,0xe5,0xea,0x53,0xff,0x21,
    0x25,0xa5,0x0c,0x69,0x56,0x37,0xd5,0x4c,0x8c,0x00,0xc0,0x87,0x63,0x00,0x00,0x00,
    0x5e,0x73,0x5a,0xf3,0xbf,0x39,0x2f,0xd9,0xde,0x6a,0xf2,0xd7,0x3f,0x4d,0xf3,0xe7,
    0x1f,0x66,0xf9,0xe6,0x62,0x93,0xed,0x2d,0x8d,0x3f,0x9c,0x64,0xbd,0xf9,0xbf,0xfb,
    0x70,0xbc,0xb3,0xff,0xce,0x93,0xf1,0x92,0x9a,0xcd,0x79,0x93,0x7e,0xf5,0xc8,0xcc,
    0x76,0xf5,0x69,0x7f,0xd3,0x8c,0x8f,0xd6,0x4c,0x34,0xff,0xc0,0x87,0x67,0x00,0x00,
    0x00,0x5e,0x73,0x5a,0xf3,0xbf,0x98,0x97,0x7c,0x7b,0xa9,0xcd,0x5f,0x7e,0x98,0xe6,
    0xef,0x37,0x67,0xb9,0xbc,0xd5,0x68,0xfc,0xe1,0x04,0xc7,0x9b,0xff,0x3b,0x3b,0x5d,
    0x9e,0xbd,0x18,0xc7,0xb4,0xb6,0x49,0xbe,0x9a,0x97,0xf1,0x13,0xff,0x1c,0x0d,0x6f,
    0x39,0xf6,0xda,0xe1,0x1f,0xf8,0x90,0xfc,0xba,0x06,0x00,0x5e,0xf3,0xb6,0xe6,0xff,
    0xfa,0x95,0x49,0x6e,0x5c,0x9d,0xe4,0xfa,0x95,0xd6,0xa3,0xfd,0xe0,0x98,0xd3,0x9a,
    0xff,0x7b,0x8f,0xba,0x74,0xfd,0x90,0xcd,0x59,0x93,0xc5,0xbc,0x68,0xfc,0x81,0x3f,
    0x9c,0x01,0x00,0x00,0x78,0xaf,0xe6,0xff,0xc7,0x55,0xf3,0xef,0xf0,0x0f,0x6f,0x3a,
    0xbd,0xf9,0x7f,0xfd,0x67,0x35,0xfe,0xc0,0x1f,0xcd,0x00,0x00,0x00,0x95,0x7b,0xdf,
    0xe6,0xff,0xca,0x05,0xcd,0x3f,0x9c,0xe4,0xd4,0xe6,0x7f,0x56,0x92,0x94,0x4c,0x27,
    0x47,0x87,0x7e,0x8d,0x3f,0xf0,0x47,0x32,0x00,0x00,0x40,0xe5,0x34,0xff,0xf0,0x61,
    0xbc,0xad,0xf9,0x5f,0xcc,0xc7,0xb5,0xad,0x94,0xa3,0xe1,0xcd,0xe1,0x1f,0xf8,0x23,
    0xf9,0xf5,0x0d,0x00,0x15,0x5a,0x3f,0xec,0x0f,0xc3,0x78,0x08,0x39,0xbc,0x11,0x99,
    0xe6,0x1f,0xde,0x9d,0xe6,0x1f,0xf8,0x92,0x18,0x00,0x00,0xa0,0x02,0xeb,0x8d,0xff,
    0xe1,0x73,0xc7,0xfb,0x7e,0xfc,0xbe,0xeb,0xc7,0xef,0x9b,0xa6,0x64,0xa1,0xf9,0x87,
    0xf7,0xb2,0xf7,0x6c,0x6c,0xfe,0x77,0x9e,0x68,0xfe,0x81,0xcf,0x9f,0x01,0x00,0x00,
    0xce,0xb8,0xf5,0xc6,0x7f,0xbc,0xc3,0xff,0x90,0x65,0x97,0x74,0xdd,0x38,0x02,0xec,
    0x2f,0x87,0x1c,0x74,0xc9,0xa4,0x1d,0xb2,0x98,0xb7,0x9a,0x7f,0x78,0x0f,0xbb,0x7b,
    0x5d,0x7e,0xbe,0xad,0xf9,0x07,0xbe,0x0c,0x06,0x00,0x00,0x38,0xe3,0x8e,0x37,0xfe,
    0x4d,0x53,0x32,0x19,0xc6,0xa7,0x8f,0xf7,0xcd,0xd1,0x15,0x00,0xed,0xea,0x0a,0x00,
    0xcd,0x3f,0xbc,0x9b,0x97,0xab,0xe6,0xff,0x17,0xcd,0x3f,0xf0,0x85,0xf0,0xeb,0x1c,
    0x00,0xce,0xb8,0xf1,0x53,0xff,0xf1,0x75,0xd3,0x24,0x1b,0xd3,0x92,0xd9,0xa4,0x64,
    0xd2,0x96,0x94,0x92,0xbc,0xd8,0x1f,0xb2,0xbf,0x1c,0x32,0x9d,0x94,0x5c,0xbb,0xac,
    0xf9,0x87,0x75,0xeb,0x8d,0x7f,0xd7,0xe7,0xd5,0x0d,0x33,0x4a,0x92,0xc7,0x4f,0xfb,
    0xdc,0xdd,0x59,0xae,0xbe,0x34,0xff,0xc0,0xe7,0xcf,0x00,0x00,0x00,0x67,0xd0,0x7a,
    0xf3,0xbf,0xbf,0x1c,0x72,0xb0,0x1c,0xff,0x7c,0x31,0x2f,0x39,0xbf,0x28,0xf9,0xee,
    0x52,0x9b,0xed,0xad,0x36,0xb3,0x49,0xc9,0xfe,0x72,0xc8,0xb2,0x1b,0xd2,0xb6,0x25,
    0xdb,0x5f,0x37,0x9a,0x7f,0x58,0xf3,0xf4,0xf9,0xd8,0xf8,0x3f,0x78,0xdc,0xe5,0xd9,
    0x8b,0x21,0xfd,0x90,0x34,0x25,0x69,0xdb,0xf1,0xef,0x7e,0xb9,0xb3,0xcc,0xfd,0xc7,
    0x7d,0x9e,0x6b,0xfe,0x81,0x2f,0x80,0x01,0x00,0x00,0xce,0x98,0xf5,0xe6,0xbf,0xef,
    0x93,0x83,0x65,0xf2,0x7c,0x7f,0xbc,0x2c,0x79,0x31,0x2f,0xb9,0x78,0xbe,0xcd,0xcd,
    0xeb,0xd3,0xdc,0xbc,0x31,0xcd,0xb9,0xcd,0x92,0xae,0xcb,0xab,0x43,0xcd,0x62,0xa3,
    0x68,0xfe,0x61,0xcd,0xee,0x5e,0x97,0x7f,0xde,0x1a,0x1b,0xff,0x9d,0xdf,0xfa,0x74,
    0xdd,0xb0,0xca,0x62,0xc6,0xf1,0x6c,0xe7,0x49,0x97,0xdd,0xbd,0x2e,0x89,0xe6,0x1f,
    0xf8,0xfc,0x19,0x00,0x00,0xe0,0x8c,0x39,0xde,0xfc,0x1f,0x6a,0x9b,0x64,0x73,0x5e,
    0x72,0xf5,0x42,0x93,0x9f,0xbe,0x9f,0xe4,0x6f,0x3f,0xce,0x72,0xe1,0x5c,0x33,0x1e,
    0x4e,0x56,0x97,0x35,0xb7,0x4d,0x34,0xff,0xb0,0xb2,0xbf,0x6a,0xfc,0xff,0xb5,0x6a,
    0xfc,0xef,0x3e,0xec,0x72,0xb0,0x1c,0x32,0x9b,0x94,0x6c,0xcc,0x4a,0x86,0x61,0x4c,
    0x03,0xf6,0x97,0x63,0x5e,0xa3,0xf9,0x07,0x3e,0x77,0x7e,0xbd,0x03,0xc0,0x19,0xb3,
    0xde,0xfc,0x97,0x92,0x6c,0xcc,0x4a,0x36,0x66,0x4d,0x16,0x1b,0x4d,0xae,0x6d,0xb7,
    0xb9,0xb6,0x3d,0x59,0x7d,0xb5,0x99,0xbb,0xcc,0x1f,0x5e,0xb3,0xde,0xfc,0x3f,0x7c,
    0xd2,0xe7,0xd6,0xfd,0x65,0x6e,0x3f,0x18,0x1b,0xff,0xf5,0x01,0x60,0x3e,0x2b,0x63,
    0x0a,0xd0,0x24,0x6d,0x3b,0xbe,0xd6,0xfc,0x03,0x9f,0x3b,0x03,0x00,0x00,0x9c,0x01,
    0x27,0x35,0xff,0x9b,0xf3,0x92,0x0b,0xe7,0x9a,0x6c,0x6f,0x35,0xf9,0xf6,0x52,0x9b,
    0x6b,0x97,0xdb,0xfc,0xb4,0x6a,0xfc,0x1d,0xfe,0xe1,0x4d,0xeb,0xcd,0xff,0xaf,0xbb,
    0x7d,0xfe,0xf1,0xef,0x83,0xdc,0x7b,0xd4,0xe5,0xd9,0xcb,0x21,0x5d,0x3f,0xde,0x03,
    0xa0,0xeb,0x87,0x2c,0x57,0x9f,0xfa,0x0f,0x29,0x29,0x65,0x48,0xb3,0xba,0xa9,0x66,
    0x62,0x04,0x00,0x3e,0x5f,0x06,0x00,0x00,0xf8,0xc2,0x9d,0xd6,0xfc,0x6f,0xce,0x4b,
    0xb6,0xb7,0x9a,0xfc,0xf5,0x4f,0xd3,0xfc,0xf9,0x87,0x59,0xbe,0xb9,0xd8,0x64,0x7b,
    0x4b,0xe3,0x0f,0x27,0x59,0x6f,0xfe,0xef,0x3e,0x1c,0xef,0xec,0xbf,0xf3,0x64,0xbc,
    0xa4,0x66,0x73,0xde,0xa4,0x5f,0x3d,0x32,0xb3,0x5d,0x7d,0xda,0xdf,0x34,0xe3,0xa3,
    0x35,0x13,0xcd,0x3f,0xf0,0xf9,0x33,0x00,0x00,0xc0,0x17,0xee,0xb4,0xe6,0x7f,0x31,
    0x2f,0xf9,0xf6,0x52,0x9b,0xbf,0xfc,0x30,0xcd,0xdf,0x6f,0xce,0x72,0x79,0xab,0xd1,
    0xf8,0xc3,0x09,0x8e,0x37,0xff,0x77,0x76,0xba,0x3c,0x7b,0x31,0x8e,0x69,0x6d,0x93,
    0x7c,0x35,0x2f,0xe3,0x27,0xfe,0x39,0x1a,0xde,0x72,0xec,0xb5,0xc3,0x3f,0xf0,0x39,
    0xf3,0xeb,0x1f,0x00,0xbe,0x40,0xeb,0x87,0xfd,0x61,0x78,0x75,0x0f,0xbf,0xff,0xd8,
    0xfc,0x5f,0xbf,0x32,0xc9,0x8d,0xab,0x93,0x5c,0xbf,0xd2,0x7a,0xb4,0x1f,0x1c,0x73,
    0x5a,0xf3,0x7f,0xef,0x51,0x97,0xae,0x1f,0xb2,0x39,0x6b,0xb2,0x98,0x17,0x8d,0x3f,
    0xf0,0xc5,0x33,0x00,0x00,0xc0,0x17,0x60,0xbd,0xf1,0x3f,0x6c,0x90,0xfb,0x7e,0xfc,
    0xbe,0xeb,0xc7,0xef,0x9b,0x66,0x7c,0xcc,0xdf,0xf1,0xe6,0xff,0xc7,0x55,0xf3,0xef,
    0xf0,0x0f,0x6f,0xda,0x7b,0x36,0x36,0xff,0x3b,0x4f,0xfe,0x53,0xf3,0xff,0xfa,0xcf,
    0x6a,0xfc,0x81,0x2f,0x9d,0x01,0x00,0x00,0x3e,0x73,0xeb,0x8d,0xff,0x78,0x87,0xff,
    0x21,0xcb,0x2e,0xe9,0xba,0x71,0x04,0xd8,0x5f,0x0e,0x39,0xe8,0x92,0x49,0x3b,0x64,
    0x31,0x6f,0xdf,0x68,0xfe,0xaf,0x5c,0xd0,0xfc,0xc3,0x49,0x76,0xf7,0xba,0xfc,0x7c,
    0xfb,0x84,0xe6,0x7f,0x56,0x92,0x94,0x4c,0x27,0x47,0x87,0x7e,0x8d,0x3f,0xf0,0x25,
    0x33,0x00,0x00,0xc0,0x67,0xee,0x78,0xe3,0xdf,0x34,0x25,0x93,0x61,0x2c,0x91,0xfb,
    0xe6,0xe8,0x0a,0x80,0x76,0x75,0x05,0x80,0xe6,0x1f,0xde,0xcd,0xcb,0x55,0xf3,0xff,
    0xcb,0x09,0xcd,0xff,0x62,0x3e,0xae,0x6f,0xa5,0x1c,0x0d,0x71,0x0e,0xff,0xc0,0x97,
    0xcc,0xdb,0x01,0x00,0xf8,0xcc,0x8d,0x9f,0xfa,0x8f,0xaf,0x9b,0x26,0xd9,0x98,0x96,
    0xcc,0x26,0x25,0x93,0xd5,0x63,0xc7,0x5e,0xec,0x0f,0xd9,0x5f,0x0e,0x99,0x4e,0x4a,
    0xae,0x5d,0xd6,0xfc,0xc3,0xba,0xf5,0xc6,0xbf,0xeb,0xf3,0xea,0x86,0x19,0x25,0xc9,
    0xe3,0xa7,0x7d,0xee,0xee,0x2c,0x57,0x5f,0x9a,0x7f,0xe0,0xec,0x33,0x00,0x00,0xc0,
    0x67,0x68,0xbd,0xf9,0xdf,0x5f,0x0e,0x39,0x58,0x8e,0x7f,0xbe,0x98,0x97,0x9c,0x5f,
    0x94,0x7c,0x77,0xa9,0xcd,0xf6,0x56,0x9b,0xd9,0xa4,0x64,0x7f,0x39,0x64,0xd9,0x0d,
    0x69,0xdb,0x92,0xed,0xaf,0x1b,0xcd,0x3f,0xac,0x79,0xfa,0x7c,0x6c,0xfc,0x1f,0x3c,
    0xee,0xf2,0xec,0xc5,0x90,0x7e,0x48,0x9a,0x92,0xb4,0xed,0xf8,0x77,0xbf,0xdc,0x59,
    0xe6,0xfe,0xe3,0x3e,0xcf,0x35,0xff,0x40,0x05,0x0c,0x00,0x00,0xf0,0x99,0x59,0x6f,
    0xfe,0xfb,0x3e,0x39,0x58,0x26,0xcf,0xf7,0xc7,0xcb,0x92,0x17,0xf3,0x92,0x8b,0xe7,
    0xdb,0xdc,0xbc,0x3e,0xcd,0xcd,0x1b,0xd3,0x9c,0xdb,0x2c,0xe9,0xba,0xbc,0x3a,0xd4,
    0x2c,0x36,0x8a,0xe6,0x1f,0xd6,0xec,0xee,0x75,0xf9,0xe7,0xad,0xb1,0xf1,0xdf,0xf9,
    0xad,0x4f,0xd7,0x0d,0xab,0x2c,0x66,0x1c,0xcf,0x76,0x9e,0x74,0xd9,0xdd,0xeb,0x92,
    0x68,0xfe,0x81,0xb3,0xcf,0x00,0x00,0x00,0x9f,0x99,0xe3,0xcd,0xff,0xa1,0xb6,0x49,
    0x36,0xe7,0x25,0x57,0x2f,0x34,0xf9,0xe9,0xfb,0x49,0xfe,0xf6,0xe3,0x2c,0x17,0xce,
    0x35,0xe3,0xe1,0x64,0x75,0x59,0x73,0xdb,0x44,0xf3,0x0f,0x2b,0xfb,0xab,0xc6,0xff,
    0x5f,0xab,0xc6,0xff,0xee,0xc3,0x2e,0x07,0xcb,0x21,0xb3,0x49,0xc9,0xc6,0xac,0x64,
    0x18,0xc6,0x34,0x60,0x7f,0x39,0xe6,0x35,0x9a,0x7f,0xe0,0xac,0xf3,0xf6,0x00,0x00,
    0x3e,0x33,0xeb,0xcd,0x7f,0x29,0xc9,0xc6,0xac,0x64,0x63,0xd6,0x64,0xb1,0xd1,0xe4,
    0xda,0x76,0x9b,0x6b,0xdb,0x93,0xd5,0x57,0x9b,0xb9,0xcb,0xfc,0xe1,0x35,0xeb,0xcd,
    0xff,0xc3,0x27,0x7d,0x6e,0xdd,0x5f,0xe6,0xf6,0x83,0xb1,0xf1,0x5f,0x1f,0x00,0xe6,
    0xb3,0x32,0xa6,0x00,0x4d,0xd2,0xb6,0xe3,0x6b,0xcd,0x3f,0x70,0xd6,0x19,0x00,0x00,
    0xe0,0x33,0x70,0x52,0xf3,0xbf,0x39,0x2f,0xb9,0x70,0xae,0xc9,0xf6,0x56,0x93,0x6f,
    0x2f,0xb5,0xb9,0x76,0xb9,0xcd,0x4f,0xab,0xc6,0xdf,0xe1,0x1f,0xde,0xb4,0xde,0xfc,
    0xff,0xba,0xdb,0xe7,0x1f,0xff,0x3e,0xc8,0xbd,0x47,0x5d,0x9e,0xbd,0x1c,0xd2,0xf5,
    0xe3,0x3d,0x00,0xba,0x7e,0xc8,0x72,0xf5,0xa9,0xff,0x90,0x92,0x52,0x86,0x34,0xab,
    0x9b,0x6a,0x26,0x46,0x00,0xe0,0xec,0x32,0x00,0x00,0xc0,0x27,0x76,0x5a,0xf3,0xbf,
    0x39,0x2f,0xd9,0xde,0x6a,0xf2,0xd7,0x3f,0x4d,0xf3,0xe7,0x1f,0x66,0xf9,0xe6,0x62,
    0x93,0xed,0x2d,0x8d,0x3f,0x9c,0x64,0xbd,0xf9,0xbf,0xfb,0x70,0xbc,0xb3,0xff,0xce,
    0x93,0xf1,0x92,0x9a,0xcd,0x79,0x93,0x7e,0xf5,0xc8,0xcc,0x76,0xf5,0x69,0x7f,0xd3,
    0x8c,0x8f,0xd6,0x4c,0x34,0xff,0xc0,0xd9,0x67,0x00,0x00,0x80,0x4f,0xec,0xb4,0xe6,
    0x7f,0x31,0x2f,0xf9,0xf6,0x52,0x9b,0xbf,0xfc,0x30,0xcd,0xdf,0x6f,0xce,0x72,0x79,
    0xab,0xd1,0xf8,0xc3,0x09,0x8e,0x37,0xff,0x77,0x76,0xba,0x3c,0x7b,0x31,0x8e,0x69,
    0x6d,0x93,0x7c,0x35,0x2f,0xe3,0x27,0xfe,0x39,0x1a,0xde,0x72,0xec,0xb5,0xc3,0x3f,
    0x70,0x96,0x79,0xfb,0x00,0x00,0x9f,0xd8,0xdb,0x9a,0xff,0xeb,0x57,0x26,0xb9,0x71,
    0x75,0x92,0xeb,0x57,0x5a,0x8f,0xf6,0x83,0x63,0x4e,0x6b,0xfe,0xef,0x3d,0xea,0xd2,
    0xf5,0x43,0x36,0x67,0x4d,0x16,0xf3,0xa2,0xf1,0x07,0xaa,0x67,0x00,0x00,0x80,0x4f,
    0xe0,0x7d,0x9a,0xff,0x1f,0x57,0xcd,0xbf,0xc3,0x3f,0xbc,0xe9,0xf4,0xe6,0xff,0xf5,
    0x9f,0xd5,0xf8,0x03,0xb5,0x33,0x00,0x00,0xc0,0x1f,0xec,0x7d,0x9b,0xff,0x2b,0x17,
    0x34,0xff,0x70,0x92,0x53,0x9b,0xff,0x59,0x49,0x52,0x32,0x9d,0x1c,0x1d,0xfa,0x35,
    0xfe,0x40,0xcd,0x0c,0x00,0x00,0xf0,0x07,0xd3,0xfc,0xc3,0x87,0xf1,0xb6,0xe6,0x7f,
    0x31,0x1f,0xd7,0xb6,0x52,0x8e,0x86,0x37,0x87,0x7f,0xa0,0x66,0xde,0x4e,0x00,0xc0,
    0x1f,0x60,0xfd,0xb0,0x3f,0x0c,0xe3,0x21,0xe4,0xf0,0x46,0x64,0x9a,0x7f,0x78,0x77,
    0x9a,0x7f,0x80,0xff,0x9e,0x01,0x00,0x00,0x3e,0x82,0xf5,0xc6,0xff,0xf0,0xb9,0xe3,
    0x7d,0x3f,0x7e,0xdf,0xf5,0xe3,0xf7,0x4d,0x53,0xb2,0xd0,0xfc,0xc3,0x7b,0xd9,0x7b,
    0x36,0x36,0xff,0x3b,0x4f,0x34,0xff,0x00,0xef,0xcb,0x00,0x00,0x00,0x1f,0xd8,0x7a,
    0xe3,0x3f,0xde,0xe1,0x7f,0xc8,0xb2,0x4b,0xba,0x6e,0x1c,0x01,0xf6,0x97,0x43,0x0e,
    0xba,0x64,0xd2,0x0e,0x59,0xcc,0x5b,0xcd,0x3f,0xbc,0x87,0xdd,0xbd,0x2e,0x3f,0xdf,
    0xd6,0xfc,0x03,0xfc,0x37,0x0c,0x00,0x00,0xf0,0x81,0x1d,0x6f,0xfc,0x9b,0xa6,0x64,
    0x32,0x8c,0x4f,0x1f,0xef,0x9b,0xa3,0x2b,0x00,0xda,0xd5,0x15,0x00,0x9a,0x7f,0x78,
    0x37,0x2f,0x57,0xcd,0xff,0x2f,0x9a,0x7f,0x80,0xff,0x8a,0xb7,0x17,0x00,0xf0,0x81,
    0x8d,0x9f,0xfa,0x8f,0xaf,0x9b,0x26,0xd9,0x98,0x96,0xcc,0x26,0x25,0x93,0xb6,0xa4,
    0x94,0xe4,0xc5,0xfe,0x90,0xfd,0xe5,0x90,0xe9,0xa4,0xe4,0xda,0x65,0xcd,0x3f,0xac,
    0x5b,0x6f,0xfc,0xbb,0x3e,0xaf,0x6e,0x98,0x51,0x92,0x3c,0x7e,0xda,0xe7,0xee,0xce,
    0x72,0xf5,0xa5,0xf9,0x07,0x78,0x5f,0x06,0x00,0x00,0xf8,0x00,0xd6,0x9b,0xff,0xfd,
    0xe5,0x90,0x83,0xe5,0xf8,0xe7,0x8b,0x79,0xc9,0xf9,0x45,0xc9,0x77,0x97,0xda,0x6c,
    0x6f,0xb5,0x99,0x4d,0x4a,0xf6,0x97,0x43,0x96,0xdd,0x90,0xb6,0x2d,0xd9,0xfe,0xba,
    0xd1,0xfc,0xc3,0x9a,0xa7,0xcf,0xc7,0xc6,0xff,0xc1,0xe3,0x2e,0xcf,0x5e,0x0c,0xe9,
    0x87,0xa4,0x29,0x49,0xdb,0x8e,0x7f,0xf7,0xcb,0x9d,0x65,0xee,0x3f,0xee,0xf3,0x5c,
    0xf3,0x0f,0xf0,0xde,0x0c,0x00,0x00,0xf0,0x3b,0xad,0x37,0xff,0x7d,0x9f,0x1c,0x2c,
    0x93,0xe7,0xfb,0xe3,0x65,0xc9,0x8b,0x79,0xc9,0xc5,0xf3,0x6d,0x6e,0x5e,0x9f,0xe6,
    0xe6,0x8d,0x69,0xce,0x6d,0x96,0x74,0x5d,0x5e,0x1d,0x6a,0x16,0x1b,0x45,0xf3,0x0f,
    0x6b,0x76,0xf7,0xba,0xfc,0xf3,0xd6,0xd8,0xf8,0xef,0xfc,0xd6,0xa7,0xeb,0x86,0x55,
    0x16,0x33,0x8e,0x67,0x3b,0x4f,0xba,0xec,0xee,0x75,0x49,0x34,0xff,0x00,0xef,0xcb,
    0x00,0x00,0x00,0xbf,0xd3,0xf1,0xe6,0xff,0x50,0xdb,0x24,0x9b,0xf3,0x92,0xab,0x17,
    0x9a,0xfc,0xf4,0xfd,0x24,0x7f,0xfb,0x71,0x96,0x0b,0xe7,0x9a,0xf1,0x70,0xb2,0xba,
    0xac,0xb9,0x6d,0xa2,0xf9,0x87,0x95,0xfd,0x55,0xe3,0xff,0xaf,0x55,0xe3,0x7f,0xf7,
    0x61,0x97,0x83,0xe5,0x90,0xd9,0xa4,0x64,0x63,0x56,0x32,0x0c,0x63,0x1a,0xb0,0xbf,
    0x1c,0xf3,0x1a,0xcd,0x3f,0xc0,0xfb,0xf1,0x76,0x03,0x00,0x7e,0xa7,0xf5,0xe6,0xbf,
    0x94,0x64,0x63,0x56,0xb2,0x31,0x6b,0xb2,0xd8,0x68,0x72,0x6d,0xbb,0xcd,0xb5,0xed,
    0xc9,0xea,0xab,0xcd,0xdc,0x65,0xfe,0xf0,0x9a,0xf5,0xe6,0xff,0xe1,0x93,0x3e,0xb7,
    0xee,0x2f,0x73,0xfb,0xc1,0xd8,0xf8,0xaf,0x0f,0x00,0xf3,0x59,0x19,0x53,0x80,0x26,
    0x69,0xdb,0xf1,0xb5,0xe6,0x1f,0xe0,0xfd,0x18,0x00,0x00,0xe0,0xbf,0x70,0x52,0xf3,
    0xbf,0x39,0x2f,0xb9,0x70,0xae,0xc9,0xf6,0x56,0x93,0x6f,0x2f,0xb5,0xb9,0x76,0xb9,
    0xcd,0x4f,0xab,0xc6,0xdf,0xe1,0x1f,0xde,0xb4,0xde,0xfc,0xff,0xba,0xdb,0xe7,0x1f,
    0xff,0x3e,0xc8,0xbd,0x47,0x5d,0x9e,0xbd,0x1c,0xd2,0xf5,0xe3,0x3d,0x00,0xba,0x7e,
    0xc8,0x72,0xf5,0xa9,0xff,0x90,0x92,0x52,0x86,0x34,0xab,0x9b,0x6a,0x26,0x46,0x00,
    0x80,0x77,0x65,0x00,0x00,0x80,0xf7,0x74,0x5a,0xf3,0xbf,0x39,0x2f,0xd9,0xde,0x6a,
    0xf2,0xd7,0x3f,0x4d,0xf3,0xe7,0x1f,0x66,0xf9,0xe6,0x62,0x93,0xed,0x2d,0x8d,0x3f,
    0x9c,0x64,0xbd,0xf9,0xbf,0xfb,0x70,0xbc,0xb3,0xff,0xce,0x93,0xf1,0x92,0x9a,0xcd,
    0x79,0x93,0x7e,0xf5,0xc8,0xcc,0x76,0xf5,0x69,0x7f,0xd3,0x8c,0x8f,0xd6,0x4c,0x34,
    0xff,0x00,0xef,0xcb,0x00,0x00,0x00,0xef,0xe9,0xb4,0xe6,0x7f,0x31,0x2f,0xf9,0xf6,
    0x52,0x9b,0xbf,0xfc,0x30,0xcd,0xdf,0x6f,0xce,0x72,0x79,0xab,0xd1,0xf8,0xc3,0x09,
    0x8e,0x37,0xff,0x77,0x76,0xba,0x3c,0x7b,0x31,0x8e,0x69,0x6d,0x93,0x7c,0x35,0x2f,
    0xe3,0x27,0xfe,0x39,0x1a,0xde,0x72,0xec,0xb5,0xc3,0x3f,0xc0,0xbb,0xf3,0x76,0x04,
    0x00,0xde,0xd3,0xdb,0x9a,0xff,0xeb,0x57,0x26,0xb9,0x71,0x75,0x92,0xeb,0x57,0x5a,
    0x8f,0xf6,0x83,0x63,0x4e,0x6b,0xfe,0xef,0x3d,0xea,0xd2,0xf5,0x43,0x36,0x67,0x4d,
    0x16,0xf3,0xa2,0xf1,0x07,0xf8,0xc0,0x0c,0x00,0x00,0xf0,0x0e,0xde,0xa7,0xf9,0xff,
    0x71,0xd5,0xfc,0x3b,0xfc,0xc3,0x9b,0x4e,0x6f,0xfe,0x5f,0xff,0x59,0x8d,0x3f,0xc0,
    0x87,0x65,0x00,0x00,0x80,0xb7,0x78,0xdf,0xe6,0xff,0xca,0x05,0xcd,0x3f,0x9c,0xe4,
    0xd4,0xe6,0x7f,0x56,0x92,0x94,0x4c,0x27,0x47,0x87,0x7e,0x8d,0x3f,0xc0,0x87,0x63,
    0x00,0x00,0x80,0xb7,0xd0,0xfc,0xc3,0x87,0xf1,0xb6,0xe6,0x7f,0x31,0x1f,0xd7,0xb6,
    0x52,0x8e,0x86,0x37,0x87,0x7f,0x80,0x0f,0xc7,0xdb,0x13,0x00,0xf8,0x0f,0xd6,0x0f,
    0xfb,0xc3,0x30,0x1e,0x42,0x0e,0x6f,0x44,0xa6,0xf9,0x87,0x77,0xa7,0xf9,0x07,0xf8,
    0x7c,0x18,0x00,0x00,0x20,0xaf,0x37,0xfe,0x87,0xcf,0x1d,0xef,0xfb,0xf1,0xfb,0xae,
    0x1f,0xbf,0x6f,0x9a,0x92,0x85,0xe6,0x1f,0xde,0xcb,0xde,0xb3,0xb1,0xf9,0xdf,0x79,
    0xa2,0xf9,0x07,0xf8,0xd4,0x0c,0x00,0x00,0x54,0x6f,0xbd,0xf1,0x1f,0xef,0xf0,0x3f,
    0x64,0xd9,0x25,0x5d,0x37,0x8e,0x00,0xfb,0xcb,0x21,0x07,0x5d,0x32,0x69,0x87,0x2c,
    0xe6,0xad,0xe6,0x1f,0xde,0xc3,0xee,0x5e,0x97,0x9f,0x6f,0x6b,0xfe,0x01,0x3e,0x07,
    0x06,0x00,0x00,0xaa,0x77,0xbc,0xf1,0x6f,0x9a,0x92,0xc9,0x30,0x3e,0x7d,0xbc,0x6f,
    0x8e,0xae,0x00,0x68,0x57,0x57,0x00,0x68,0xfe,0xe1,0xdd,0xbc,0x5c,0x35,0xff,0xbf,
    0x68,0xfe,0x01,0x3e,0x0b,0xde,0xae,0x00,0x50,0xbd,0xf1,0x53,0xff,0xf1,0x75,0xd3,
    0x24,0x1b,0xd3,0x92,0xd9,0xa4,0x64,0xd2,0x96,0x94,0x92,0xbc,0xd8,0x1f,0xb2,0xbf,
    0x1c,0x32,0x9d,0x94,0x5c,0xbb,0xac,0xf9,0x87,0x75,0xeb,0x8d,0x7f,0xd7,0xe7,0xd5,
    0x0d,0x33,0x4a,0x92,0xc7,0x4f,0xfb,0xdc,0xdd,0x59,0xae,0xbe,0x34,0xff,0x00,0x9f,
    0x9a,0x01,0x00,0x80,0x2a,0xad,0x37,0xff,0xfb,0xcb,0x21,0x07,0xcb,0xf1,0xcf,0x17,
    0xf3,0x92,0xf3,0x8b,0x92,0xef,0x2e,0xb5,0xd9,0xde,0x6a,0x33,0x9b,0x94,0xec,0x2f,
    0x87,0x2c,0xbb,0x21,0x6d,0x5b,0xb2,0xfd,0x75,0xa3,0xf9,0x87,0x35,0x4f,0x9f,0x8f,
    0x8d,0xff,0x83,0xc7,0x5d,0x9e,0xbd,0x18,0xd2,0x0f,0x49,0x53,0x92,0xb6,0x1d,0xff,
    0xee,0x97,0x3b,0xcb,0xdc,0x7f,0xdc,0xe7,0xb9,0xe6,0x1f,0xe0,0x93,0x33,0x00,0x00,
    0x50,0x9d,0xf5,0xe6,0xbf,0xef,0x93,0x83,0x65,0xf2,0x7c,0x7f,0xbc,0x2c,0x79,0x31,
    0x2f,0xb9,0x78,0xbe,0xcd,0xcd,0xeb,0xd3,0xdc,0xbc,0x31,0xcd,0xb9,0xcd,0x92,0xae,
    0xcb,0xab,0x43,0xcd,0x62,0xa3,0x68,0xfe,0x61,0xcd,0xee,0x5e,0x97,0x7f,0xde,0x1a,
    0x1b,0xff,0x9d,0xdf,0xfa,0x74,0xdd,0xb0,0xca,0x62,0xc6,0xf1,0x6c,0xe7,0x49,0x97,
    0xdd,0xbd,0x2e,0x89,0xe6,0x1f,0xe0,0x53,0x33,0x00,0x00,0x50,0x9d,0xe3,0xcd,0xff,
    0xa1,0xb6,0x49,0x36,0xe7,0x25,0x57,0x2f,0x34,0xf9,0xe9,0xfb,0x49,0xfe,0xf6,0xe3,
    0x2c,0x17,0xce,0x35,0xe3,0xe1,0x64,0x75,0x59,0x73,0xdb,0x44,0xf3,0x0f,0x2b,0xfb,
    0xab,0xc6,0xff,0x5f,0xab,0xc6,0xff,0xee,0xc3,0x2e,0x07,0xcb,0x21,0xb3,0x49,0xc9,
    0xc6,0xac,0x64,0x18,0xc6,0x34,0x60,0x7f,0x39,0xe6,0x35,0x9a,0x7f,0x80,0x4f,0xcb,
    0xdb,0x17,0x00,0xaa,0xb3,0xde,0xfc,0x97,0x92,0x6c,0xcc,0x4a,0x36,0x66,0x4d,0x16,
    0x1b,0x4d,0xae,0x6d,0xb7,0xb9,0xb6,0x3d,0x59,0x7d,0xb5,0x99,0xbb,0xcc,0x1f,0x5e,
    0xb3,0xde,0xfc,0x3f,0x7c,0xd2,0xe7,0xd6,0xfd,0x65,0x6e,0x3f,0x18,0x1b,0xff,0xf5,
    0x01,0x60,0x3e,0x2b,0x63,0x0a,0xd0,0x24,0x6d,0x3b,0xbe,0xd6,0xfc,0x03,0x7c,0x5a,
    0x06,0x00,0x00,0xaa,0x70,0x52,0xf3,0xbf,0x39,0x2f,0xb9,0x70,0xae,0xc9,0xf6,0x56,
    0x93,0x6f,0x2f,0xb5,0xb9,0x76,0xb9,0xcd,0x4f,0xab,0xc6,0xdf,0xe1,0x1f,0xde,0xb4,
    0xde,0xfc,0xff,0xba,0xdb,0xe7,0x1f,0xff,0x3e,0xc8,0xbd,0x47,0x5d,0x9e,0xbd,0x1c,
    0xd2,0xf5,0xe3,0x3d,0x00,0xba,0x7e,0xc8,0x72,0xf5,0xa9,0xff,0x90,0x92,0x52,0x86,
    0x34,0xab,0x9b,0x6a,0x26,0x46,0x00,0x80,0x4f,0xc5,0x00,0x00,0xc0,0x99,0x77,0x5a,
    0xf3,0xbf,0x39,0x2f,0xd9,0xde,0x6a,0xf2,0xd7,0x3f,0x4d,0xf3,0xe7,0x1f,0x66,0xf9,
    0xe6,0x62,0x93,0xed,0x2d,0x8d,0x3f,0x9c,0x64,0xbd,0xf9,0xbf,0xfb,0x70,0xbc,0xb3,
    0xff,0xce,0x93,0xf1,0x92,0x9a,0xcd,0x79,0x93,0x7e,0xf5,0xc8,0xcc,0x76,0xf5,0x69,
    0x7f,0xd3,0x8c,0x8f,0xd6,0x4c,0x34,0xff,0x00,0x9f,0x9a,0x01,0x00,0x80,0x33,0xef,
    0xb4,0xe6,0x7f,0x31,0x2f,0xf9,0xf6,0x52,0x9b,0xbf,0xfc,0x30,0xcd,0xdf,0x6f,0xce,
    0x72,0x79,0xab,0xd1,0xf8,0xc3,0x09,0x8e,0x37,0xff,0x77,0x76,0xba,0x3c,0x7b,0x31,
    0x8e,0x69,0x6d,0x93,0x7c,0x35,0x2f,0xe3,0x27,0xfe,0x39,0x1a,0xde,0x72,0xec,0xb5,
    0xc3,0x3f,0xc0,0xa7,0xe3,0xed,0x0d,0x00,0x67,0xde,0xdb,0x9a,0xff,0xeb,0x57,0x26,
    0xb9,0x71,0x75,0x92,0xeb,0x57,0x5a,0x8f,0xf6,0x83,0x63,0x4e,0x6b,0xfe,0xef,0x3d,
    0xea,0xd2,0xf5,0x43,0x36,0x67,0x4d,0x16,0xf3,0xa2,0xf1,0x07,0xf8,0xcc,0x19,0x00,
    0x00,0x38,0x93,0xde,0xa7,0xf9,0xff,0x71,0xd5,0xfc,0x3b,0xfc,0xc3,0x9b,0x4e,0x6f,
    0xfe,0x5f,0xff,0x59,0x8d,0x3f,0xc0,0xe7,0xcd,0x00,0x00,0xc0,0x99,0xf3,0xbe,0xcd,
    0xff,0x95,0x0b,0x9a,0x7f,0x38,0xc9,0xa9,0xcd,0xff,0xac,0x24,0x29,0x99,0x4e,0x8e,
    0x0e,0xfd,0x1a,0x7f,0x80,0xcf,0x97,0x01,0x00,0x80,0x33,0x47,0xf3,0x0f,0x1f,0xc6,
    0xdb,0x9a,0xff,0xc5,0x7c,0x5c,0xdb,0x4a,0x39,0x1a,0xde,0x1c,0xfe,0x01,0x3e,0x5f,
    0xde,0xee,0x00,0x70,0x26,0xac,0x1f,0xf6,0x87,0x61,0x3c,0x84,0x1c,0xde,0x88,0x4c,
    0xf3,0x0f,0xef,0x4e,0xf3,0x0f,0x70,0x76,0x19,0x00,0x00,0xf8,0x22,0xad,0x37,0xfe,
    0x87,0xcf,0x1d,0xef,0xfb,0xf1,0xfb,0xae,0x1f,0xbf,0x6f,0x9a,0x92,0x85,0xe6,0x1f,
    0xde,0xcb,0xde,0xb3,0xb1,0xf9,0xdf,0x79,0xa2,0xf9,0x07,0x38,0x6b,0x0c,0x00,0x00,
    0x7c,0x71,0xd6,0x1b,0xff,0xf1,0x0e,0xff,0x43,0x96,0x5d,0xd2,0x75,0xe3,0x08,0xb0,
    0xbf,0x1c,0x72,0xd0,0x25,0x93,0x76,0xc8,0x62,0xde,0x6a,0xfe,0xe1,0x3d,0xec,0xee,
    0x75,0xf9,0xf9,0xb6,0xe6,0x1f,0xe0,0x2c,0x32,0x00,0x00,0xf0,0xc5,0x39,0xde,0xf8,
    0x37,0x4d,0xc9,0x64,0x18,0x9f,0x3e,0xde,0x37,0x47,0x57,0x00,0xb4,0xab,0x2b,0x00,
    0x34,0xff,0xf0,0x6e,0x5e,0xae,0x9a,0xff,0x5f,0x34,0xff,0x00,0x67,0x92,0xb7,0x3f,
    0x00,0x7c,0x71,0xc6,0x4f,0xfd,0xc7,0xd7,0x4d,0x93,0x6c,0x4c,0x4b,0x66,0x93,0x92,
    0x49,0x5b,0x52,0x4a,0xf2,0x62,0x7f,0xc8,0xfe,0x72,0xc8,0x74,0x52,0x72,0xed,0xb2,
    0xe6,0x1f,0xd6,0xad,0x37,0xfe,0x5d,0x9f,0x57,0x37,0xcc,0x28,0x49,0x1e,0x3f,0xed,
    0x73,0x77,0x67,0xb9,0xfa,0xd2,0xfc,0x03,0x9c,0x35,0x06,0x00,0x00,0xbe,0x08,0xeb,
    0xcd,0xff,0xfe,0x72,0xc8,0xc1,0x72,0xfc,0xf3,0xc5,0xbc,0xe4,0xfc,0xa2,0xe4,0xbb,
    0x4b,0x6d,0xb6,0xb7,0xda,0xcc,0x26,0x25,0xfb,0xcb,0x21,0xcb,0x6e,0x48,0xdb,0x96,
    0x6c,0x7f,0xdd,0x68,0xfe,0x61,0xcd,0xd3,0xe7,0x63,0xe3,0xff,0xe0,0x71,0x97,0x67,
    0x2f,0x86,0xf4,0x43,0xd2,0x94,0xa4,0x6d,0xc7,0xbf,0xfb,0xe5,0xce,0x32,0xf7,0x1f,
    0xf7,0x79,0xae,0xf9,0x07,0x38,0x73,0x0c,0x00,0x00,0x7c,0xf6,0xd6,0x9b,0xff,0xbe,
    0x4f,0x0e,0x96,0xc9,0xf3,0xfd,0xf1,0xb2,0xe4,0xc5,0xbc,0xe4,0xe2,0xf9,0x36,0x37,
    0xaf,0x4f,0x73,0xf3,0xc6,0x34,0xe7,0x36,0x4b,0xba,0x2e,0xaf,0x0e,0x35,0x8b,0x8d,
    0xa2,0xf9,0x87,0x35,0xbb,0x7b,0x5d,0xfe,0x79,0x6b,0x6c,0xfc,0x77,0x7e,0xeb,0xd3,
    0x75,0xc3,0x2a,0x8b,0x19,0xc7,0xb3,0x9d,0x27,0x5d,0x76,0xf7,0xba,0x24,0x9a,0x7f,
    0x80,0xb3,0xc6,0x00,0x00,0xc0,0x67,0xef,0x78,0xf3,0x7f,0xa8,0x6d,0x92,0xcd,0x79,
    0xc9,0xd5,0x0b,0x4d,0x7e,0xfa,0x7e,0x92,0xbf,0xfd,0x38,0xcb,0x85,0x73,0xcd,0x78,
    0x38,0x59,0x5d,0xd6,0xdc,0x36,0xd1,0xfc,0xc3,0xca,0xfe,0xaa,0xf1,0xff,0xd7,0xaa,
    0xf1,0xbf,0xfb,0xb0,0xcb,0xc1,0x72,0xc8,0x6c,0x52,0xb2,0x31,0x2b,0x19,0x86,0x31,
    0x0d,0xd8,0x5f,0x8e,0x79,0x8d,0xe6,0x1f,0xe0,0x6c,0xf1,0x76,0x08,0x80,0xcf,0xde,
    0x7a,0xf3,0x5f,0x4a,0xb2,0x31,0x2b,0xd9,0x98,0x35,0x59,0x6c,0x34,0xb9,0xb6,0xdd,
    0xe6,0xda,0xf6,0x64,0xf5,0xd5,0x66,0xee,0x32,0x7f,0x78,0xcd,0x7a,0xf3,0xff,0xf0,
    0x49,0x9f,0x5b,0xf7,0x97,0xb9,0xfd,0x60,0x6c,0xfc,0xd7,0x07,0x80,0xf9,0xac,0x8c,
    0x29,0x40,0x93,0xb4,0xed,0xf8,0x5a,0xf3,0x0f,0x70,0xb6,0x18,0x00,0x00,0xf8,0x2c,
    0x9d,0xd4,0xfc,0x6f,0xce,0x4b,0x2e,0x9c,0x6b,0xb2,0xbd,0xd5,0xe4,0xdb,0x4b,0x6d,
    0xae,0x5d,0x6e,0xf3,0xd3,0xaa,0xf1,0x77,0xf8,0x87,0x37,0xad,0x37,0xff,0xbf,0xee,
    0xf6,0xf9,0xc7,0xbf,0x0f,0x72,0xef,0x51,0x97,0x67,0x2f,0x87,0x74,0xfd,0x78,0x0f,
    0x80,0xae,0x1f,0xb2,0x5c,0x7d,0xea,0x3f,0xa4,0xa4,0x94,0x21,0xcd,0xea,0xa6,0x9a,
    0x89,0x11,0x00,0xe0,0xac,0x30,0x00,0x00,0xf0,0xd9,0x39,0xad,0xf9,0xdf,0x9c,0x97,
    0x6c,0x6f,0x35,0xf9,0xeb,0x9f,0xa6,0xf9,0xf3,0x0f,0xb3,0x7c,0x73,0xb1,0xc9,0xf6,
    0x96,0xc6,0x1f,0x4e,0xb2,0xde,0xfc,0xdf,0x7d,0x38,0xde,0xd9,0x7f,0xe7,0xc9,0x78,
    0x49,0xcd,0xe6,0xbc,0x49,0xbf,0x7a,0x64,0x66,0xbb,0xfa,0xb4,0xbf,0x69,0xc6,0x47,
    0x6b,0x26,0x9a,0x7f,0x80,0xb3,0xc6,0x00,0x00,0xc0,0x67,0xe7,0xb4,0xe6,0x7f,0x31,
    0x2f,0xf9,0xf6,0x52,0x9b,0xbf,0xfc,0x30,0xcd,0xdf,0x6f,0xce,0x72,0x79,0xab,0xd1,
    0xf8,0xc3,0x09,0x8e,0x37,0xff,0x77,0x76,0xba,0x3c,0x7b,0x31,0x8e,0x69,0x6d,0x93,
    0x7c,0x35,0x2f,0xe3,0x27,0xfe,0x39,0x1a,0xde,0x72,0xec,0xb5,0xc3,0x3f,0xc0,0xd9,
    0xe1,0xed,0x12,0x00,0x9f,0x9d,0xb7,0x35,0xff,0xd7,0xaf,0x4c,0x72,0xe3,0xea,0x24,
    0xd7,0xaf,0xb4,0x1e,0xed,0x07,0xc7,0x9c,0xd6,0xfc,0xdf,0x7b,0xd4,0xa5,0xeb,0x87,
    0x6c,0xce,0x9a,0x2c,0xe6,0x45,0xe3,0x0f,0x50,0x19,0x03,0x00,0x00,0x9f,0x85,0xf7,
    0x69,0xfe,0x7f,0x5c,0x35,0xff,0x0e,0xff,0xf0,0xa6,0xd3,0x9b,0xff,0xd7,0x7f,0x56,
    0xe3,0x0f,0x50,0x17,0x03,0x00,0x00,0x9f,0xdc,0xfb,0x36,0xff,0x57,0x2e,0x68,0xfe,
    0xe1,0x24,0xa7,0x36,0xff,0xb3,0x92,0xa4,0x64,0x3a,0x39,0x3a,0xf4,0x6b,0xfc,0x01,
    0xea,0x61,0x00,0x00,0xe0,0x93,0xd3,0xfc,0xc3,0x87,0xf1,0xb6,0xe6,0x7f,0x31,0x1f,
    0xd7,0xb6,0x52,0x8e,0x86,0x37,0x87,0x7f,0x80,0x7a,0x78,0xfb,0x04,0xc0,0x27,0xb1,
    0x7e,0xd8,0x1f,0x86,0xf1,0x10,0x72,0x78,0x23,0x32,0xcd,0x3f,0xbc,0x3b,0xcd,0x3f,
    0x00,0xef,0xca,0x00,0x00,0xc0,0x1f,0x62,0xbd,0xf1,0x3f,0x7c,0xee,0x78,0xdf,0x8f,
    0xdf,0x77,0xfd,0xf8,0x7d,0xd3,0x94,0x2c,0x34,0xff,0xf0,0x5e,0xf6,0x9e,0x8d,0xcd,
    0xff,0xce,0x13,0xcd,0x3f,0x00,0xa7,0x33,0x00,0x00,0xf0,0xd1,0xad,0x37,0xfe,0xe3,
    0x1d,0xfe,0x87,0x2c,0xbb,0xa4,0xeb,0xc6,0x11,0x60,0x7f,0x39,0xe4,0xa0,0x4b,0x26,
    0xed,0x90,0xc5,0xbc,0xd5,0xfc,0xc3,0x7b,0xd8,0xdd,0xeb,0xf2,0xf3,0x6d,0xcd,0x3f,
    0x00,0x6f,0x67,0x00,0x00,0xe0,0xa3,0x3b,0xde,0xf8,0x37,0x4d,0xc9,0x64,0x18,0x9f,
    0x3e,0xde,0x37,0x47,0x57,0x00,0xb4,0xab,0x2b,0x00,0x34,0xff,0xf0,0x6e,0x5e,0xae,
    0x9a,0xff,0x5f,0x34,0xff,0x00,0xbc,0x03,0x6f,0xa7,0x00,0xf8,0xe8,0xc6,0x4f,0xfd,
    0xc7,0xd7,0x4d,0x93,0x6c,0x4c,0x4b,0x66,0x93,0x92,0x49,0x5b,0x52,0x4a,0xf2,0x62,
    0x7f,0xc8,0xfe,0x72,0xc8,0x74,0x52,0x72,0xed,0xb2,0xe6,0x1f,0xd6,0xad,0x37,0xfe,
    0x5d,0x9f,0x57,0x37,0xcc,0x28,0x49,0x1e,0x3f,0xed,0x73,0x77,0x67,0xb9,0xfa,0xd2,
    0xfc,0x03,0x70,0x3a,0x03,0x00,0x00,0x1f,0xc5,0x7a,0xf3,0xbf,0xbf,0x1c,0x72,0xb0,
    0x1c,0xff,0x7c,0x31,0x2f,0x39,0xbf,0x28,0xf9,0xee,0x52,0x9b,0xed,0xad,0x36,0xb3,
    0x49,0xc9,0xfe,0x72,0xc8,0xb2,0x1b,0xd2,0xb6,0x25,0xdb,0x5f,0x37,0x9a,0x7f,0x58,
    0xf3,0xf4,0xf9,0xd8,0xf8,0x3f,0x78,0xdc,0xe5,0xd9,0x8b,0x21,0xfd,0x90,0x34,0x25,
    0x69,0xdb,0xf1,0xef,0x7e,0xb9,0xb3,0xcc,0xfd,0xc7,0x7d,0x9e,0x6b,0xfe,0x01,0x78,
    0x0b,0x03,0x00,0x00,0x1f,0xdc,0x7a,0xf3,0xdf,0xf7,0xc9,0xc1,0x32,0x79,0xbe,0x3f,
    0x5e,0x96,0xbc,0x98,0x97,0x5c,0x3c,0xdf,0xe6,0xe6,0xf5,0x69,0x6e,0xde,0x98,0xe6,
    0xdc,0x66,0x49,0xd7,0xe5,0xd5,0xa1,0x66,0xb1,0x51,0x34,0xff,0xb0,0x66,0x77,0xaf,
    0xcb,0x3f,0x6f,0x8d,0x8d,0xff,0xce,0x6f,0x7d,0xba,0x6e,0x58,0x65,0x31,0xe3,0x78,
    0xb6,0xf3,0xa4,0xcb,0xee,0x5e,0x97,0x44,0xf3,0x0f,0xc0,0xe9,0x0c,0x00,0x00,0x7c,
    0x70,0xc7,0x9b,0xff,0x43,0x6d,0x93,0x6c,0xce,0x4b,0xae,0x5e,0x68,0xf2,0xd3,0xf7,
    0x93,0xfc,0xed,0xc7,0x59,0x2e,0x9c,0x6b,0xc6,0xc3,0xc9,0xea,0xb2,0xe6,0xb6,0x89,
    0xe6,0x1f,0x56,0xf6,0x57,0x8d,0xff,0xbf,0x56,0x8d,0xff,0xdd,0x87,0x5d,0x0e,0x96,
    0x43,0x66,0x93,0x92,0x8d,0x59,0xc9,0x30,0x8c,0x69,0xc0,0xfe,0x72,0xcc,0x6b,0x34,
    0xff,0x00,0x9c,0xc6,0xdb,0x2b,0x00,0x3e,0xb8,0xf5,0xe6,0xbf,0x94,0x64,0x63,0x56,
    0xb2,0x31,0x6b,0xb2,0xd8,0x68,0x72,0x6d,0xbb,0xcd,0xb5,0xed,0xc9,0xea,0xab,0xcd,
    0xdc,0x65,0xfe,0xf0,0x9a,0xf5,0xe6,0xff,0xe1,0x93,0x3e,0xb7,0xee,0x2f,0x73,0xfb,
    0xc1,0xd8,0xf8,0xaf,0x0f,0x00,0xf3,0x59,0x19,0x53,0x80,0x26,0x69,0xdb,0xf1,0xb5,
    0xe6,0x1f,0x80,0xd3,0x18,0x00,0x00,0xf8,0x20,0x4e,0x6a,0xfe,0x37,0xe7,0x25,0x17,
    0xce,0x35,0xd9,0xde,0x6a,0xf2,0xed,0xa5,0x36,0xd7,0x2e,0xb7,0xf9,0x69,0xd5,0xf8,
    0x3b,0xfc,0xc3,0x9b,0xd6,0x9b,0xff,0x5f,0x77,0xfb,0xfc,0xe3,0xdf,0x07,0xb9,0xf7,
    0xa8,0xcb,0xb3,0x97,0x43,0xba,0x7e,0xbc,0x07,0x40,0xd7,0x0f,0x59,0xae,0x3e,0xf5,
    0x1f,0x52,0x52,0xca,0x90,0x66,0x75,0x53,0xcd,0xc4,0x08,0x00,0xc0,0x7f,0x66,0x00,
    0x00,0xe0,0x77,0x3b,0xad,0xf9,0xdf,0x9c,0x97,0x6c,0x6f,0x35,0xf9,0xeb,0x9f,0xa6,
    0xf9,0xf3,0x0f,0xb3,0x7c,0x73,0xb1,0xc9,0xf6,0x96,0xc6,0x1f,0x4e,0xb2,0xde,0xfc,
    0xdf,0x7d,0x38,0xde,0xd9,0x7f,0xe7,0xc9,0x78,0x49,0xcd,0xe6,0xbc,0x49,0xbf,0x7a,
    0x64,0x66,0xbb,0xfa,0xb4,0xbf,0x69,0xc6,0x47,0x6b,0x26,0x9a,0x7f,0x00,0x4e,0x67,
    0x00,0x00,0xe0,0x77,0x3b,0xad,0xf9,0x5f,0xcc,0x4b,0xbe,0xbd,0xd4,0xe6,0x2f,0x3f,
    0x4c,0xf3,0xf7,0x9b,0xb3,0x5c,0xde,0x6a,0x34,0xfe,0x70,0x82,0xe3,0xcd,0xff,0x9d,
    0x9d,0x2e,0xcf,0x5e,0x8c,0x63,0x5a,0xdb,0x24,0x5f,0xcd,0xcb,0xf8,0x89,0x7f,0x8e,
    0x86,0xb7,0x1c,0x7b,0xed,0xf0,0x0f,0xc0,0x49,0xbc,0xfd,0x02,0xe0,0xbf,0xb2,0x7e,
    0xd8,0x1f,0x86,0x57,0xf7,0xf0,0xfb,0x8f,0xcd,0xff,0xf5,0x2b,0x93,0xdc,0xb8,0x3a,
    0xc9,0xf5,0x2b,0xad,0x47,0xfb,0xc1,0x31,0xa7,0x35,0xff,0xf7,0x1e,0x75,0xe9,0xfa,
    0x21,0x9b,0xb3,0x26,0x8b,0x79,0xd1,0xf8,0x03,0xf0,0xbb,0x18,0x00,0x00,0x78,0x27,
    0xeb,0x8d,0xff,0x61,0x83,0xdc,0xf7,0xe3,0xf7,0x5d,0x3f,0x7e,0xdf,0x34,0xe3,0x63,
    0xfe,0x8e,0x37,0xff,0x3f,0xae,0x9a,0x7f,0x87,0x7f,0x78,0xd3,0xde,0xb3,0xb1,0xf9,
    0xdf,0x79,0xf2,0x9f,0x9a,0xff,0xd7,0x7f,0x56,0xe3,0x0f,0xc0,0xef,0x61,0x00,0x00,
    0xe0,0xad,0xd6,0x1b,0xff,0xf1,0x0e,0xff,0x43,0x96,0x5d,0xd2,0x75,0xe3,0x08,0xb0,
    0xbf,0x1c,0x72,0xd0,0x25,0x93,0x76,0xc8,0x62,0xde,0xbe,0xd1,0xfc,0x5f,0xb9,0xa0,
    0xf9,0x87,0x93,0xec,0xee,0x75,0xf9,0xf9,0xf6,0x09,0xcd,0xff,0xac,0x24,0x29,0x99,
    0x4e,0x8e,0x0e,0xfd,0x1a,0x7f,0x00,0xfe,0x5b,0x06,0x00,0x00,0xde,0xea,0x78,0xe3,
    0xdf,0x34,0x25,0x93,0x61,0x2c,0x91,0xfb,0xe6,0xe8,0x0a,0x80,0x76,0x75,0x05,0x80,
    0xe6,0x1f,0xde,0xcd,0xcb,0x55,0xf3,0xff,0xcb,0x09,0xcd,0xff,0x62,0x3e,0xae,0x6f,
    0xa5,0x1c,0x0d,0x71,0x0e,0xff,0x00,0xfc,0xb7,0xbc,0x1d,0x03,0xe0,0xad,0xc6,0x4f,
    0xfd,0xc7,0xd7,0x4d,0x93,0x6c,0x4c,0x4b,0x66,0x93,0x92,0xc9,0xea,0xb1,0x63,0x2f,
    0xf6,0x87,0xec,0x2f,0x87,0x4c,0x27,0x25,0xd7,0x2e,0x6b,0xfe,0x61,0xdd,0x7a,0xe3,
    0xdf,0xf5,0x79,0x75,0xc3,0x8c,0x92,0xe4,0xf1,0xd3,0x3e,0x77,0x77,0x96,0xab,0x2f,
    0xcd,0x3f,0x00,0x1f,0x97,0x01,0x00,0x80,0xff,0x68,0xbd,0xf9,0xdf,0x5f,0x0e,0x39,
    0x58,0x8e,0x7f,0xbe,0x98,0x97,0x9c,0x5f,0x94,0x7c,0x77,0xa9,0xcd,0xf6,0x56,0x9b,
    0xd9,0xa4,0x64,0x7f,0x39,0x64,0xd9,0x0d,0x69,0xdb,0x92,0xed,0xaf,0x1b,0xcd,0x3f,
    0xac,0x79,0xfa,0x7c,0x6c,0xfc,0x1f,0x3c,0xee,0xf2,0xec,0xc5,0x90,0x7e,0x48,0x9a,
    0x92,0xb4,0xed,0xf8,0x77,0xbf,0xdc,0x59,0xe6,0xfe,0xe3,0x3e,0xcf,0x35,0xff,0x00,
    0x7c,0x64,0x06,0x00,0x00,0xde,0xb0,0xde,0xfc,0xf7,0x7d,0x72,0xb0,0x4c,0x9e,0xef,
    0x8f,0x97,0x25,0x2f,0xe6,0x25,0x17,0xcf,0xb7,0xb9,0x79,0x7d,0x9a,0x9b,0x37,0xa6,
    0x39,0xb7,0x59,0xd2,0x75,0x79,0x75,0xa8,0x59,0x6c,0x14,0xcd,0x3f,0xac,0xd9,0xdd,
    0xeb,0xf2,0xcf,0x5b,0x63,0xe3,0xbf,0xf3,0x5b,0x9f,0xae,0x1b,0x56,0x59,0xcc,0x38,
    0x9e,0xed,0x3c,0xe9,0xb2,0xbb,0xd7,0x25,0xd1,0xfc,0x03,0xf0,0x71,0x19,0x00,0x00,
    0x78,0xc3,0xf1,0xe6,0xff,0x50,0xdb,0x24,0x9b,0xf3,0x92,0xab,0x17,0x9a,0xfc,0xf4,
    0xfd,0x24,0x7f,0xfb,0x71,0x96,0x0b,0xe7,0x9a,0xf1,0x70,0xb2,0xba,0xac,0xb9,0x6d,
    0xa2,0xf9,0x87,0x95,0xfd,0x55,0xe3,0xff,0xaf,0x55,0xe3,0x7f,0xf7,0x61,0x97,0x83,
    0xe5,0x90,0xd9,0xa4,0x64,0x63,0x56,0x32,0x0c,0x63,0x1a,0xb0,0xbf,0x1c,0xf3,0x1a,
    0xcd,0x3f,0x00,0x1f,0x93,0xb7,0x67,0x00,0xbc,0x61,0xbd,0xf9,0x2f,0x25,0xd9,0x98,
    0x95,0x6c,0xcc,0x9a,0x2c,0x36,0x9a,0x5c,0xdb,0x6e,0x73,0x6d,0x7b,0xb2,0xfa,0x6a,
    0x33,0x77,0x99,0x3f,0xbc,0x66,0xbd,0xf9,0x7f,0xf8,0xa4,0xcf,0xad,0xfb,0xcb,0xdc,
    0x7e,0x30,0x36,0xfe,0xeb,0x03,0xc0,0x7c,0x56,0xc6,0x14,0xa0,0x49,0xda,0x76,0x7c,
    0xad,0xf9,0x07,0xe0,0x63,0x32,0x00,0x00,0x90,0xe4,0xe4,0xe6,0x7f,0x73,0x5e,0x72,
    0xe1,0x5c,0x93,0xed,0xad,0x26,0xdf,0x5e,0x6a,0x73,0xed,0x72,0x9b,0x9f,0x56,0x8d,
    0xbf,0xc3,0x3f,0xbc,0x69,0xbd,0xf9,0xff,0x75,0xb7,0xcf,0x3f,0xfe,0x7d,0x90,0x7b,
    0x8f,0xba,0x3c,0x7b,0x39,0xa4,0xeb,0xc7,0x7b,0x00,0x74,0xfd,0x90,0xe5,0xea,0x53,
    0xff,0x21,0x25,0xa5,0x0c,0x69,0x56,0x37,0xd5,0x4c,0x8c,0x00,0x00,0x7c,0x1c,0x06,
    0x00,0x00,0x4e,0x6d,0xfe,0x37,0xe7,0x25,0xdb,0x5b,0x4d,0xfe,0xfa,0xa7,0x69,0xfe,
    0xfc,0xc3,0x2c,0xdf,0x5c,0x6c,0xb2,0xbd,0xa5,0xf1,0x87,0x93,0xac,0x37,0xff,0x77,
    0x1f,0x8e,0x77,0xf6,0xdf,0x79,0x32,0x5e,0x52,0xb3,0x39,0x6f,0xd2,0xaf,0x1e,0x99,
    0xd9,0xae,0x3e,0xed,0x6f,0x9a,0xf1,0xd1,0x9a,0x89,0xe6,0x1f,0x80,0x8f,0xcb,0x00,
    0x00,0xc0,0xa9,0xcd,0xff,0x62,0x5e,0xf2,0xed,0xa5,0x36,0x7f,0xf9,0x61,0x9a,0xbf,
    0xdf,0x9c,0xe5,0xf2,0x56,0xa3,0xf1,0x87,0x13,0x1c,0x6f,0xfe,0xef,0xec,0x74,0x79,
    0xf6,0x62,0x1c,0xd3,0xda,0x26,0xf9,0x6a,0x5e,0xc6,0x4f,0xfc,0x73,0x34,0xbc,0xe5,
    0xd8,0x6b,0x87,0x7f,0x00,0x3e,0x16,0x6f,0xdf,0x00,0x78,0x6b,0xf3,0x7f,0xfd,0xca,
    0x24,0x37,0xae,0x4e,0x72,0xfd,0x4a,0xeb,0xd1,0x7e,0x70,0xcc,0x69,0xcd,0xff,0xbd,
    0x47,0x5d,0xba,0x7e,0xc8,0xe6,0xac,0xc9,0x62,0x5e,0x34,0xfe,0x00,0x7c,0x52,0x06,
    0x00,0x80,0x4a,0xbd,0x4f,0xf3,0xff,0xe3,0xaa,0xf9,0x77,0xf8,0x87,0x37,0x9d,0xde,
    0xfc,0xbf,0xfe,0xb3,0x1a,0x7f,0x00,0x3e,0x25,0x03,0x00,0x40,0x85,0xde,0xb7,0xf9,
    0xbf,0x72,0x41,0xf3,0x0f,0x27,0x39,0xb5,0xf9,0x9f,0x95,0x24,0x25,0xd3,0xc9,0xd1,
    0xa1,0x5f,0xe3,0x0f,0xc0,0xa7,0x62,0x00,0x00,0xa8,0x90,0xe6,0x1f,0x3e,0x8c,0xb7,
    0x35,0xff,0x8b,0xf9,0xb8,0xb6,0x95,0x72,0x34,0xbc,0x39,0xfc,0x03,0xf0,0xa9,0x78,
    0x3b,0x07,0x50,0x89,0xf5,0xc3,0xfe,0x30,0x8c,0x87,0x90,0xc3,0x1b,0x91,0x69,0xfe,
    0xe1,0xdd,0x69,0xfe,0x01,0xf8,0x52,0x19,0x00,0x00,0xce,0xa8,0xf5,0xc6,0xff,0xf0,
    0xb9,0xe3,0x7d,0x3f,0x7e,0xdf,0xf5,0xe3,0xf7,0x4d,0x53,0xb2,0xd0,0xfc,0xc3,0x7b,
    0xd9,0x7b,0x36,0x36,0xff,0x3b,0x4f,0x34,0xff,0x00,0x7c,0x59,0x0c,0x00,0x00,0x67,
    0xd0,0x7a,0xe3,0x3f,0xde,0xe1,0x7f,0xc8,0xb2,0x4b,0xba,0x6e,0x1c,0x01,0xf6,0x97,
    0x43,0x0e,0xba,0x64,0xd2,0x0e,0x59,0xcc,0x5b,0xcd,0x3f,0xbc,0x87,0xdd,0xbd,0x2e,
    0x3f,0xdf,0xd6,0xfc,0x03,0xf0,0xe5,0x31,0x00,0x00,0x9c,0x41,0xc7,0x1b,0xff,0xa6,
    0x29,0x99,0x0c,0xe3,0xd3,0xc7,0xfb,0xe6,0xe8,0x0a,0x80,0x76,0x75,0x05,0x80,0xe6,
    0x1f,0xde,0xcd,0xcb,0x55,0xf3,0xff,0x8b,0xe6,0x1f,0x80,0x2f,0x90,0xb7,0x77,0x00,
    0x67,0xd0,0xf8,0xa9,0xff,0xf8,0xba,0x69,0x92,0x8d,0x69,0xc9,0x6c,0x52,0x32,0x69,
    0x4b,0x4a,0x49,0x5e,0xec,0x0f,0xd9,0x5f,0x0e,0x99,0x4e,0x4a,0xae,0x5d,0xd6,0xfc,
    0xc3,0xba,0xf5,0xc6,0xbf,0xeb,0xf3,0xea,0x86,0x19,0x25,0xc9,0xe3,0xa7,0x7d,0xee,
    0xee,0x2c,0x57,0x5f,0x9a,0x7f,0x00,0xbe,0x2c,0x06,0x00,0x80,0x33,0x62,0xbd,0xf9,
    0xdf,0x5f,0x0e,0x39,0x58,0x8e,0x7f,0xbe,0x98,0x97,0x9c,0x5f,0x94,0x7c,0x77,0xa9,
    0xcd,0xf6,0x56,0x9b,0xd9,0xa4,0x64,0x7f,0x39,0x64,0xd9,0x0d,0x69,0xdb,0x92,0xed,
    0xaf,0x1b,0xcd,0x3f,0xac,0x79,0xfa,0x7c,0x6c,0xfc,0x1f,0x3c,0xee,0xf2,0xec,0xc5,
    0x90,0x7e,0x48,0x9a,0x92,0xb4,0xed,0xf8,0x77,0xbf,0xdc,0x59,0xe6,0xfe,0xe3,0x3e,
    0xcf,0x35,0xff,0x00,0x7c,0x61,0x0c,0x00,0x00,0x67,0xc0,0x7a,0xf3,0xdf,0xf7,0xc9,
    0xc1,0x32,0x79,0xbe,0x3f,0x5e,0x96,0xbc,0x98,0x97,0x5c,0x3c,0xdf,0xe6,0xe6,0xf5,
    0x69,0x6e,0xde,0x98,0xe6,0xdc,0x66,0x49,0xd7,0xe5,0xd5,0xa1,0x66,0xb1,0x51,0x34,
    0xff,0xb0,0x66,0x77,0xaf,0xcb,0x3f,0x6f,0x8d,0x8d,0xff,0xce,0x6f,0x7d,0xba,0x6e,
    0x58,0x65,0x31,0xe3,0x78,0xb6,0xf3,0xa4,0xcb,0xee,0x5e,0x97,0x44,0xf3,0x0f,0xc0,
    0x97,0xc5,0x00,0x00,0x70,0x06,0x1c,0x6f,0xfe,0x0f,0xb5,0x4d,0xb2,0x39,0x2f,0xb9,
    0x7a,0xa1,0xc9,0x4f,0xdf,0x4f,0xf2,0xb7,0x1f,0x67,0xb9,0x70,0xae,0x19,0x0f,0x27,
    0xab,0xcb,0x9a,0xdb,0x26,0x9a,0x7f,0x58,0xd9,0x5f,0x35,0xfe,0xff,0x5a,0x35,0xfe,
    0x77,0x1f,0x76,0x39,0x58,0x0e,0x99,0x4d,0x4a,0x36,0x66,0x25,0xc3,0x30,0xa6,0x01,
    0xfb,0xcb,0x31,0xaf,0xd1,0xfc,0x03,0xf0,0x25,0xf1,0x76,0x0f,0xe0,0x0c,0x58,0x6f,
    0xfe,0x4b,0x49,0x36,0x66,0x25,0x1b,0xb3,0x26,0x8b,0x8d,0x26,0xd7,0xb6,0xdb,0x5c,
    0xdb,0x9e,0xac,0xbe,0xda,0xcc,0x5d,0xe6,0x0f,0xaf,0x59,0x6f,0xfe,0x1f,0x3e,0xe9,
    0x73,0xeb,0xfe,0x32,0xb7,0x1f,0x8c,0x8d,0xff,0xfa,0x00,0x30,0x9f,0x95,0x31,0x05,
    0x68,0x92,0xb6,0x1d,0x5f,0x6b,0xfe,0x01,0xf8,0x92,0x18,0x00,0x00,0xbe,0x50,0x27,
    0x35,0xff,0x9b,0xf3,0x92,0x0b,0xe7,0x9a,0x6c,0x6f,0x35,0xf9,0xf6,0x52,0x9b,0x6b,
    0x97,0xdb,0xfc,0xb4,0x6a,0xfc,0x1d,0xfe,0xe1,0x4d,0xeb,0xcd,0xff,0xaf,0xbb,0x7d,
    0xfe,0xf1,0xef,0x83,0xdc,0x7b,0xd4,0xe5,0xd9,0xcb,0x21,0x5d,0x3f,0xde,0x03,0xa0,
    0xeb,0x87,0x2c,0x57,0x9f,0xfa,0x0f,0x29,0x29,0x65,0x48,0xb3,0xba,0xa9,0x66,0x62,
    0x04,0x00,0xe0,0xcb,0x60,0x00,0x00,0xf8,0x02,0x9d,0xd6,0xfc,0x6f,0xce,0x4b,0xb6,
    0xb7,0x9a,0xfc,0xf5,0x4f,0xd3,0xfc,0xf9,0x87,0x59,0xbe,0xb9,0xd8,0x64,0x7b,0x4b,
    0xe3,0x0f,0x27,0x59,0x6f,0xfe,0xef,0x3e,0x1c,0xef,0xec,0xbf,0xf3,0x64,0xbc,0xa4,
    0x66,0x73,0xde,0xa4,0x5f,0x3d,0x32,0xb3,0x5d,0x7d,0xda,0xdf,0x34,0xe3,0xa3,0x35,
    0x13,0xcd,0x3f,0x00,0x5f,0x16,0x03,0x00,0xc0,0x17,0xe8,0xb4,0xe6,0x7f,0x31,0x2f,
    0xf9,0xf6,0x52,0x9b,0xbf,0xfc,0x30,0xcd,0xdf,0x6f,0xce,0x72,0x79,0xab,0xd1,0xf8,
    0xc3,0x09,0x8e,0x37,0xff,0x77,0x76,0xba,0x3c,0x7b,0x31,0x8e,0x69,0x6d,0x93,0x7c,
    0x35,0x2f,0xe3,0x27,0xfe,0x39,0x1a,0xde,0x72,0xec,0xb5,0xc3,0x3f,0x00,0x5f,0x0a,
    0x6f,0x07,0x01,0xbe,0x40,0x6f,0x6b,0xfe,0xaf,0x5f,0x99,0xe4,0xc6,0xd5,0x49,0xae,
    0x5f,0x69,0x3d,0xda,0x0f,0x8e,0x39,0xad,0xf9,0xbf,0xf7,0xa8,0x4b,0xd7,0x0f,0xd9,
    0x9c,0x35,0x59,0xcc,0x8b,0xc6,0x1f,0x80,0x33,0xc5,0x00,0x00,0xf0,0x85,0x78,0x9f,
    0xe6,0xff,0xc7,0x55,0xf3,0xef,0xf0,0x0f,0x6f,0x3a,0xbd,0xf9,0x7f,0xfd,0x67,0x35,
    0xfe,0x00,0x9c,0x25,0x06,0x00,0x80,0x2f,0xc0,0xfb,0x36,0xff,0x57,0x2e,0x68,0xfe,
    0xe1,0x24,0xa7,0x36,0xff,0xb3,0x92,0xa4,0x64,0x3a,0x39,0x3a,0xf4,0x6b,0xfc,0x01,
    0x38,0x2b,0x0c,0x00,0x00,0x5f,0x00,0xcd,0x3f,0x7c,0x18,0x6f,0x6b,0xfe,0x17,0xf3,
    0x71,0x6d,0x2b,0xe5,0x68,0x78,0x73,0xf8,0x07,0xe0,0xac,0xf0,0xf6,0x10,0xe0,0x33,
    0xb5,0x7e,0xd8,0x1f,0x86,0xf1,0x10,0x72,0x78,0x23,0x32,0xcd,0x3f,0xbc,0x3b,0xcd,
    0x3f,0x00,0x8c,0x0c,0x00,0x00,0x9f,0x89,0xf5,0xc6,0xff,0xf0,0xb9,0xe3,0x7d,0x3f,
    0x7e,0xdf,0xf5,0xe3,0xf7,0x4d,0x53,0xb2,0xd0,0xfc,0xc3,0x7b,0xd9,0x7b,0x36,0x36,
    0xff,0x3b,0x4f,0x34,0xff,0x00,0xd4,0xcd,0x00,0x00,0xf0,0x19,0x58,0x6f,0xfc,0xc7,
    0x3b,0xfc,0x0f,0x59,0x76,0x49,0xd7,0x8d,0x23,0xc0,0xfe,0x72,0xc8,0x41,0x97,0x4c,
    0xda,0x21,0x8b,0x79,0xab,0xf9,0x87,0xf7,0xb0,0xbb,0xd7,0xe5,0xe7,0xdb,0x9a,0x7f,
    0x00,0x30,0x00,0x00,0x7c,0x06,0x8e,0x37,0xfe,0x4d,0x53,0x32,0x19,0xc6,0xa7,0x8f,
    0xf7,0xcd,0xd1,0x15,0x00,0xed,0xea,0x0a,0x00,0xcd,0x3f,0xbc,0x9b,0x97,0xab,0xe6,
    0xff,0x17,0xcd,0x3f,0x00,0x18,0x00,0x00,0x3e,0x07,0xe3,0xa7,0xfe,0xe3,0xeb,0xa6,
    0x49,0x36,0xa6,0x25,0xb3,0x49,0xc9,0xa4,0x2d,0x29,0x25,0x79,0xb1,0x3f,0x64,0x7f,
    0x39,0x64,0x3a,0x29,0xb9,0x76,0x59,0xf3,0x0f,0xeb,0xd6,0x1b,0xff,0xae,0xcf,0xab,
    0x1b,0x66,0x94,0x24,0x8f,0x9f,0xf6,0xb9,0xbb,0xb3,0x5c,0x7d,0x69,0xfe,0x01,0xa8,
    0x9b,0x01,0x00,0xe0,0x13,0x59,0x6f,0xfe,0xf7,0x97,0x43,0x0e,0x96,0xe3,0x9f,0x2f,
    0xe6,0x25,0xe7,0x17,0x25,0xdf,0x5d,0x6a,0xb3,0xbd,0xd5,0x66,0x36,0x29,0xd9,0x5f,
    0x0e,0x59,0x76,0x43,0xda,0xb6,0x64,0xfb,0xeb,0x46,0xf3,0x0f,0x6b,0x9e,0x3e,0x1f,
    0x1b,0xff,0x07,0x8f,0xbb,0x3c,0x7b,0x31,0xa4,0x1f,0x92,0xa6,0x24,0x6d,0x3b,0xfe,
    0xdd,0x2f,0x77,0x96,0xb9,0xff,0xb8,0xcf,0x73,0xcd,0x3f,0x00,0x95,0x33,0x00,0x00,
    0x7c,0x02,0xeb,0xcd,0x7f,0xdf,0x27,0x07,0xcb,0xe4,0xf9,0xfe,0x78,0x59,0xf2,0x62,
    0x5e,0x72,0xf1,0x7c,0x9b,0x9b,0xd7,0xa7,0xb9,0x79,0x63,0x9a,0x73,0x9b,0x25,0x5d,
    0x97,0x57,0x87,0x9a,0xc5,0x46,0xd1,0xfc,0xc3,0x9a,0xdd,0xbd,0x2e,0xff,0xbc,0x35,
    0x36,0xfe,0x3b,0xbf,0xf5,0xe9,0xba,0x61,0x95,0xc5,0x8c,0xe3,0xd9,0xce,0x93,0x2e,
    0xbb,0x7b,0x5d,0x12,0xcd,0x3f,0x00,0x75,0x33,0x00,0x00,0x7c,0x02,0xc7,0x9b,0xff,
    0x43,0x6d,0x93,0x6c,0xce,0x4b,0xae,0x5e,0x68,0xf2,0xd3,0xf7,0x93,0xfc,0xed,0xc7,
    0x59,0x2e,0x9c,0x6b,0xc6,0xc3,0xc9,0xea,0xb2,0xe6,0xb6,0x89,0xe6,0x1f,0x56,0xf6,
    0x57,0x8d,0xff,0xbf,0x56,0x8d,0xff,0xdd,0x87,0x5d,0x0e,0x96,0x43,0x66,0x93,0x92,
    0x8d,0x59,0xc9,0x30,0x8c,0x69,0xc0,0xfe,0x72,0xcc,0x6b,0x34,0xff,0x00,0xd4,0xcc,
    0xdb,0x47,0x80,0x4f,0x60,0xbd,0xf9,0x2f,0x25,0xd9,0x98,0x95,0x6c,0xcc,0x9a,0x2c,
    0x36,0x9a,0x5c,0xdb,0x6e,0x73,0x6d,0x7b,0xb2,0xfa,0x6a,0x33,0x77,0x99,0x3f,0xbc,
    0x66,0xbd,0xf9,0x7f,0xf8,0xa4,0xcf,0xad,0xfb,0xcb,0xdc,0x7e,0x30,0x36,0xfe,0xeb,
    0x03,0xc0,0x7c,0x56,0xc6,0x14,0xa0,0x49,0xda,0x76,0x7c,0xad,0xf9,0x07,0xa0,0x66,
    0x06,0x00,0x80,0x3f,0xc8,0x49,0xcd,0xff,0xe6,0xbc,0xe4,0xc2,0xb9,0x26,0xdb,0x5b,
    0x4d,0xbe,0xbd,0xd4,0xe6,0xda,0xe5,0x36,0x3f,0xad,0x1a,0x7f,0x87,0x7f,0x78,0xd3,
    0x7a,0xf3,0xff,0xeb,0x6e,0x9f,0x7f,0xfc,0xfb,0x20,0xf7,0x1e,0x75,0x79,0xf6,0x72,
    0x48,0xd7,0x8f,0xf7,0x00,0xe8,0xfa,0x21,0xcb,0xd5,0xa7,0xfe,0x43,0x4a,0x4a,0x19,
    0xd2,0xac,0x6e,0xaa,0x99,0x18,0x01,0x00,0xa8,0x93,0x01,0x00,0xe0,0x0f,0x70,0x5a,
    0xf3,0xbf,0x39,0x2f,0xd9,0xde,0x6a,0xf2,0xd7,0x3f,0x4d,0xf3,0xe7,0x1f,0x66,0xf9,
    0xe6,0x62,0x93,0xed,0x2d,0x8d,0x3f,0x9c,0x64,0xbd,0xf9,0xbf,0xfb,0x70,0xbc,0xb3,
    0xff,0xce,0x93,0xf1,0x92,0x9a,0xcd,0x79,0x93,0x7e,0xf5,0xc8,0xcc,0x76,0xf5,0x69,
    0x7f,0xd3,0x8c,0x8f,0xd6,0x4c,0x34,0xff,0x00,0xd4,0xcd,0x00,0x00,0xf0,0x07,0x38,
    0xad,0xf9,0x5f,0xcc,0x4b,0xbe,0xbd,0xd4,0xe6,0x2f,0x3f,0x4c,0xf3,0xf7,0x9b,0xb3,
    0x5c,0xde,0x6a,0x34,0xfe,0x70,0x82,0xe3,0xcd,0xff,0x9d,0x9d,0x2e,0xcf,0x5e,0x8c,
    0x63,0x5a,0xdb,0x24,0x5f,0xcd,0xcb,0xf8,0x89,0x7f,0x8e,0x86,0xb7,0x1c,0x7b,0xed,
    0xf0,0x0f,0x40,0xad,0xbc,0xbd,0x04,0xf8,0x03,0xbc,0xad,0xf9,0xbf,0x7e,0x65,0x92,
    0x1b,0x57,0x27,0xb9,0x7e,0xa5,0xf5,0x68,0x3f,0x38,0xe6,0xb4,0xe6,0xff,0xde,0xa3,
    0x2e,0x5d,0x3f,0x64,0x73,0xd6,0x64,0x31,0x2f,0x1a,0x7f,0x00,0x38,0x85,0x01,0x00,
    0xe0,0x23,0x79,0x9f,0xe6,0xff,0xc7,0x55,0xf3,0xef,0xf0,0x0f,0x6f,0x3a,0xbd,0xf9,
    0x7f,0xfd,0x67,0x35,0xfe,0x00,0x70,0x32,0x03,0x00,0xc0,0x47,0xf0,0xbe,0xcd,0xff,
    0x95,0x0b,0x9a,0x7f,0x38,0xc9,0xa9,0xcd,0xff,0xac,0x24,0x29,0x99,0x4e,0x8e,0x0e,
    0xfd,0x1a,0x7f,0x00,0xf8,0xcf,0x0c,0x00,0x00,0x1f,0x81,0xe6,0x1f,0x3e,0x8c,0xb7,
    0x35,0xff,0x8b,0xf9,0xb8,0xb6,0x95,0x72,0x34,0xbc,0x39,0xfc,0x03,0xc0,0x7f,0xe6,
    0xed,0x26,0xc0,0x07,0xb2,0x7e,0xd8,0x1f,0x86,0xf1,0x10,0x72,0x78,0x23,0x32,0xcd,
    0x3f,0xbc,0x3b,0xcd,0x3f,0x00,0x7c,0x1c,0x06,0x00,0x80,0xff,0xd2,0x7a,0xe3,0x7f,
    0xf8,0xdc,0xf1,0xbe,0x1f,0xbf,0xef,0xfa,0xf1,0xfb,0xa6,0x29,0x59,0x68,0xfe,0xe1,
    0xbd,0xec,0x3d,0x1b,0x9b,0xff,0x9d,0x27,0x9a,0x7f,0x00,0xf8,0x90,0x0c,0x00,0x00,
    0xff,0x85,0xf5,0xc6,0x7f,0xbc,0xc3,0xff,0x90,0x65,0x97,0x74,0xdd,0x38,0x02,0xec,
    0x2f,0x87,0x1c,0x74,0xc9,0xa4,0x1d,0xb2,0x98,0xb7,0x9a,0x7f,0x78,0x0f,0xbb,0x7b,
    0x5d,0x7e,0xbe,0xad,0xf9,0x07,0x80,0x0f,0xcd,0x00,0x00,0xf0,0x5f,0x38,0xde,0xf8,
    0x37,0x4d,0xc9,0x64,0x18,0x9f,0x3e,0xde,0x37,0x47,0x57,0x00,0xb4,0xab,0x2b,0x00,
    0x34,0xff,0xf0,0x6e,0x5e,0xae,0x9a,0xff,0x5f,0x34,0xff,0x00,0xf0,0xc1,0x79,0xfb,
    0x09,0xf0,0x5f,0x18,0x3f,0xf5,0x1f,0x5f,0x37,0x4d,0xb2,0x31,0x2d,0x99,0x4d,0x4a,
    0x26,0x6d,0x49,0x29,0xc9,0x8b,0xfd,0x21,0xfb,0xcb,0x21,0xd3,0x49,0xc9,0xb5,0xcb,
    0x9a,0x7f,0x58,0xb7,0xde,0xf8,0x77,0x7d,0x5e,0xdd,0x30,0xa3,0x24,0x79,0xfc,0xb4,
    0xcf,0xdd,0x9d,0xe5,0xea,0x4b,0xf3,0x0f,0x00,0x1f,0x92,0x01,0x00,0xe0,0x1d,0xad,
    0x37,0xff,0xfb,0xcb,0x21,0x07,0xcb,0xf1,0xcf,0x17,0xf3,0x92,0xf3,0x8b,0x92,0xef,
    0x2e,0xb5,0xd9,0xde,0x6a,0x33,0x9b,0x94,0xec,0x2f,0x87,0x2c,0xbb,0x21,0x6d,0x5b,
    0xb2,0xfd,0x75,0xa3,0xf9,0x87,0x35,0x4f,0x9f,0x8f,0x8d,0xff,0x83,0xc7,0x5d,0x9e,
    0xbd,0x18,0xd2,0x0f,0x49,0x53,0x92,0xb6,0x1d,0xff,0xee,0x97,0x3b,0xcb,0xdc,0x7f,
    0xdc,0xe7,0xb9,0xe6,0x1f,0x00,0x3e,0x28,0x03,0x00,0xc0,0x3b,0x58,0x6f,0xfe,0xfb,
    0x3e,0x39,0x58,0x26,0xcf,0xf7,0xc7,0xcb,0x92,0x17,0xf3,0x92,0x8b,0xe7,0xdb,0xdc,
    0xbc,0x3e,0xcd,0xcd,0x1b,0xd3,0x9c,0xdb,0x2c,0xe9,0xba,0xbc,0x3a,0xd4,0x2c,0x36,
    0x8a,0xe6,0x1f,0xd6,0xec,0xee,0x75,0xf9,0xe7,0xad,0xb1,0xf1,0xdf,0xf9,0xad,0x4f,
    0xd7,0x0d,0xab,0x2c,0x66,0x1c,0xcf,0x76,0x9e,0x74,0xd9,0xdd,0xeb,0x92,0x68,0xfe,
    0x01,0xe0,0x43,0x32,0x00,0x00,0xbc,0x83,0xe3,0xcd,0xff,0xa1,0xb6,0x49,0x36,0xe7,
    0x25,0x57,0x2f,0x34,0xf9,0xe9,0xfb,0x49,0xfe,0xf6,0xe3,0x2c,0x17,0xce,0x35,0xe3,
    0xe1,0x64,0x75,0x59,0x73,0xdb,0x44,0xf3,0x0f,0x2b,0xfb,0xab,0xc6,0xff,0x5f,0xab,
    0xc6,0xff,0xee,0xc3,0x2e,0x07,0xcb,0x21,0xb3,0x49,0xc9,0xc6,0xac,0x64,0x18,0xc6,
    0x34,0x60,0x7f,0x39,0xe6,0x35,0x9a,0x7f,0x00,0xf8,0x70,0xbc,0x1d,0x05,0x78,0x07,
    0xeb,0xcd,0x7f,0x29,0xc9,0xc6,0xac,0x64,0x63,0xd6,0x64,0xb1,0xd1,0xe4,0xda,0x76,
    0x9b,0x6b,0xdb,0x93,0xd5,0x57,0x9b,0xb9,0xcb,0xfc,0xe1,0x35,0xeb,0xcd,0xff,0xc3,
    0x27,0x7d,0x6e,0xdd,0x5f,0xe6,0xf6,0x83,0xb1,0xf1,0x5f,0x1f,0x00,0xe6,0xb3,0x32,
    0xa6,0x00,0x4d,0xd2,0xb6,0xe3,0x6b,0xcd,0x3f,0x00,0x7c,0x38,0x06,0x00,0x80,0x13,
    0x9c,0xd4,0xfc,0x6f,0xce,0x4b,0x2e,0x9c,0x6b,0xb2,0xbd,0xd5,0xe4,0xdb,0x4b,0x6d,
    0xae,0x5d,0x6e,0xf3,0xd3,0xaa,0xf1,0x77,0xf8,0x87,0x37,0xad,0x37,0xff,0xbf,0xee,
    0xf6,0xf9,0xc7,0xbf,0x0f,0x72,0xef,0x51,0x97,0x67,0x2f,0x87,0x74,0xfd,0x78,0x0f,
    0x80,0xae,0x1f,0xb2,0x5c,0x7d,0xea,0x3f,0xa4,0xa4,0x94,0x21,0xcd,0xea,0xa6,0x9a,
    0x89,0x11,0x00,0x00,0x3e,0x04,0x03,0x00,0xc0,0x7f,0x70,0x5a,0xf3,0xbf,0x39,0x2f,
    0xd9,0xde,0x6a,0xf2,0xd7,0x3f,0x4d,0xf3,0xe7,0x1f,0x66,0xf9,0xe6,0x62,0x93,0xed,
    0x2d,0x8d,0x3f,0x9c,0x64,0xbd,0xf9,0xbf,0xfb,0x70,0xbc,0xb3,0xff,0xce,0x93,0xf1,
    0x92,0x9a,0xcd,0x79,0x93,0x7e,0xf5,0xc8,0xcc,0x76,0xf5,0x69,0x7f,0xd3,0x8c,0x8f,
    0xd6,0x4c,0x34,0xff,0x00,0xf0,0x21,0x19,0x00,0x00,0xfe,0x83,0xd3,0x9a,0xff,0xc5,
    0xbc,0xe4,0xdb,0x4b,0x6d,0xfe,0xf2,0xc3,0x34,0x7f,0xbf,0x39,0xcb,0xe5,0xad,0x46,
    0xe3,0x0f,0x27,0x38,0xde,0xfc,0xdf,0xd9,0xe9,0xf2,0xec,0xc5,0x38,0xa6,0xb5,0x4d,
    0xf2,0xd5,0xbc,0x8c,0x9f,0xf8,0xe7,0x68,0x78,0xcb,0xb1,0xd7,0x0e,0xff,0x00,0xf0,
    0x61,0x78,0xbb,0x0a,0xf0,0x1f,0xbc,0xad,0xf9,0xbf,0x7e,0x65,0x92,0x1b,0x57,0x27,
    0xb9,0x7e,0xa5,0xf5,0x68,0x3f,0x38,0xe6,0xb4,0xe6,0xff,0xde,0xa3,0x2e,0x5d,0x3f,
    0x64,0x73,0xd6,0x64,0x31,0x2f,0x1a,0x7f,0x00,0xf8,0x03,0x19,0x00,0x00,0x56,0xde,
    0xa7,0xf9,0xff,0x71,0xd5,0xfc,0x3b,0xfc,0xc3,0x9b,0x4e,0x6f,0xfe,0x5f,0xff,0x59,
    0x8d,0x3f,0x00,0xfc,0x71,0x0c,0x00,0x00,0x79,0xff,0xe6,0xff,0xca,0x05,0xcd,0x3f,
    0x9c,0xe4,0xd4,0xe6,0x7f,0x56,0x92,0x94,0x4c,0x27,0x47,0x87,0x7e,0x8d,0x3f,0x00,
    0xfc,0x31,0x0c,0x00,0x00,0xd1,0xfc,0xc3,0x87,0xf2,0xb6,0xe6,0x7f,0x31,0x1f,0xd7,
    0xb6,0x52,0x8e,0x86,0x37,0x87,0x7f,0x00,0xf8,0x63,0x78,0xfb,0x0a,0x54,0x6b,0xfd,
    0xb0,0x3f,0x0c,0xe3,0x21,0xe4,0xf0,0x46,0x64,0x9a,0x7f,0x78,0x77,0x9a,0x7f,0x00,
    0xf8,0x32,0x18,0x00,0x80,0x6a,0xac,0x37,0xfe,0x87,0xcf,0x1d,0xef,0xfb,0xf1,0xfb,
    0xae,0x1f,0xbf,0x6f,0x9a,0x92,0x85,0xe6,0x1f,0xde,0xcb,0xde,0xb3,0xb1,0xf9,0xdf,
    0x79,0xa2,0xf9,0x07,0x80,0xcf,0x99,0x01,0x00,0xa8,0xc2,0x7a,0xe3,0x3f,0xde,0xe1,
    0x7f,0xc8,0xb2,0x4b,0xba,0x6e,0x1c,0x01,0xf6,0x97,0x43,0x0e,0xba,0x64,0xd2,0x0e,
    0x59,0xcc,0x5b,0xcd,0x3f,0xbc,0x87,0xdd,0xbd,0x2e,0x3f,0xdf,0xd6,0xfc,0x03,0xc0,
    0xe7,0xce,0x00,0x00,0x54,0xe1,0x78,0xe3,0xdf,0x34,0x25,0x93,0x61,0x7c,0xfa,0x78,
    0xdf,0x1c,0x5d,0x01,0xd0,0xae,0xae,0x00,0xd0,0xfc,0xc3,0xbb,0x79,0xb9,0x6a,0xfe,
    0x7f,0xd1,0xfc,0x03,0xc0,0x67,0xcf,0xdb,0x59,0xa0,0x0a,0xe3,0xa7,0xfe,0xe3,0xeb,
    0xa6,0x49,0x36,0xa6,0x25,0xb3,0x49,0xc9,0xa4,0x2d,0x29,0x25,0x79,0xb1,0x3f,0x64,
    0x7f,0x39,0x64,0x3a,0x29,0xb9,0x76,0x59,0xf3,0x0f,0xeb,0xd6,0x1b,0xff,0xae,0xcf,
    0xab,0x1b,0x66,0x94,0x24,0x8f,0x9f,0xf6,0xb9,0xbb,0xb3,0x5c,0x7d,0x69,0xfe,0x01,
    0xe0,0x73,0x66,0x00,0x00,0xce,0xac,0xf5,0xe6,0x7f,0x7f,0x39,0xe4,0x60,0x39,0xfe,
    0xf9,0x62,0x5e,0x72,0x7e,0x51,0xf2,0xdd,0xa5,0x36,0xdb,0x5b,0x6d,0x66,0x93,0x92,
    0xfd,0xe5,0x90,0x65,0x37,0xa4,0x6d,0x4b,0xb6,0xbf,0x6e,0x34,0xff,0xb0,0xe6,0xe9,
    0xf3,0xb1,0xf1,0x7f,0xf0,0xb8,0xcb,0xb3,0x17,0x43,0xfa,0x21,0x69,0x4a,0xd2,0xb6,
    0xe3,0xdf,0xfd,0x72,0x67,0x99,0xfb,0x8f,0xfb,0x3c,0xd7,0xfc,0x03,0xc0,0x67,0xcd,
    0x00,0x00,0x9c,0x49,0xeb,0xcd,0x7f,0xdf,0x27,0x07,0xcb,0xe4,0xf9,0xfe,0x78,0x59,
    0xf2,0x62,0x5e,0x72,0xf1,0x7c,0x9b,0x9b,0xd7,0xa7,0xb9,0x79,0x63,0x9a,0x73,0x9b,
    0x25,0x5d,0x97,0x57,0x87,0x9a,0xc5,0x46,0xd1,0xfc,0xc3,0x9a,0xdd,0xbd,0x2e,0xff,
    0xbc,0x35,0x36,0xfe,0x3b,0xbf,0xf5,0xe9,0xba,0x61,0x95,0xc5,0x8c,0xe3,0xd9,0xce,
    0x93,0x2e,0xbb,0x7b,0x5d,0x12,0xcd,0x3f,0x00,0x7c,0xce,0x0c,0x00,0xc0,0x99,0x74,
    0xbc,0xf9,0x3f,0xd4,0x36,0xc9,0xe6,0xbc,0xe4,0xea,0x85,0x26,0x3f,0x7d,0x3f,0xc9,
    0xdf,0x7e,0x9c,0xe5,0xc2,0xb9,0x66,0x3c,0x9c,0xac,0x2e,0x6b,0x6e,0x9b,0x68,0xfe,
    0x61,0x65,0x7f,0xd5,0xf8,0xff,0x6b,0xd5,0xf8,0xdf,0x7d,0xd8,0xe5,0x60,0x39,0x64,
    0x36,0x29,0xd9,0x98,0x95,0x0c,0xc3,0x98,0x06,0xec,0x2f,0xc7,0xbc,0x46,0xf3,0x0f,
    0x00,0x9f,0x2f,0x6f,0x6f,0x81,0x33,0x69,0xbd,0xf9,0x2f,0x25,0xd9,0x98,0x95,0x6c,
    0xcc,0x9a,0x2c,0x36,0x9a,0x5c,0xdb,0x6e,0x73,0x6d,0x7b,0xb2,0xfa,0x6a,0x33,0x77,
    0x99,0x3f,0xbc,0x66,0xbd,0xf9,0x7f,0xf8,0xa4,0xcf,0xad,0xfb,0xcb,0xdc,0x7e,0x30,
    0x36,0xfe,0xeb,0x03,0xc0,0x7c,0x56,0xc6,0x14,0xa0,0x49,0xda,0x76,0x7c,0xad,0xf9,
    0x07,0x80,0xcf,0x97,0x01,0x00,0x38,0x33,0x4e,0x6a,0xfe,0x37,0xe7,0x25,0x17,0xce,
    0x35,0xd9,0xde,0x6a,0xf2,0xed,0xa5,0x36,0xd7,0x2e,0xb7,0xf9,0x69,0xd5,0xf8,0x3b,
    0xfc,0xc3,0x9b,0xd6,0x9b,0xff,0x5f,0x77,0xfb,0xfc,0xe3,0xdf,0x07,0xb9,0xf7,0xa8,
    0xcb,0xb3,0x97,0x43,0xba,0x7e,0xbc,0x07,0x40,0xd7,0x0f,0x59,0xae,0x3e,0xf5,0x1f,
    0x52,0x52,0xca,0x90,0x66,0x75,0x53,0xcd,0xc4,0x08,0x00,0x00,0x9f,0x23,0x03,0x00,
    0x70,0x26,0x9c,0xd6,0xfc,0x6f,0xce,0x4b,0xb6,0xb7,0x9a,0xfc,0xf5,0x4f,0xd3,0xfc,
    0xf9,0x87,0x59,0xbe,0xb9,0xd8,0x64,0x7b,0x4b,0xe3,0x0f,0x27,0x59,0x6f,0xfe,0xef,
    0x3e,0x1c,0xef,0xec,0xbf,0xf3,0x64,0xbc,0xa4,0x66,0x73,0xde,0xa4,0x5f,0x3d,0x32,
    0xb3,0x5d,0x7d,0xda,0xdf,0x34,0xe3,0xa3,0x35,0x13,0xcd,0x3f,0x00,0x7c,0xce,0x0c,
    0x00,0xc0,0x99,0x70,0x5a,0xf3,0xbf,0x98,0x97,0x7c,0x7b,0xa9,0xcd,0x5f,0x7e,0x98,
    0xe6,0xef,0x37,0x67,0xb9,0xbc,0xd5,0x68,0xfc,0xe1,0x04,0xc7,0x9b,0xff,0x3b,0x3b,
    0x5d,0x9e,0xbd,0x18,0xc7,0xb4,0xb6,0x49,0xbe,0x9a,0x97,0xf1,0x13,0xff,0x1c,0x0d,
    0x6f,0x39,0xf6,0xda,0xe1,0x1f,0x00,0x3e,0x4f,0xde,0xfe,0x02,0x5f,0xac,0xf5,0xc3,
    0xfe,0x30,0xbc,0xba,0x87,0xdf,0x7f,0x6c,0xfe,0xaf,0x5f,0x99,0xe4,0xc6,0xd5,0x49,
    0xae,0x5f,0x69,0x3d,0xda,0x0f,0x8e,0x39,0xad,0xf9,0xbf,0xf7,0xa8,0x4b,0xd7,0x0f,
    0xd9,0x9c,0x35,0x59,0xcc,0x8b,0xc6,0x1f,0x00,0xbe,0x60,0x06,0x00,0xe0,0x8b,0xb1,
    0xde,0xf8,0x1f,0x36,0xc8,0x7d,0x3f,0x7e,0xdf,0xf5,0xe3,0xf7,0x4d,0x33,0x3e,0xe6,
    0xef,0x78,0xf3,0xff,0xe3,0xaa,0xf9,0x77,0xf8,0x87,0x37,0xed,0x3d,0x1b,0x9b,0xff,
    0x9d,0x27,0xff,0xa9,0xf9,0x7f,0xfd,0x67,0x35,0xfe,0x00,0xf0,0xe5,0x32,0x00,0x00,
    0x5f,0x84,0xf5,0xc6,0x7f,0xbc,0xc3,0xff,0x90,0x65,0x97,0x74,0xdd,0x38,0x02,0xec,
    0x2f,0x87,0x1c,0x74,0xc9,0xa4,0x1d,0xb2,0x98,0xb7,0x6f,0x34,0xff,0x57,0x2e,0x68,
    0xfe,0xe1,0x24,0xbb,0x7b,0x5d,0x7e,0xbe,0x7d,0x42,0xf3,0x3f,0x2b,0x49,0x4a,0xa6,
    0x93,0xa3,0x43,0xbf,0xc6,0x1f,0x00,0xbe,0x4c,0x06,0x00,0xe0,0x8b,0x70,0xbc,0xf1,
    0x6f,0x9a,0x92,0xc9,0x30,0x96,0xc8,0x7d,0x73,0x74,0x05,0x40,0xbb,0xba,0x02,0x40,
    0xf3,0x0f,0xef,0xe6,0xe5,0xaa,0xf9,0xff,0xe5,0x84,0xe6,0x7f,0x31,0x1f,0xd7,0xb7,
    0x52,0x8e,0x86,0x38,0x87,0x7f,0x00,0xf8,0x32,0x79,0x3b,0x0c,0x7c,0x11,0xc6,0x4f,
    0xfd,0xc7,0xd7,0x4d,0x93,0x6c,0x4c,0x4b,0x66,0x93,0x92,0xc9,0xea,0xb1,0x63,0x2f,
    0xf6,0x87,0xec,0x2f,0x87,0x4c,0x27,0x25,0xd7,0x2e,0x6b,0xfe,0x61,0xdd,0x7a,0xe3,
    0xdf,0xf5,0x79,0x75,0xc3,0x8c,0x92,0xe4,0xf1,0xd3,0x3e,0x77,0x77,0x96,0xab,0x2f,
    0xcd,0x3f,0x00,0x9c,0x65,0x06,0x00,0xe0,0xb3,0xb5,0xde,0xfc,0xef,0x2f,0x87,0x1c,
    0x2c,0xc7,0x3f,0x5f,0xcc,0x4b,0xce,0x2f,0x4a,0xbe,0xbb,0xd4,0x66,0x7b,0xab,0xcd,
    0x6c,0x52,0xb2,0xbf,0x1c,0xb2,0xec,0x86,0xb4,0x6d,0xc9,0xf6,0xd7,0x8d,0xe6,0x1f,
    0xd6,0x3c,0x7d,0x3e,0x36,0xfe,0x0f,0x1e,0x77,0x79,0xf6,0x62,0x48,0x3f,0x24,0x4d,
    0x49,0xda,0x76,0xfc,0xbb,0x5f,0xee,0x2c,0x73,0xff,0x71,0x9f,0xe7,0x9a,0x7f,0x00,
    0x38,0xd3,0x0c,0x00,0xc0,0x67,0x69,0xbd,0xf9,0xef,0xfb,0xe4,0x60,0x99,0x3c,0xdf,
    0x1f,0x2f,0x4b,0x5e,0xcc,0x4b,0x2e,0x9e,0x6f,0x73,0xf3,0xfa,0x34,0x37,0x6f,0x4c,
    0x73,0x6e,0xb3,0xa4,0xeb,0xf2,0xea,0x50,0xb3,0xd8,0x28,0x9a,0x7f,0x58,0xb3,0xbb,
    0xd7,0xe5,0x9f,0xb7,0xc6,0xc6,0x7f,0xe7,0xb7,0x3e,0x5d,0x37,0xac,0xb2,0x98,0x71,
    0x3c,0xdb,0x79,0xd2,0x65,0x77,0xaf,0x4b,0xa2,0xf9,0x07,0x80,0xb3,0xcc,0x00,0x00,
    0x7c,0x96,0x8e,0x37,0xff,0x87,0xda,0x26,0xd9,0x9c,0x97,0x5c,0xbd,0xd0,0xe4,0xa7,
    0xef,0x27,0xf9,0xdb,0x8f,0xb3,0x5c,0x38,0xd7,0x8c,0x87,0x93,0xd5,0x65,0xcd,0x6d,
    0x13,0xcd,0x3f,0xac,0xec,0xaf,0x1a,0xff,0x7f,0xad,0x1a,0xff,0xbb,0x0f,0xbb,0x1c,
    0x2c,0x87,0xcc,0x26,0x25,0x1b,0xb3,0x92,0x61,0x18,0xd3,0x80,0xfd,0xe5,0x98,0xd7,
    0x68,0xfe,0x01,0xe0,0xec,0xf2,0xf6,0x18,0xf8,0x2c,0xad,0x37,0xff,0xa5,0x24,0x1b,
    0xb3,0x92,0x8d,0x59,0x93,0xc5,0x46,0x93,0x6b,0xdb,0x6d,0xae,0x6d,0x4f,0x56,0x5f,
    0x6d,0xe6,0x2e,0xf3,0x87,0xd7,0xac,0x37,0xff,0x0f,0x9f,0xf4,0xb9,0x75,0x7f,0x99,
    0xdb,0x0f,0xc6,0xc6,0x7f,0x7d,0x00,0x98,0xcf,0xca,0x98,0x02,0x34,0x49,0xdb,0x8e,
    0xaf,0x35,0xff,0x00,0x70,0x76,0x19,0x00,0x80,0xcf,0xc6,0x49,0xcd,0xff,0xe6,0xbc,
    0xe4,0xc2,0xb9,0x26,0xdb,0x5b,0x4d,0xbe,0xbd,0xd4,0xe6,0xda,0xe5,0x36,0x3f,0xad,
    0x1a,0x7f,0x87,0x7f,0x78,0xd3,0x7a,0xf3,0xff,0xeb,0x6e,0x9f,0x7f,0xfc,0xfb,0x20,
    0xf7,0x1e,0x75,0x79,0xf6,0x72,0x48,0xd7,0x8f,0xf7,0x00,0xe8,0xfa,0x21,0xcb,0xd5,
    0xa7,0xfe,0x43,0x4a,0x4a,0x19,0xd2,0xac,0x6e,0xaa,0x99,0x18,0x01,0x00,0xe0,0x2c,
    0x32,0x00,0x00,0x9f,0x85,0xd3,0x9a,0xff,0xcd,0x79,0xc9,0xf6,0x56,0x93,0xbf,0xfe,
    0x69,0x9a,0x3f,0xff,0x30,0xcb,0x37,0x17,0x9b,0x6c,0x6f,0x69,0xfc,0xe1,0x24,0xeb,
    0xcd,0xff,0xdd,0x87,0xe3,0x9d,0xfd,0x77,0x9e,0x8c,0x97,0xd4,0x6c,0xce,0x9b,0xf4,
    0xab,0x47,0x66,0xb6,0xab,0x4f,0xfb,0x9b,0x66,0x7c,0xb4,0x66,0xa2,0xf9,0x07,0x80,
    0xb3,0xcc,0x00,0x00,0x7c,0x16,0x4e,0x6b,0xfe,0x17,0xf3,0x92,0x6f,0x2f,0xb5,0xf9,
    0xcb,0x0f,0xd3,0xfc,0xfd,0xe6,0x2c,0x97,0xb7,0x1a,0x8d,0x3f,0x9c,0xe0,0x78,0xf3,
    0x7f,0x67,0xa7,0xcb,0xb3,0x17,0xe3,0x98,0xd6,0x36,0xc9,0x57,0xf3,0x32,0x7e,0xe2,
    0x9f,0xa3,0xe1,0x2d,0xc7,0x5e,0x3b,0xfc,0x03,0xc0,0xd9,0xe4,0xed,0x33,0xf0,0x59,
    0x78,0x5b,0xf3,0x7f,0xfd,0xca,0x24,0x37,0xae,0x4e,0x72,0xfd,0x4a,0xeb,0xd1,0x7e,
    0x70,0xcc,0x69,0xcd,0xff,0xbd,0x47,0x5d,0xba,0x7e,0xc8,0xe6,0xac,0xc9,0x62,0x5e,
    0x34,0xfe,0x00,0x50,0x31,0x03,0x00,0xf0,0xc9,0xbc,0x4f,0xf3,0xff,0xe3,0xaa,0xf9,
    0x77,0xf8,0x87,0x37,0x9d,0xde,0xfc,0xbf,0xfe,0xb3,0x1a,0x7f,0x00,0xa8,0x97,0x01,
    0x00,0xf8,0x24,0xde,0xb7,0xf9,0xbf,0x72,0x41,0xf3,0x0f,0x27,0x39,0xb5,0xf9,0x9f,
    0x95,0x24,0x25,0xd3,0xc9,0xd1,0xa1,0x5f,0xe3,0x0f,0x00,0x75,0x32,0x00,0x00,0x9f,
    0x84,0xe6,0x1f,0x3e,0x8c,0xb7,0x35,0xff,0x8b,0xf9,0xb8,0xb6,0x95,0x72,0x34,0xbc,
    0x39,0xfc,0x03,0x40,0x9d,0xbc,0x9d,0x06,0xfe,0x30,0xeb,0x87,0xfd,0x61,0x18,0x0f,
    0x21,0x87,0x37,0x22,0xd3,0xfc,0xc3,0xbb,0xd3,0xfc,0x03,0x00,0xff,0x0d,0x03,0x00,
    0xf0,0xd1,0xac,0x37,0xfe,0x87,0xcf,0x1d,0xef,0xfb,0xf1,0xfb,0xae,0x1f,0xbf,0x6f,
    0x9a,0x92,0x85,0xe6,0x1f,0xde,0xcb,0xde,0xb3,0xb1,0xf9,0xdf,0x79,0xa2,0xf9,0x07,
    0x00,0xde,0x9d,0x01,0x00,0xf8,0x28,0xd6,0x1b,0xff,0xf1,0x0e,0xff,0x43,0x96,0x5d,
    0xd2,0x75,0xe3,0x08,0xb0,0xbf,0x1c,0x72,0xd0,0x25,0x93,0x76,0xc8,0x62,0xde,0x6a,
    0xfe,0xe1,0x3d,0xec,0xee,0x75,0xf9,0xf9,0xb6,0xe6,0x1f,0x00,0x78,0x3f,0x06,0x00,
    0xe0,0xa3,0x38,0xde,0xf8,0x37,0x4d,0xc9,0x64,0x18,0x9f,0x3e,0xde,0x37,0x47,0x57,
    0x00,0xb4,0xab,0x2b,0x00,0x34,0xff,0xf0,0x6e,0x5e,0xae,0x9a,0xff,0x5f,0x34,0xff,
    0x00,0xc0,0x7b,0xf2,0xf6,0x1a,0xf8,0x28,0xc6,0x4f,0xfd,0xc7,0xd7,0x4d,0x93,0x6c,
    0x4c,0x4b,0x66,0x93,0x92,0x49,0x5b,0x52,0x4a,0xf2,0x62,0x7f,0xc8,0xfe,0x72,0xc8,
    0x74,0x52,0x72,0xed,0xb2,0xe6,0x1f,0xd6,0xad,0x37,0xfe,0x5d,0x9f,0x57,0x37,0xcc,
    0x28,0x49,0x1e,0x3f,0xed,0x73,0x77,0x67,0xb9,0xfa,0xd2,0xfc,0x03,0x00,0xef,0xce,
    0x00,0x00,0x7c,0x30,0xeb,0xcd,0xff,0xfe,0x72,0xc8,0xc1,0x72,0xfc,0xf3,0xc5,0xbc,
    0xe4,0xfc,0xa2,0xe4,0xbb,0x4b,0x6d,0xb6,0xb7,0xda,0xcc,0x26,0x25,0xfb,0xcb,0x21,
    0xcb,0x6e,0x48,0xdb,0x96,0x6c,0x7f,0xdd,0x68,0xfe,0x61,0xcd,0xd3,0xe7,0x63,0xe3,
    0xff,0xe0,0x71,0x97,0x67,0x2f,0x86,0xf4,0x43,0xd2,0x94,0xa4,0x6d,0xc7,0xbf,0xfb,
    0xe5,0xce,0x32,0xf7,0x1f,0xf7,0x79,0xae,0xf9,0x07,0x00,0xde,0x83,0x01,0x00,0xf8,
    0x20,0xd6,0x9b,0xff,0xbe,0x4f,0x0e,0x96,0xc9,0xf3,0xfd,0xf1,0xb2,0xe4,0xc5,0xbc,
    0xe4,0xe2,0xf9,0x36,0x37,0xaf,0x4f,0x73,0xf3,0xc6,0x34,0xe7,0x36,0x4b,0xba,0x2e,
    0xaf,0x0e,0x35,0x8b,0x8d,0xa2,0xf9,0x87,0x35,0xbb,0x7b,0x5d,0xfe,0x79,0x6b,0x6c,
    0xfc,0x77,0x7e,0xeb,0xd3,0x75,0xc3,0x2a,0x8b,0x19,0xc7,0xb3,0x9d,0x27,0x5d,0x76,
    0xf7,0xba,0x24,0x9a,0x7f,0x00,0xe0,0xdd,0x19,0x00,0x80,0x0f,0xe2,0x78,0xf3,0x7f,
    0xa8,0x6d,0x92,0xcd,0x79,0xc9,0xd5,0x0b,0x4d,0x7e,0xfa,0x7e,0x92,0xbf,0xfd,0x38,
    0xcb,0x85,0x73,0xcd,0x78,0x38,0x59,0x5d,0xd6,0xdc,0x36,0xd1,0xfc,0xc3,0xca,0xfe,
    0xaa,0xf1,0xff,0xd7,0xaa,0xf1,0xbf,0xfb,0xb0,0xcb,0xc1,0x72,0xc8,0x6c,0x52,0xb2,
    0x31,0x2b,0x19,0x86,0x31,0x0d,0xd8,0x5f,0x8e,0x79,0x8d,0xe6,0x1f,0x00,0x78,0x57,
    0xde,0x6e,0x03,0x1f,0xc4,0x7a,0xf3,0x5f,0x4a,0xb2,0x31,0x2b,0xd9,0x98,0x35,0x59,
    0x6c,0x34,0xb9,0xb6,0xdd,0xe6,0xda,0xf6,0x64,0xf5,0xd5,0x66,0xee,0x32,0x7f,0x78,
    0xcd,0x7a,0xf3,0xff,0xf0,0x49,0x9f,0x5b,0xf7,0x97,0xb9,0xfd,0x60,0x6c,0xfc,0xd7,
    0x07,0x80,0xf9,0xac,0x8c,0x29,0x40,0x93,0xb4,0xed,0xf8,0x5a,0xf3,0x0f,0x00,0xbc,
    0x2b,0x03,0x00,0xf0,0x5f,0x3b,0xa9,0xf9,0xdf,0x9c,0x97,0x5c,0x38,0xd7,0x64,0x7b,
    0xab,0xc9,0xb7,0x97,0xda,0x5c,0xbb,0xdc,0xe6,0xa7,0x55,0xe3,0xef,0xf0,0x0f,0x6f,
    0x5a,0x6f,0xfe,0x7f,0xdd,0xed,0xf3,0x8f,0x7f,0x1f,0xe4,0xde,0xa3,0x2e,0xcf,0x5e,
    0x0e,0xe9,0xfa,0xf1,0x1e,0x00,0x5d,0x3f,0x64,0xb9,0xfa,0xd4,0x7f,0x48,0x49,0x29,
    0x43,0x9a,0xd5,0x4d,0x35,0x13,0x23,0x00,0x00,0xf0,0x76,0x06,0x00,0xe0,0xbf,0x72,
    0x5a,0xf3,0xbf,0x39,0x2f,0xd9,0xde,0x6a,0xf2,0xd7,0x3f,0x4d,0xf3,0xe7,0x1f,0x66,
    0xf9,0xe6,0x62,0x93,0xed,0x2d,0x8d,0x3f,0x9c,0x64,0xbd,0xf9,0xbf,0xfb,0x70,0xbc,
    0xb3,0xff,0xce,0x93,0xf1,0x92,0x9a,0xcd,0x79,0x93,0x7e,0xf5,0xc8,0xcc,0x76,0xf5,
    0x69,0x7f,0xd3,0x8c,0x8f,0xd6,0x4c,0x34,0xff,0x00,0xc0,0xbb,0x33,0x00,0x00,0xff,
    0x95,0xd3,0x9a,0xff,0xc5,0xbc,0xe4,0xdb,0x4b,0x6d,0xfe,0xf2,0xc3,0x34,0x7f,0xbf,
    0x39,0xcb,0xe5,0xad,0x46,0xe3,0x0f,0x27,0x38,0xde,0xfc,0xdf,0xd9,0xe9,0xf2,0xec,
    0xc5,0x38,0xa6,0xb5,0x4d,0xf2,0xd5,0xbc,0x8c,0x9f,0xf8,0xe7,0x68,0x78,0xcb,0xb1,
    0xd7,0x0e,0xff,0x00,0xc0,0xbb,0xf0,0x76,0x1c,0xf8,0xaf,0xbc,0xad,0xf9,0xbf,0x7e,
    0x65,0x92,0x1b,0x57,0x27,0xb9,0x7e,0xa5,0xf5,0x68,0x3f,0x38,0xe6,0xb4,0xe6,0xff,
    0xde,0xa3,0x2e,0x5d,0x3f,0x64,0x73,0xd6,0x64,0x31,0x2f,0x1a,0x7f,0x00,0xe0,0x83,
    0x31,0x00,0x00,0xef,0xec,0x7d,0x9a,0xff,0x1f,0x57,0xcd,0xbf,0xc3,0x3f,0xbc,0xe9,
    0xf4,0xe6,0xff,0xf5,0x9f,0xd5,0xf8,0x03,0x00,0x1f,0x8a,0x01,0x00,0x78,0x27,0xef,
    0xdb,0xfc,0x5f,0xb9,0xa0,0xf9,0x87,0x93,0x9c,0xda,0xfc,0xcf,0x4a,0x92,0x92,0xe9,
    0xe4,0xe8,0xd0,0xaf,0xf1,0x07,0x00,0x3e,0x04,0x03,0x00,0xf0,0x4e,0x34,0xff,0xf0,
    0x61,0xbc,0xad,0xf9,0x5f,0xcc,0xc7,0xb5,0xad,0x94,0xa3,0xe1,0xcd,0xe1,0x1f,0x00,
    0xf8,0x10,0xbc,0x3d,0x07,0x4e,0xb4,0x7e,0xd8,0x1f,0x86,0xf1,0x10,0x72,0x78,0x23,
    0x32,0xcd,0x3f,0xbc,0x3b,0xcd,0x3f,0x00,0xf0,0x39,0x30,0x00,0x00,0xaf,0xac,0x37,
    0xfe,0x87,0xcf,0x1d,0xef,0xfb,0xf1,0xfb,0xae,0x1f,0xbf,0x6f,0x9a,0x92,0x85,0xe6,
    0x1f,0xde,0xcb,0xde,0xb3,0xb1,0xf9,0xdf,0x79,0xa2,0xf9,0x07,0x00,0x3e,0x1d,0x03,
    0x00,0x90,0xe4,0xf5,0xc6,0x7f,0xbc,0xc3,0xff,0x90,0x65,0x97,0x74,0xdd,0x38,0x02,
    0xec,0x2f,0x87,0x1c,0x74,0xc9,0xa4,0x1d,0xb2,0x98,0xb7,0x9a,0x7f,0x78,0x0f,0xbb,
    0x7b,0x5d,0x7e,0xbe,0xad,0xf9,0x07,0x00,0x3e,0x2d,0x03,0x00,0x90,0xe4,0xcd,0xc6,
    0xbf,0x69,0x4a,0x26,0xc3,0xf8,0xf4,0xf1,0xbe,0x39,0xba,0x02,0xa0,0x5d,0x5d,0x01,
    0xa0,0xf9,0x87,0x77,0xf3,0x72,0xd5,0xfc,0xff,0xa2,0xf9,0x07,0x00,0x3e,0x31,0x6f,
    0xd7,0x81,0x24,0x87,0x9f,0xfa,0x8f,0xaf,0x9b,0x26,0xd9,0x98,0x96,0xcc,0x26,0x25,
    0x93,0xb6,0xa4,0x94,0xe4,0xc5,0xfe,0x90,0xfd,0xe5,0x90,0xe9,0xa4,0xe4,0xda,0x65,
    0xcd,0x3f,0xac,0x5b,0x6f,0xfc,0xbb,0x3e,0xaf,0x6e,0x98,0x51,0x92,0x3c,0x7e,0xda,
    0xe7,0xee,0xce,0x72,0xf5,0xa5,0xf9,0x07,0x00,0x3e,0x1d,0x03,0x00,0x54,0x6c,0xbd,
    0xf9,0xdf,0x5f,0x0e,0x39,0x58,0x8e,0x7f,0xbe,0x98,0x97,0x9c,0x5f,0x94,0x7c,0x77,
    0xa9,0xcd,0xf6,0x56,0x9b,0xd9,0xa4,0x64,0x7f,0x39,0x64,0xd9,0x0d,0x69,0xdb,0x92,
    0xed,0xaf,0x1b,0xcd,0x3f,0xac,0x79,0xfa,0x7c,0x6c,0xfc,0x1f,0x3c,0xee,0xf2,0xec,
    0xc5,0x90,0x7e,0x48,0x9a,0x92,0xb4,0xed,0xf8,0x77,0xbf,0xdc,0x59,0xe6,0xfe,0xe3,
    0x3e,0xcf,0x35,0xff,0x00,0xc0,0x27,0x64,0x00,0x80,0x4a,0xad,0x37,0xff,0x7d,0x9f,
    0x1c,0x2c,0x93,0xe7,0xfb,0xe3,0x65,0xc9,0x8b,0x79,0xc9,0xc5,0xf3,0x6d,0x6e,0x5e,
    0x9f,0xe6,0xe6,0x8d,0x69,0xce,0x6d,0x96,0x74,0x5d,0x5e,0x1d,0x6a,0x16,0x1b,0x45,
    0xf3,0x0f,0x6b,0x76,0xf7,0xba,0xfc,0xf3,0xd6,0xd8,0xf8,0xef,0xfc,0xd6,0xa7,0xeb,
    0x86,0x55,0x16,0x33,0x8e,0x67,0x3b,0x4f,0xba,0xec,0xee,0x75,0x49,0x34,0xff,0x00,
    0xc0,0xa7,0x63,0x00,0x80,0x4a,0x1d,0x6f,0xfe,0x0f,0xb5,0x4d,0xb2,0x39,0x2f,0xb9,
    0x7a,0xa1,0xc9,0x4f,0xdf,0x4f,0xf2,0xb7,0x1f,0x67,0xb9,0x70,0xae,0x19,0x0f,0x27,
    0xab,0xcb,0x9a,0xdb,0x26,0x9a,0x7f,0x58,0xd9,0x5f,0x35,0xfe,0xff,0x5a,0x35,0xfe,
    0x77,0x1f,0x76,0x39,0x58,0x0e,0x99,0x4d,0x4a,0x36,0x66,0x25,0xc3,0x30,0xa6,0x01,
    0xfb,0xcb,0x31,0xaf,0xd1,0xfc,0x03,0x00,0x9f,0x8a,0xb7,0xef,0x50,0xa9,0xf5,0xe6,
    0xbf,0x94,0x64,0x63,0x56,0xb2,0x31,0x6b,0xb2,0xd8,0x68,0x72,0x6d,0xbb,0xcd,0xb5,
    0xed,0xc9,0xea,0xab,0xcd,0xdc,0x65,0xfe,0xf0,0x9a,0xf5,0xe6,0xff,0xe1,0x93,0x3e,
    0xb7,0xee,0x2f,0x73,0xfb,0xc1,0xd8,0xf8,0xaf,0x0f,0x00,0xf3,0x59,0x19,0x53,0x80,
    0x26,0x69,0xdb,0xf1,0xb5,0xe6,0x1f,0x00,0xf8,0x54,0x0c,0x00,0x50,0x91,0x93,0x9a,
    0xff,0xcd,0x79,0xc9,0x85,0x73,0x4d,0xb6,0xb7,0x9a,0x7c,0x7b,0xa9,0xcd,0xb5,0xcb,
    0x6d,0x7e,0x5a,0x35,0xfe,0x0e,0xff,0xf0,0xa6,0xf5,0xe6,0xff,0xd7,0xdd,0x3e,0xff,
    0xf8,0xf7,0x41,0xee,0x3d,0xea,0xf2,0xec,0xe5,0x90,0xae,0x1f,0xef,0x01,0xd0,0xf5,
    0x43,0x96,0xab,0x4f,0xfd,0x87,0x94,0x94,0x32,0xa4,0x59,0xdd,0x54,0x33,0x31,0x02,
    0x00,0x00,0x7f,0x3c,0x03,0x00,0x54,0xe2,0xb4,0xe6,0x7f,0x73,0x5e,0xb2,0xbd,0xd5,
    0xe4,0xaf,0x7f,0x9a,0xe6,0xcf,0x3f,0xcc,0xf2,0xcd,0xc5,0x26,0xdb,0x5b,0x1a,0x7f,
    0x38,0xc9,0x7a,0xf3,0x7f,0xf7,0xe1,0x78,0x67,0xff,0x9d,0x27,0xe3,0x25,0x35,0x9b,
    0xf3,0x26,0xfd,0xea,0x91,0x99,0xed,0xea,0xd3,0xfe,0xa6,0x19,0x1f,0xad,0x99,0x68,
    0xfe,0x01,0x80,0x4f,0xc7,0x00,0x00,0x95,0x38,0xad,0xf9,0x5f,0xcc,0x4b,0xbe,0xbd,
    0xd4,0xe6,0x2f,0x3f,0x4c,0xf3,0xf7,0x9b,0xb3,0x5c,0xde,0x6a,0x34,0xfe,0x70,0x82,
    0xe3,0xcd,0xff,0x9d,0x9d,0x2e,0xcf,0x5e,0x8c,0x63,0x5a,0xdb,0x24,0x5f,0xcd,0xcb,
    0xf8,0x89,0x7f,0x8e,0x86,0xb7,0x1c,0x7b,0xed,0xf0,0x0f,0x00,0x7c,0x0a,0xde,0xde,
    0x43,0x25,0xde,0xd6,0xfc,0x5f,0xbf,0x32,0xc9,0x8d,0xab,0x93,0x5c,0xbf,0xd2,0x7a,
    0xb4,0x1f,0x1c,0x73,0x5a,0xf3,0x7f,0xef,0x51,0x97,0xae,0x1f,0xb2,0x39,0x6b,0xb2,
    0x98,0x17,0x8d,0x3f,0x00,0xf0,0xd9,0x32,0x00,0xc0,0x19,0xf6,0x3e,0xcd,0xff,0x8f,
    0xab,0xe6,0xdf,0xe1,0x1f,0xde,0x74,0x7a,0xf3,0xff,0xfa,0xcf,0x6a,0xfc,0x01,0x80,
    0xcf,0x95,0x01,0x00,0xce,0xa8,0xf7,0x6d,0xfe,0xaf,0x5c,0xd0,0xfc,0xc3,0x49,0x4e,
    0x6d,0xfe,0x67,0x25,0x49,0xc9,0x74,0x72,0x74,0xe8,0xd7,0xf8,0x03,0x00,0x9f,0x23,
    0x03,0x00,0x9c,0x51,0x9a,0x7f,0xf8,0x30,0xde,0xd6,0xfc,0x2f,0xe6,0xe3,0xda,0x56,
    0xca,0xd1,0xf0,0xe6,0xf0,0x0f,0x00,0x7c,0x8e,0xbc,0xdd,0x87,0x33,0x64,0xfd,0xb0,
    0x3f,0x0c,0xe3,0x21,0xe4,0xf0,0x46,0x64,0x9a,0x7f,0x78,0x77,0x9a,0x7f,0x00,0xe0,
    0x2c,0x32,0x00,0xc0,0x17,0x6c,0xbd,0xf1,0x3f,0x7c,0xee,0x78,0xdf,0x8f,0xdf,0x77,
    0xfd,0xf8,0x7d,0xd3,0x94,0x2c,0x34,0xff,0xf0,0x5e,0xf6,0x9e,0x8d,0xcd,0xff,0xce,
    0x13,0xcd,0x3f,0x00,0x70,0x76,0x18,0x00,0xe0,0x0b,0xb5,0xde,0xf8,0x8f,0x77,0xf8,
    0x1f,0xb2,0xec,0x92,0xae,0x1b,0x47,0x80,0xfd,0xe5,0x90,0x83,0x2e,0x99,0xb4,0x43,
    0x16,0xf3,0x56,0xf3,0x0f,0xef,0x61,0x77,0xaf,0xcb,0xcf,0xb7,0x35,0xff,0x00,0xc0,
    0xd9,0x62,0x00,0x80,0x2f,0xd4,0xf1,0xc6,0xbf,0x69,0x4a,0x26,0xc3,0xf8,0xf4,0xf1,
    0xbe,0x39,0xba,0x02,0xa0,0x5d,0x5d,0x01,0xa0,0xf9,0x87,0x77,0xf3,0x72,0xd5,0xfc,
    0xff,0xa2,0xf9,0x07,0x00,0xce,0x18,0x6f,0xff,0xe1,0x0b,0x35,0x7e,0xea,0x3f,0xbe,
    0x6e,0x9a,0x64,0x63,0x5a,0x32,0x9b,0x94,0x4c,0xda,0x92,0x52,0x92,0x17,0xfb,0x43,
    0xf6,0x97,0x43,0xa6,0x93,0x92,0x6b,0x97,0x35,0xff,0xb0,0x6e,0xbd,0xf1,0xef,0xfa,
    0xbc,0xba,0x61,0x46,0x49,0xf2,0xf8,0x69,0x9f,0xbb,0x3b,0xcb,0xd5,0x97,0xe6,0x1f,
    0x00,0x38,0x3b,0x0c,0x00,0xf0,0x05,0x59,0x6f,0xfe,0xf7,0x97,0x43,0x0e,0x96,0xe3,
    0x9f,0x2f,0xe6,0x25,0xe7,0x17,0x25,0xdf,0x5d,0x6a,0xb3,0xbd,0xd5,0x66,0x36,0x29,
    0xd9,0x5f,0x0e,0x59,0x76,0x43,0xda,0xb6,0x64,0xfb,0xeb,0x46,0xf3,0x0f,0x6b,0x9e,
    0x3e,0x1f,0x1b,0xff,0x07,0x8f,0xbb,0x3c,0x7b,0x31,0xa4,0x1f,0x92,0xa6,0x24,0x6d,
    0x3b,0xfe,0xdd,0x2f,0x77,0x96,0xb9,0xff,0xb8,0xcf,0x73,0xcd,0x3f,0x00,0x70,0x86,
    0x18,0x00,0xe0,0x0b,0xb1,0xde,0xfc,0xf7,0x7d,0x72,0xb0,0x4c,0x9e,0xef,0x8f,0x97,
    0x25,0x2f,0xe6,0x25,0x17,0xcf,0xb7,0xb9,0x79,0x7d,0x9a,0x9b,0x37,0xa6,0x39,0xb7,
    0x59,0xd2,0x75,0x79,0x75,0xa8,0x59,0x6c,0x14,0xcd,0x3f,0xac,0xd9,0xdd,0xeb,0xf2,
    0xcf,0x5b,0x63,0xe3,0xbf,0xf3,0x5b,0x9f,0xae,0x1b,0x56,0x59,0xcc,0x38,0x9e,0xed,
    0x3c,0xe9,0xb2,0xbb,0xd7,0x25,0xd1,0xfc,0x03,0x00,0x67,0x87,0x01,0x00,0xbe,0x10,
    0xc7,0x9b,0xff,0x43,0x6d,0x93,0x6c,0xce,0x4b,0xae,0x5e,0x68,0xf2,0xd3,0xf7,0x93,
    0xfc,0xed,0xc7,0x59,0x2e,0x9c,0x6b,0xc6,0xc3,0xc9,0xea,0xb2,0xe6,0xb6,0x89,0xe6,
    0x1f,0x56,0xf6,0x57,0x8d,0xff,0xbf,0x56,0x8d,0xff,0xdd,0x87,0x5d,0x0e,0x96,0x43,
    0x66,0x93,0x92,0x8d,0x59,0xc9,0x30,0x8c,0x69,0xc0,0xfe,0x72,0xcc,0x6b,0x34,0xff,
    0x00,0xc0,0x59,0xe1,0x38,0x00,0x5f,0x88,0xf5,0xe6,0xbf,0x94,0x64,0x63,0x56,0xb2,
    0x31,0x6b,0xb2,0xd8,0x68,0x72,0x6d,0xbb,0xcd,0xb5,0xed,0xc9,0xea,0xab,0xcd,0xdc,
    0x65,0xfe,0xf0,0x9a,0xf5,0xe6,0xff,0xe1,0x93,0x3e,0xb7,0xee,0x2f,0x73,0xfb,0xc1,
    0xd8,0xf8,0xaf,0x0f,0x00,0xf3,0x59,0x19,0x53,0x80,0x26,0x69,0xdb,0xf1,0xb5,0xe6,
    0x1f,0x00,0x38,0x2b,0x0c,0x00,0xf0,0x19,0x3b,0xa9,0xf9,0xdf,0x9c,0x97,0x5c,0x38,
    0xd7,0x64,0x7b,0xab,0xc9,0xb7,0x97,0xda,0x5c,0xbb,0xdc,0xe6,0xa7,0x55,0xe3,0xef,
    0xf0,0x0f,0x6f,0x5a,0x6f,0xfe,0x7f,0xdd,0xed,0xf3,0x8f,0x7f,0x1f,0xe4,0xde,0xa3,
    0x2e,0xcf,0x5e,0x0e,0xe9,0xfa,0xf1,0x1e,0x00,0x5d,0x3f,0x64,0xb9,0xfa,0xd4,0x7f,
    0x48,0x49,0x29,0x43,0x9a,0xd5,0x4d,0x35,0x13,0x23,0x00,0x00,0xf0,0xe5,0x33,0x00,
    0xc0,0x67,0xea,0xb4,0xe6,0x7f,0x73,0x5e,0xb2,0xbd,0xd5,0xe4,0xaf,0x7f,0x9a,0xe6,
    0xcf,0x3f,0xcc,0xf2,0xcd,0xc5,0x26,0xdb,0x5b,0x1a,0x7f,0x38,0xc9,0x7a,0xf3,0x7f,
    0xf7,0xe1,0x78,0x67,0xff,0x9d,0x27,0xe3,0x25,0x35,0x9b,0xf3,0x26,0xfd,0xea,0x91,
    0x99,0xed,0xea,0xd3,0xfe,0xa6,0x19,0x1f,0xad,0x99,0x68,0xfe,0x01,0x80,0xb3,0xc3,
    0x00,0x00,0x9f,0xa9,0xd3,0x9a,0xff,0xc5,0xbc,0xe4,0xdb,0x4b,0x6d,0xfe,0xf2,0xc3,
    0x34,0x7f,0xbf,0x39,0xcb,0xe5,0xad,0x46,0xe3,0x0f,0x27,0x38,0xde,0xfc,0xdf,0xd9,
    0xe9,0xf2,0xec,0xc5,0x38,0xa6,0xb5,0x4d,0xf2,0xd5,0xbc,0x8c,0x9f,0xf8,0xe7,0x68,
    0x78,0xcb,0xb1,0xd7,0x0e,0xff,0x00,0xc0,0x59,0xe0,0xb8,0x00,0x9f,0xa9,0xb7,0x35,
    0xff,0xd7,0xaf,0x4c,0x72,0xe3,0xea,0x24,0xd7,0xaf,0xb4,0x1e,0xed,0x07,0xc7,0x9c,
    0xd6,0xfc,0xdf,0x7b,0xd4,0xa5,0xeb,0x87,0x6c,0xce,0x9a,0x2c,0xe6,0x45,0xe3,0x0f,
    0x00,0x54,0xc3,0x00,0x00,0x9f,0x91,0xf7,0x69,0xfe,0x7f,0x5c,0x35,0xff,0x0e,0xff,
    0xf0,0xa6,0xd3,0x9b,0xff,0xd7,0x7f,0x56,0xe3,0x0f,0x00,0xd4,0xc2,0x00,0x00,0x9f,
    0x89,0xf7,0x6d,0xfe,0xaf,0x5c,0xd0,0xfc,0xc3,0x49,0x4e,0x6d,0xfe,0x67,0x25,0x49,
    0xc9,0x74,0x72,0x74,0xe8,0xd7,0xf8,0x03,0x00,0x35,0x30,0x00,0xc0,0x67,0x42,0xf3,
    0x0f,0x1f,0xc6,0xdb,0x9a,0xff,0xc5,0x7c,0x5c,0xdb,0x4a,0x39,0x1a,0xde,0x1c,0xfe,
    0x01,0x80,0x1a,0x38,0x3e,0xc0,0x27,0xb4,0x7e,0xd8,0x1f,0x86,0xf1,0x10,0x72,0x78,
    0x23,0x32,0xcd,0x3f,0xbc,0x3b,0xcd,0x3f,0x00,0xc0,0xdb,0x19,0x00,0xe0,0x0f,0xb4,
    0xde,0xf8,0x1f,0x3e,0x77,0xbc,0xef,0xc7,0xef,0xbb,0x7e,0xfc,0xbe,0x69,0x4a,0x16,
    0x9a,0x7f,0x78,0x2f,0x7b,0xcf,0xc6,0xe6,0x7f,0xe7,0x89,0xe6,0x1f,0x00,0xe0,0x24,
    0x06,0x00,0xf8,0x83,0xac,0x37,0xfe,0xe3,0x1d,0xfe,0x87,0x2c,0xbb,0xa4,0xeb,0xc6,
    0x11,0x60,0x7f,0x39,0xe4,0xa0,0x4b,0x26,0xed,0x90,0xc5,0xbc,0xd5,0xfc,0xc3,0x7b,
    0xd8,0xdd,0xeb,0xf2,0xf3,0x6d,0xcd,0x3f,0x00,0xc0,0x69,0x0c,0x00,0xf0,0x07,0x39,
    0xde,0xf8,0x37,0x4d,0xc9,0x64,0x18,0x9f,0x3e,0xde,0x37,0x47,0x57,0x00,0xb4,0xab,
    0x2b,0x00,0x34,0xff,0xf0,0x6e,0x5e,0xae,0x9a,0xff,0x5f,0x34,0xff,0x00,0x00,0xa7,
    0x72,0x9c,0x80,0x3f,0xc8,0xf8,0xa9,0xff,0xf8,0xba,0x69,0x92,0x8d,0x69,0xc9,0x6c,
    0x52,0x32,0x69,0x4b,0x4a,0x49,0x5e,0xec,0x0f,0xd9,0x5f,0x0e,0x99,0x4e,0x4a,0xae,
    0x5d,0xd6,0xfc,0xc3,0xa1,0x7e,0x48,0x96,0xab,0xc6,0xff,0xa0,0x3b,0xca,0x66,0x4a,
    0x19,0x3f,0xc9,0xdf,0x7d,0xda,0xe7,0xf6,0x83,0x65,0xee,0x3c,0x58,0xe6,0xf6,0x83,
    0x2e,0xff,0xe7,0xa3,0x2e,0x7d,0x3f,0x64,0x73,0x56,0xb2,0x98,0x37,0x69,0x9a,0xbc,
    0xfa,0xc8,0xdf,0x25,0xff,0x00,0x9f,0xbf,0xe2,0x6d,0x0f,0x7c,0x34,0x06,0x00,0xf8,
    0x88,0xd6,0x9b,0xff,0xfd,0xe5,0x90,0x83,0xe5,0xf8,0xe7,0x8b,0x79,0xc9,0xf9,0x45,
    0xc9,0x77,0x97,0xda,0x6c,0x6f,0xb5,0x99,0x4d,0x4a,0xf6,0x97,0x43,0x96,0xdd,0x90,
    0xb6,0x2d,0xd9,0xfe,0xba,0xd1,0xfc,0xc3,0xca,0xc1,0x72,0xc8,0xce,0x93,0x2e,0xf7,
    0x1e,0xf5,0x79,0xf0,0xa4,0xcb,0xb3,0x17,0x43,0xfa,0xd5,0xfd,0x32,0xda,0x26,0x79,
    0xfa,0x7c,0xc8,0xcf,0xb7,0x0f,0x72,0xeb,0x7e,0x97,0xc7,0x4f,0xfb,0x3c,0x7b,0xd1,
    0xa7,0x24,0x69,0x4a,0x49,0xd3,0x0c,0x69,0x9b,0xa3,0xff,0xbf,0x0c,0x00,0x00,0x9f,
    0xaf,0x52,0xc6,0x0f,0x49,0xda,0xa6,0xa4,0x29,0x47,0x43,0xaf,0xff,0xe9,0x86,0x0f,
    0xc7,0x00,0x00,0x1f,0xc9,0x7a,0xf3,0xdf,0xf7,0xc9,0xc1,0x32,0x79,0xbe,0x3f,0x5e,
    0x96,0xbc,0x98,0x97,0x5c,0x3c,0xdf,0xe6,0xe6,0xf5,0x69,0x6e,0xde,0x98,0xe6,0xdc,
    0x66,0x49,0xd7,0x8d,0x9f,0x74,0x36,0x25,0x59,0x6c,0x14,0xcd,0x3f,0xac,0x1c,0x2c,
    0x93,0x5f,0x1f,0x75,0xf9,0x7f,0xfd,0x7f,0xc6,0xc6,0x7f,0xe7,0xb7,0x3e,0x5d,0x37,
    0xac,0xb2,0x98,0x71,0x3c,0xdb,0x79,0xd2,0xe5,0xde,0x6e,0x9f,0xfd,0x83,0x31,0xa3,
    0x19,0xef,0xb5,0x31,0x8e,0x6e,0xdd,0xda,0x86,0xe6,0x4d,0x24,0xc0,0xe7,0xab,0x29,
    0x49,0xdb,0x96,0x94,0x0c,0x69,0x56,0x57,0x48,0x26,0x47,0xf7,0x4f,0x02,0x7e,0x3f,
    0x03,0x00,0x7c,0x24,0xc7,0x9b,0xff,0x43,0x6d,0x93,0x6c,0xce,0x4b,0xae,0x5e,0x68,
    0xf2,0xd3,0xf7,0x93,0xfc,0xed,0xc7,0x59,0x2e,0x9c,0x6b,0xc6,0x83,0xc9,0xea,0x39,
    0x80,0x6d,0x13,0xcd,0x3f,0xac,0x2c,0x97,0x43,0x76,0x9f,0xf6,0xf9,0x3f,0x7e,0xed,
    0xf2,0xff,0xfe,0xff,0x8e,0x37,0xf9,0x3b,0x58,0x0e,0x99,0x4d,0x4a,0xe6,0xab,0x2b,
    0x64,0x0e,0xba,0x31,0xa1,0xd9,0x98,0x95,0x4c,0x27,0x6f,0x36,0xff,0x00,0x7c,0xfe,
    0x4a,0xc6,0xf7,0x40,0x4d,0x33,0xfe,0x8f,0xf7,0x49,0xef,0xa5,0x80,0xff,0x9e,0xe3,
    0x05,0x7c,0x24,0xc3,0xb0,0x7e,0xc3,0xbf,0xf1,0xd0,0xbf,0x39,0x6f,0xb2,0x39,0x6f,
    0x72,0x6d,0xbb,0xcd,0xb5,0xed,0xc9,0xea,0xab,0x7d,0x75,0x88,0x01,0xde,0x5f,0xd3,
    0x24,0x8b,0x49,0xc9,0xf9,0xcd,0xb1,0xf7,0x77,0xc9,0x28,0xc0,0x97,0xe9,0xf0,0x9e,
    0x2f,0x07,0xc7,0xee,0xf9,0x92,0x18,0x74,0xe1,0x43,0x31,0x00,0xc0,0x47,0xd2,0xaf,
    0x1e,0xf5,0xd7,0x34,0x25,0x1b,0xd3,0x92,0x8b,0x9b,0x25,0x97,0xce,0x8f,0x8f,0xf3,
    0xbb,0x76,0xb9,0xcd,0x4f,0xab,0xc6,0xdf,0xe1,0x1f,0x4e,0x37,0x99,0x94,0x5c,0x3c,
    0xd7,0xe4,0x7f,0xf8,0xa6,0xcd,0xcb,0xfd,0x69,0xbe,0xb9,0xd4,0xbe,0x96,0x00,0x34,
    0x4d,0x32,0x69,0xc7,0xab,0x66,0x26,0xed,0xd8,0xfe,0xaf,0x7f,0x62,0x64,0x08,0x00,
    0xf8,0x32,0x1c,0x1c,0x0c,0x79,0xb4,0xd7,0xe7,0xfe,0xe3,0x2e,0x8f,0x7e,0xeb,0xf3,
    0xbc,0x5b,0xbb,0xe7,0x8b,0xb7,0x4b,0xf0,0x41,0x18,0x00,0xe0,0x23,0x18,0x86,0xa4,
    0xeb,0x86,0x2c,0xfb,0xa4,0x1d,0xc6,0x4b,0x95,0xbf,0xbb,0xd4,0xe6,0x7f,0xbe,0x31,
    0xcd,0xff,0xf4,0xfd,0x34,0x57,0x2f,0x34,0xd9,0xde,0xd2,0xf8,0xc3,0xbb,0x98,0x4e,
    0x92,0x6f,0x2e,0xb5,0xf9,0xbf,0x66,0x7c,0x3c,0xe6,0xf1,0x9b,0x00,0x96,0xb2,0xba,
    0x61,0x54,0x33,0x5e,0x3a,0x5a,0x12,0x97,0x00,0x00,0x7c,0x81,0x9e,0xbe,0x18,0xf2,
    0xbf,0xdf,0x3d,0xc8,0x90,0x64,0xef,0x79,0x9f,0xbd,0xe7,0x43,0xba,0x3e,0x99,0x0c,
    0xc3,0xab,0x71,0x17,0xf8,0x7d,0x0c,0x00,0xf0,0x91,0xf4,0x43,0xb2,0xec,0x86,0x94,
    0x52,0x32,0x99,0x94,0x6c,0x5f,0x68,0xf3,0x3f,0xdf,0x98,0xe4,0x7f,0xfd,0x71,0x96,
    0x4b,0x5f,0x37,0x1a,0x7f,0x78,0x47,0xd3,0x49,0xc9,0x95,0xad,0x36,0x5b,0x5f,0xb5,
    0xf9,0x1f,0xaf,0x4d,0xde,0x78,0x0c,0x60,0x92,0x64,0xfd,0x35,0x00,0x5f,0xa4,0x27,
    0x4f,0xc7,0xa7,0xb8,0xfc,0xfa,0xb8,0xcf,0xad,0xfb,0xe5,0xd5,0x7b,0xa9,0xc6,0xc9,
    0x1f,0x3e,0x18,0xc7,0x0f,0xf8,0x48,0x86,0x21,0xaf,0x0e,0x2a,0x6d,0x93,0x7c,0xb5,
    0x51,0x72,0xf9,0xeb,0x36,0xdf,0x5d,0x6e,0xb3,0x31,0xf3,0x8b,0x0c,0xde,0x55,0x53,
    0x92,0xd9,0xb4,0x64,0x36,0x4d,0x1c,0xf3,0x01,0xce,0xae,0xcd,0x79,0xc9,0xc5,0xfb,
    0x4d,0x36,0x67,0xe3,0x55,0x5d,0xeb,0xef,0xa5,0x80,0x0f,0xa3,0x79,0xfb,0x8f,0x00,
    0xff,0x8d,0x57,0xfd,0xf1,0xe1,0x8d,0x00,0xcb,0xd8,0x27,0x1f,0xde,0xa1,0x1c,0x00,
    0x80,0x23,0x93,0xb6,0x64,0x72,0xec,0x29,0x00,0xeb,0xff,0x05,0x7e,0x3f,0x03,0x00,
    0x7c,0x24,0xa5,0x64,0xbc,0x2c,0x79,0x75,0xde,0xef,0x86,0x21,0x07,0xdd,0x78,0x83,
    0x1b,0x00,0x00,0x5e,0x77,0xb0,0x1c,0xb2,0xec,0xc6,0x9b,0x28,0x27,0x6f,0xbe,0x97,
    0x02,0x7e,0x3f,0x03,0x00,0x7c,0x44,0x87,0xbf,0xaf,0x86,0x21,0xe9,0xbb,0xf1,0x17,
    0xdb,0x0b,0x03,0x00,0x00,0xc0,0x1b,0x5e,0x1e,0x0c,0x39,0xe8,0xc6,0x1b,0xff,0xbd,
    0x7a,0xfc,0xdf,0xa7,0xfd,0x27,0xc1,0x99,0x63,0x00,0x80,0x3f,0xc8,0x90,0xf1,0x97,
    0x99,0xcb,0xd8,0x00,0x00,0xde,0xe4,0x7d,0x12,0x7c,0x7c,0x06,0x00,0x00,0x00,0x00,
    0xa8,0x80,0x01,0x00,0x00,0x00,0x00,0x2a,0x60,0x00,0x00,0x00,0x00,0x80,0x0a,0x18,
    0x00,0x00,0x00,0x00,0xa0,0x02,0x06,0x00,0x00,0x00,0x00,0xa8,0x80,0x01,0x00,0x00,
    0x00,0x00,0x2a,0x60,0x00,0x00,0x00,0x00,0x80,0x0a,0x18,0x00,0x00,0x00,0x00,0xa0,
    0x02,0x06,0x00,0x00,0x00,0x00,0xa8,0x80,0x01,0x00,0x00,0x00,0x00,0x2a,0x60,0x00,
    0x00,0x00,0x00,0x80,0x0a,0x18,0x00,0x00,0x00,0x00,0xa0,0x02,0x06,0x00,0x00,0x00,
    0x00,0xa8,0x80,0x01,0x00,0x00,0x00,0x00,0x2a,0x60,0x00,0x00,0x00,0x00,0x80,0x0a,
    0x18,0x00,0x00,0x00,0x00,0xa0,0x02,0x06,0x00,0x00,0x00,0x00,0xa8,0x80,0x01,0x00,
    0x00,0x00,0x00,0x2a,0x60,0x00,0x00,0x00,0x00,0x80,0x0a,0x18,0x00,0x00,0x00,0x00,
    0xa0,0x02,0x06,0x00,0x00,0x00,0x00,0xa8,0x80,0x01,0x00,0x00,0x00,0x00,0x2a,0x60,
    0x00,0x00,0x00,0x00,0x80,0x0a,0x18,0x00,0x00,0x00,0x00,0xa0,0x02,0x06,0x00,0x00,
    0x00,0x00,0xa8,0x80,0x01,0x00,0x00,0x00,0x00,0x2a,0x60,0x00,0x00,0x00,0x00,0x80,
    0x0a,0x18,0x00,0x00,0x00,0x00,0xa0,0x02,0x06,0x00,0x00,0x00,0x00,0xa8,0x80,0x01,
    0x00,0x00,0x00,0x00,0x2a,0x60,0x00,0x00,0x00,0x00,0x80,0x0a,0x18,0x00,0x00,0x00,
    0x00,0xa0,0x02,0x06,0x00,0x00,0x00,0x00,0xa8,0x80,0x01,0x00,0x00,0x00,0x00,0x2a,
    0x60,0x00,0x00,0x00,0x00,0x80,0x0a,0x18,0x00,0x00,0x00,0x00,0xa0,0x02,0x06,0x00,
    0x00,0x00,0x00,0xa8,0x80,0x01,0x00,0x00,0x00,0x00,0x2a,0x60,0x00,0x00,0x00,0x00,
    0x80,0x0a,0x18,0x00,0x00,0x00,0x00,0xa0,0x02,0x06,0x00,0x00,0x00,0x00,0xa8,0x80,
    0x01,0x00,0x00,0x00,0x00,0x2a,0x60,0x00,0x00,0x00,0x00,0x80,0x0a,0x18,0x00,0x00,
    0x00,0x00,0xa0,0x02,0x06,0x00,0x00,0x00,0x00,0xa8,0x80,0x01,0x00,0x00,0x00,0x00,
    0x2a,0x60,0x00,0x00,0x00,0x00,0x80,0x0a,0x18,0x00,0x00,0x00,0x00,0xa0,0x02,0x06,
    0x00,0x00,0x00,0x00,0xa8,0x80,0x01,0x00,0x00,0x00,0x00,0x2a,0x60,0x00,0x00,0x00,
    0x00,0x80,0x0a,0x18,0x00,0x00,0x00,0x00,0xa0,0x02,0x06,0x00,0x00,0x00,0x00,0xa8,
    0x80,0x01,0x00,0x00,0x00,0x00,0x2a,0x60,0x00,0x00,0x00,0x00,0x80,0x0a,0x18,0x00,
    0x00,0x00,0x00,0xa0,0x02,0x06,0x00,0x00,0x00,0x00,0xa8,0x80,0x01,0x00,0x00,0x00,
    0x00,0x2a,0x60,0x00,0x00,0x00,0x00,0x80,0x0a,0x18,0x00,0x00,0x00,0x00,0xa0,0x02,
    0x06,0x00,0x00,0x00,0x00,0xa8,0x80,0x01,0x00,0x00,0x00,0x00,0x2a,0x60,0x00,0x00,
    0x00,0x00,0x80,0x0a,0x18,0x00,0x00,0x00,0x00,0xa0,0x02,0x06,0x00,0x00,0x00,0x00,
    0xa8,0x80,0x01,0x00,0x00,0x00,0x00,0x2a,0x60,0x00,0x00,0x00,0x00,0x80,0x0a,0x18,
    0x00,0x00,0x00,0x00,0xa0,0x02,0x06,0x00,0x00,0x00,0x00,0xa8,0x80,0x01,0x00,0x00,
    0x00,0x00,0x2a,0x60,0x00,0x00,0x00,0x00,0x80,0x0a,0x18,0x00,0x00,0x00,0x00,0xa0,
    0x02,0x06,0x00,0x00,0x00,0x00,0xa8,0x80,0x01,0x00,0x00,0x00,0x00,0x2a,0x60,0x00,
    0x00,0x00,0x00,0x80,0x0a,0x18,0x00,0x00,0x00,0x00,0xa0,0x02,0x06,0x00,0x00,0x00,
    0x00,0xa8,0x80,0x01,0x00,0x00,0x00,0x00,0x2a,0x60,0x00,0x00,0x00,0x00,0x80,0x0a,
    0x18,0x00,0x00,0x00,0x00,0xa0,0x02,0x06,0x00,0x00,0x00,0x00,0xa8,0x80,0x01,0x00,
    0x00,0x00,0x00,0x2a,0x60,0x00,0x00,0x00,0x00,0x80,0x0a,0x18,0x00,0x00,0x00,0x00,
    0xa0,0x02,0x06,0x00,0x00,0x00,0x00,0xa8,0x80,0x01,0x00,0x00,0x00,0x00,0x2a,0x60,
    0x00,0x00,0x00,0x00,0x80,0x0a,0x18,0x00,0x00,0x00,0x00,0xa0,0x02,0x06,0x00,0x00,
    0x00,0x00,0xa8,0x80,0x01,0x00,0x00,0x00,0x00,0x2a,0x60,0x00,0x00,0x00,0x00,0x80,
    0x0a,0x18,0x00,0x00,0x00,0x00,0xa0,0x02,0x06,0x00,0x00,0x00,0x00,0xa8,0x80,0x01,
    0x00,0x00,0x00,0x00,0x2a,0x60,0x00,0x00,0x00,0x00,0x80,0x0a,0x18,0x00,0x00,0x00,
    0x00,0xa0,0x02,0x06,0x00,0x00,0x00,0x00,0xa8,0x80,0x01,0x00,0x00,0x00,0x00,0x2a,
    0x60,0x00,0x00,0x00,0x00,0x80,0x0a,0x18,0x00,0x00,0x00,0x00,0xa0,0x02,0x06,0x00,
    0x00,0x00,0x00,0xa8,0x80,0x01,0x00,0x00,0x00,0x00,0x2a,0x60,0x00,0x00,0x00,0x00,
    0x80,0x0a,0x18,0x00,0x00,0x00,0x00,0xa0,0x02,0x06,0x00,0x00,0x00,0x00,0xa8,0x80,
    0x01,0x00,0x00,0x00,0x00,0x2a,0x60,0x00,0x00,0x00,0x00,0x80,0x0a,0x18,0x00,0x00,
    0x00,0x00,0xa0,0x02,0x06,0x00,0x00,0x00,0x00,0xa8,0x80,0x01,0x00,0x00,0x00,0x00,
    0x2a,0x60,0x00,0x00,0x00,0x00,0x80,0x0a,0x18,0x00,0x00,0x00,0x00,0xa0,0x02,0x06,
    0x00,0x00,0x00,0x00,0xa8,0x80,0x01,0x00,0x00,0x00,0x00,0x2a,0x60,0x00,0x00,0x00,
    0x00,0x80,0x0a,0x18,0x00,0x00,0x00,0x00,0xa0,0x02,0x06,0x00,0x00,0x00,0x00,0xa8,
    0x80,0x01,0x00,0x00,0x00,0x00,0x2a,0x60,0x00,0x00,0x00,0x00,0x80,0x0a,0x18,0x00,
    0x00,0x00,0x00,0xa0,0x02,0x06,0x00,0x00,0x00,0x00,0xa8,0x80,0x01,0x00,0x00,0x00,
    0x00,0x2a,0x60,0x00,0x00,0x00,0x00,0x80,0x0a,0x18,0x00,0x00,0x00,0x00,0xa0,0x02,
    0x06,0x00,0x00,0x00,0x00,0xa8,0x80,0x01,0x00,0x00,0x00,0x00,0x2a,0x60,0x00,0x00,
    0x00,0x00,0x80,0x0a,0x18,0x00,0x00,0x00,0x00,0xa0,0x02,0x06,0x00,0x00,0x00,0x00,
    0xa8,0x80,0x01,0x00,0x00,0x00,0x00,0x2a,0x60,0x00,0x00,0x00,0x00,0x80,0x0a,0x18,
    0x00,0xe0,0x0f,0x54,0xca,0xf8,0x05,0x00,0xc0,0xeb,0xbc,0x4f,0x82,0x8f,0xcf,0x00,
    0x00,0x1f,0xd1,0xb0,0xfa,0x6f,0x29,0x49,0xdb,0x24,0xd3,0xb6,0x64,0x3e,0xf5,0x9b,
    0x0d,0x00,0xe0,0xb8,0xf9,0xb4,0x64,0xda,0x96,0xb4,0xcd,0xd1,0x10,0x30,0x9c,0xfe,
    0x7f,0x02,0xbc,0x27,0x03,0x00,0x7c,0x24,0xc3,0x90,0x64,0x58,0xfd,0x37,0x49,0xd3,
    0x94,0x4c,0xda,0x64,0x3a,0x31,0x00,0x00,0x00,0x1c,0x37,0x9d,0x8c,0xef,0x95,0x9a,
    0x66,0x7c,0xaf,0x74,0xfc,0xbd,0x14,0xf0,0xfb,0x19,0x00,0xe0,0x23,0x39,0x5c,0xae,
    0x0f,0xff,0xdb,0xf7,0x43,0x96,0x7d,0xb2,0xec,0xfc,0x16,0x03,0x00,0x38,0x6e,0xd9,
    0x8d,0xef,0x95,0xfa,0x7e,0x7c,0xaf,0x74,0xfc,0xbd,0x14,0xf0,0xfb,0x4d,0x3e,0xf5,
    0x3f,0x00,0xce,0xaa,0x52,0x92,0x66,0x75,0x09,0x5b,0xdf,0x27,0xcf,0xf7,0x87,0xec,
    0xee,0xf5,0xb9,0xf7,0xb0,0xcb,0xd6,0x39,0xdb,0x1b,0x00,0xc0,0xba,0x27,0x4f,0xfb,
    0xec,0xee,0xf5,0x79,0xbe,0x3f,0xa4,0xef,0x5f,0x7f,0x2f,0x05,0x7c,0x18,0x06,0x00,
    0xf8,0x48,0x9a,0x92,0x4c,0xda,0x92,0xa6,0x24,0x07,0xdd,0x90,0x47,0xbf,0xf5,0xf9,
    0xdf,0xee,0x1e,0x64,0x48,0x72,0x6e,0xc3,0x6f,0x32,0x00,0x80,0x75,0x4f,0x5f,0x0c,
    0xf9,0xdf,0xef,0x1e,0xe4,0xd1,0x6f,0x7d,0x0e,0xba,0xe1,0xb5,0xf7,0x52,0xc0,0x87,
    0x61,0x00,0x80,0x8f,0xa0,0x94,0xa4,0x6d,0x4b,0x4a,0x19,0xd2,0x34,0x25,0x07,0x07,
    0xc9,0x83,0xc7,0x5d,0x4a,0x92,0xfb,0xbb,0x7d,0xa6,0x6e,0x04,0x08,0x00,0xf0,0x9a,
    0x83,0x83,0x21,0x8f,0xf6,0xfa,0x3c,0x78,0xdc,0xe5,0xe0,0xe0,0xf0,0xf0,0x3f,0xbe,
    0x97,0x72,0x15,0x00,0x7c,0x18,0x06,0x00,0xf8,0x48,0x9a,0x92,0x34,0xed,0xf8,0xdb,
    0xea,0xf0,0x0a,0x80,0xbd,0x67,0x7d,0xfe,0x8f,0x89,0x25,0x1b,0x00,0xe0,0xb8,0x7e,
    0x48,0x96,0xcb,0x21,0x07,0xcb,0xbc,0xba,0x02,0xe0,0xf0,0xbd,0x14,0xf0,0x61,0x18,
    0x00,0xe0,0x23,0x39,0x7c,0x96,0xed,0x30,0xac,0xee,0x01,0xd0,0x0d,0x79,0xfa,0x7c,
    0x48,0xd7,0x7b,0xa4,0x0d,0x00,0xc0,0x71,0x25,0xe3,0x63,0x93,0xdb,0xd5,0x65,0xff,
    0xeb,0xef,0xa5,0x80,0x0f,0xc3,0x00,0x00,0x1f,0xc9,0xfa,0x9d,0x6b,0xc7,0x11,0x60,
    0xbc,0xb3,0x6d,0xd7,0x0d,0xe9,0xfd,0x22,0x03,0x00,0x78,0x4d,0x53,0x92,0x21,0xab,
    0x84,0xb2,0x2d,0x6f,0xbc,0x97,0x02,0x7e,0x3f,0x03,0x00,0x7c,0x24,0xc3,0x30,0x2e,
    0xd9,0x87,0xbf,0xaf,0x9a,0xa6,0x64,0x92,0x21,0x4d,0x29,0x7e,0x89,0x01,0x00,0x1c,
    0x73,0x78,0xd7,0xff,0x66,0xd5,0x4a,0x1e,0x7f,0x2f,0x05,0xfc,0x7e,0x06,0x00,0xf8,
    0x88,0x0e,0x7f,0x61,0x95,0x92,0xb4,0x25,0x69,0x4a,0x49,0xda,0x4f,0xfa,0x4f,0x02,
    0x00,0xf8,0xac,0xad,0xdf,0xf0,0xcf,0xe1,0x1f,0x3e,0x2c,0x03,0x00,0xfc,0x81,0xdc,
    0xc1,0x16,0x00,0x00,0xf8,0x54,0x9a,0x4f,0xfd,0x0f,0x00,0x00,0x00,0x00,0x3e,0x3e,
    0x03,0x00,0x00,0x00,0x00,0x54,0xc0,0x00,0x00,0x00,0x00,0x00,0x15,0x30,0x00,0x00,
    0x00,0x00,0x40,0x05,0x0c,0x00,0x00,0x00,0x00,0x50,0x01,0x03,0x00,0x00,0x00,0x00,
    0x54,0xc0,0x00,0x00,0x00,0x00,0x00,0x15,0x30,0x00,0x00,0x00,0x00,0x40,0x05,0x0c,
    0x00,0x00,0x00,0x00,0x50,0x01,0x03,0x00,0x00,0x00,0x00,0x54,0xc0,0x00,0x00,0x00,
    0x00,0x00,0x15,0x30,0x00,0x00,0x00,0x00,0x40,0x05,0x0c,0x00,0x00,0x00,0x00,0x50,
    0x01,0x03,0x00,0x00,0x00,0x00,0x54,0xc0,0x00,0x00,0x00,0x00,0x00,0x15,0x30,0x00,
    0x00,0x00,0x00,0x40,0x05,0x0c,0x00,0x00,0x00,0x00,0x50,0x01,0x03,0x00,0x00,0x00,
    0x00,0x54,0xc0,0x00,0x00,0x00,0x00,0x00,0x15,0x30,0x00,0x00,0x00,0x00,0x40,0x05,
    0x0c,0x00,0x00,0x00,0x00,0x50,0x01,0x03,0x00,0x00,0x00,0x00,0x54,0xc0,0x00,0x00,
    0x00,0x00,0x00,0x15,0x30,0x00,0x00,0x00,0x00,0x40,0x05,0x0c,0x00,0x00,0x00,0x00,
    0x50,0x01,0x03,0x00,0x00,0x00,0x00,0x54,0xc0,0x00,0x00,0x00,0x00,0x00,0x15,0x30,
    0x00,0x00,0x00,0x00,0x40,0x05,0x0c,0x00,0x00,0x00,0x00,0x50,0x01,0x03,0x00,0x00,
    0x00,0x00,0x54,0xc0,0x00,0x00,0x00,0x00,0x00,0x15,0x30,0x00,0x00,0x00,0x00,0x40,
    0x05,0x0c,0x00,0x00,0x00,0x00,0x50,0x01,0x03,0x00,0x00,0x00,0x00,0x54,0xc0,0x00,
    0x00,0x00,0x00,0x00,0x15,0x30,0x00,0x00,0x00,0x00,0x40,0x05,0x0c,0x00,0x00,0x00,
    0x00,0x50,0x01,0x03,0x00,0x00,0x00,0x00,0x54,0xc0,0x00,0x00,0x00,0x00,0x00,0x15,
    0x30,0x00,0x00,0x00,0x00,0x40,0x05,0x0c,0x00,0x00,0x00,0x00,0x50,0x01,0x03,0x00,
    0x00,0x00,0x00,0x54,0xc0,0x00,0x00,0x00,0x00,0x00,0x15,0x30,0x00,0x00,0x00,0x00,
    0x40,0x05,0x0c,0x00,0x00,0x00,0x00,0x50,0x01,0x03,0x00,0x00,0x00,0x00,0x54,0xc0,
    0x00,0x00,0x00,0x00,0x00,0x15,0x30,0x00,0x00,0x00,0x00,0x40,0x05,0x0c,0x00,0x00,
    0x00,0x00,0x50,0x01,0x03,0x00,0x00,0x00,0x00,0x54,0xc0,0x00,0x00,0x00,0x00,0x00,
    0x15,0x30,0x00,0x00,0x00,0x00,0x40,0x05,0x0c,0x00,0x00,0x00,0x00,0x50,0x01,0x03,
    0x00,0x00,0x00,0x00,0x54,0xc0,0x00,0x00,0x00,0x00,0x00,0x15,0x30,0x00,0x00,0x00,
    0x00,0x40,0x05,0x0c,0x00,0x00,0x00,0x00,0x50,0x01,0x03,0x00,0x00,0x00,0x00,0x54,
    0xc0,0x00,0x00,0x00,0x00,0x00,0x15,0x30,0x00,0x00,0x00,0x00,0x40,0x05,0x0c,0x00,
    0x00,0x00,0x00,0x50,0x01,0x03,0x00,0x00,0x00,0x00,0x54,0xc0,0x00,0x00,0x00,0x00,
    0x00,0x15,0x30,0x00,0x00,0x00,0x00,0x40,0x05,0x0c,0x00,0x00,0x00,0x00,0x50,0x01,
    0x03,0x00,0x00,0x00,0x00,0x54,0xc0,0x00,0x00,0x00,0x00,0x00,0x15,0x30,0x00,0x00,
    0x00,0x00,0x40,0x05,0x0c,0x00,0x00,0x00,0x00,0x50,0x01,0x03,0x00,0x00,0x00,0x00,
    0x54,0xc0,0x00,0x00,0x00,0x00,0x00,0x15,0x30,0x00,0x00,0x00,0x00,0x40,0x05,0x0c,
    0x00,0x00,0x00,0x00,0x50,0x01,0x03,0x00,0x00,0x00,0x00,0x54,0xc0,0x00,0x00,0x00,
    0x00,0x00,0x15,0x30,0x00,0x00,0x00,0x00,0x40,0x05,0x0c,0x00,0x00,0x00,0x00,0x50,
    0x01,0x03,0x00,0x00,0x00,0x00,0x54,0xc0,0x00,0x00,0x00,0x00,0x00,0x15,0x30,0x00,
    0x00,0x00,0x00,0x40,0x05,0x0c,0x00,0x00,0x00,0x00,0x50,0x01,0x03,0x00,0x00,0x00,
    0x00,0x54,0xc0,0x00,0x00,0x00,0x00,0x00,0x15,0x30,0x00,0x00,0x00,0x00,0x40,0x05,
    0x0c,0x00,0x00,0x00,0x00,0x50,0x01,0x03,0x00,0x00,0x00,0x00,0x54,0xc0,0x00,0x00,
    0x00,0x00,0x00,0x15,0x30,0x00,0x00,0x00,0x00,0x40,0x05,0x0c,0x00,0x00,0x00,0x00,
    0x50,0x01,0x03,0x00,0x00,0x00,0x00,0x54,0xc0,0x00,0x00,0x00,0x00,0x00,0x15,0x30,
    0x00,0x00,0x00,0x00,0x40,0x05,0x0c,0x00,0x00,0x00,0x00,0x50,0x01,0x03,0x00,0x00,
    0x00,0x00,0x54,0xc0,0x00,0x00,0x00,0x00,0x00,0x15,0x30,0x00,0x00,0x00,0x00,0x40,
    0x05,0x0c,0x00,0x00,0x00,0x00,0x50,0x01,0x03,0x00,0x00,0x00,0x00,0x54,0xc0,0x00,
    0x00,0x00,0x00,0x00,0x15,0x30,0x00,0x00,0x00,0x00,0x40,0x05,0x0c,0x00,0x00,0x00,
    0x00,0x50,0x01,0x03,0x00,0x00,0x00,0x00,0x54,0xc0,0x00,0x00,0x00,0x00,0x00,0x15,
    0x30,0x00,0x00,0x00,0x00,0x40,0x05,0x0c,0x00,0x00,0x00,0x00,0x50,0x01,0x03,0x00,
    0x00,0x00,0x00,0x54,0xc0,0x00,0x00,0x00,0x00,0x00,0x15,0x30,0x00,0x00,0x00,0x00,
    0x40,0x05,0x0c,0x00,0x00,0x00,0x00,0x50,0x01,0x03,0x00,0x00,0x00,0x00,0x54,0xc0,
    0x00,0x00,0x00,0x00,0x00,0x15,0x30,0x00,0x00,0x00,0x00,0x40,0x05,0x0c,0x00,0x00,
    0x00,0x00,0x50,0x01,0x03,0x00,0x00,0x00,0x00,0x54,0xc0,0x00,0x00,0x00,0x00,0x00,
    0x15,0x30,0x00,0x00,0x00,0x00,0x40,0x05,0x0c,0x00,0x00,0x00,0x00,0x50,0x01,0x03,
    0x00,0x00,0x00,0x00,0x54,0xc0,0x00,0x00,0x00,0x00,0x00,0x15,0x30,0x00,0x00,0x00,
    0x00,0x40,0x05,0x0c,0x00,0x00,0x00,0x00,0x50,0x01,0x03,0x00,0x00,0x00,0x00,0x54,
    0xc0,0x00,0x00,0x00,0x00,0x00,0x15,0x30,0x00,0x00,0x00,0x00,0x40,0x05,0x0c,0x00,
    0x00,0x00,0x00,0x50,0x01,0x03,0x00,0x00,0x00,0x00,0x54,0xc0,0x00,0x00,0x00,0x00,
    0x00,0x15,0x30,0x00,0x00,0x00,0x00,0x40,0x05,0x0c,0x00,0x00,0x00,0x00,0x50,0x01,
    0x03,0x00,0x00,0x00,0x00,0x54,0xc0,0x00,0x00,0x00,0x00,0x00,0x15,0x30,0x00,0x00,
    0x00,0x00,0x40,0x05,0x0c,0x00,0x00,0x00,0x00,0x50,0x01,0x03,0x00,0x00,0x00,0x00,
    0x54,0xc0,0x00,0x00,0x00,0x00,0x00,0x15,0x30,0x00,0x00,0x00,0x00,0x40,0x05,0x0c,
    0x00,0x00,0x00,0x00,0x50,0x01,0x03,0x00,0x00,0x00,0x00,0x54,0xc0,0x00,0x00,0x00,
    0x00,0x00,0x15,0x30,0x00,0x00,0x00,0x00,0x40,0x05,0x0c,0x00,0x00,0x00,0x00,0x50,
    0x01,0x03,0x00,0x00,0x00,0x00,0x54,0xc0,0x00,0x00,0x00,0x00,0x00,0x15,0x30,0x00,
    0x00,0x00,0x00,0x40,0x05,0x0c,0x00,0x00,0x00,0x00,0x50,0x01,0x03,0x00,0x00,0x00,
    0x00,0x54,0xc0,0x00,0x00,0x00,0x00,0x00,0x15,0x30,0x00,0x00,0x00,0x00,0x40,0x05,
    0x0c,0x00,0x00,0x00,0x00,0x50,0x01,0x03,0x00,0x00,0x00,0x00,0x54,0xc0,0x00,0x00,
    0x00,0x00,0x00,0x15,0x30,0x00,0x00,0x00,0x00,0x40,0x05,0x0c,0x00,0x00,0x00,0x00,
    0x50,0x01,0x03,0x00,0x00,0x00,0x00,0x54,0xc0,0x00,0x00,0x00,0x00,0x00,0x15,0x30,
    0x00,0x00,0x00,0x00,0x40,0x05,0x0c,0x00,0x00,0x00,0x00,0x50,0x01,0x03,0x00,0x00,
    0x00,0x00,0x54,0xc0,0x00,0x00,0x00,0x00,0x00,0x15,0x30,0x00,0x00,0x00,0x00,0x40,
    0x05,0x0c,0x00,0x00,0x00,0x00,0x50,0x01,0x03,0x00,0x00,0x00,0x00,0x54,0xc0,0x00,
    0x00,0x00,0x00,0x00,0x15,0x30,0x00,0x00,0x00,0x00,0x40,0x05,0x0c,0x00,0x00,0x00,
    0x00,0x50,0x01,0x03,0x00,0x00,0x00,0x00,0x54,0xc0,0x00,0x00,0x00,0x00,0x00,0x15,
    0x30,0x00,0x00,0x00,0x00,0x40,0x05,0x0c,0x00,0x00,0x00,0x00,0x50,0x01,0x03,0x00,
    0x00,0x00,0x00,0x54,0xc0,0x00,0x00,0x00,0x00,0x00,0x15,0x30,0x00,0x00,0x00,0x00,
    0x40,0x05,0x0c,0x00,0x00,0x00,0x00,0x50,0x01,0x03,0x00,0x00,0x00,0x00,0x54,0xc0,
    0x00,0x00,0x00,0x00,0x00,0x15,0x30,0x00,0x00,0x00,0x00,0x40,0x05,0x0c,0x00,0x00,
    0x00,0x00,0x50,0x01,0x03,0x00,0x00,0x00,0x00,0x54,0xc0,0x00,0x00,0x00,0x00,0x00,
    0x15,0x30,0x00,0x00,0x00,0x00,0x40,0x05,0x0c,0x00,0x00,0x00,0x00,0x50,0x01,0x03,
    0x00,0x00,0x00,0x00,0x54,0xc0,0x00,0x00,0x00,0x00,0x00,0x15,0x30,0x00,0x00,0x00,
    0x00,0x40,0x05,0x0c,0x00,0x00,0x00,0x00,0x50,0x01,0x03,0x00,0x00,0x00,0x00,0x54,
    0xc0,0x00,0x00,0x00,0x00,0x00,0x15,0x30,0x00,0x00,0x00,0x00,0x40,0x05,0x0c,0x00,
    0x00,0x00,0x00,0x50,0x01,0x03,0x00,0x00,0x00,0x00,0x54,0xc0,0x00,0x00,0x00,0x00,
    0x00,0x15,0x30,0x00,0x00,0x00,0x00,0x40,0x05,0x0c,0x00,0x00,0x00,0x00,0x50,0x01,
    0x03,0x00,0x00,0x00,0x00,0x54,0xc0,0x00,0x00,0x00,0x00,0x00,0x15,0x30,0x00,0x00,
    0x00,0x00,0x40,0x05,0x0c,0x00,0x00,0x00,0x00,0x50,0x01,0x03,0x00,0x00,0x00,0x00,
    0x54,0xc0,0x00,0x00,0x00,0x00,0x00,0x15,0x30,0x00,0x00,0x00,0x00,0x40,0x05,0x0c,
    0x00,0x00,0x00,0x00,0x50,0x01,0x03,0x00,0x00,0x00,0x00,0x54,0xc0,0x00,0x00,0x00,
    0x00,0x00,0x15,0x30,0x00,0x00,0x00,0x00,0x40,0x05,0x0c,0x00,0x00,0x00,0x00,0x50,
    0x01,0x03,0x00,0x00,0x00,0x00,0x54,0xc0,0x00,0x00,0x00,0x00,0x00,0x15,0x30,0x00,
    0x00,0x00,0x00,0x40,0x05,0x0c,0x00,0x00,0x00,0x00,0x50,0x81,0xff,0x3f,0xe2,0xb4,
    0xf8,0x20,0x17,0x02,0xf5,0x4c,0x00,0x00,0x00,0x00,0x49,0x45,0x4e,0x44,0xae,0x42,
    0x60,0x82,0x69,0x63,0x31,0x31,0x00,0x00,0x02,0xbd,0x89,0x50,0x4e,0x47,0x0d,0x0a,
    0x1a,0x0a,0x00,0x00,0x00,0x0d,0x49,0x48,0x44,0x52,0x00,0x00,0x00,0x20,0x00,0x00,
    0x00,0x20,0x08,0x06,0x00,0x00,0x00,0x73,0x7a,0x7a,0xf4,0x00,0x00,0x02,0x7c,0x49,
    0x44,0x41,0x54,0x78,0x9c,0xed,0x96,0x4d,0x48,0x54,0x51,0x18,0x86,0x9f,0x73,0x7f,
    0x66,0x54,0xd2,0x49,0x98,0x28,0xb5,0x45,0x46,0xb9,0x88,0x88,0x40,0x8a,0x36,0x2e,
    0xc3,0x45,0x08,0x11,0x04,0x11,0xfd,0xad,0xa2,0x44,0x82,0x36,0x21,0x84,0xa0,0x1b,
    0x5b,0x44,0x10,0xb5,0x68,0x53,0xd0,0x2c,0x5c,0xb8,0x69,0x11,0x18,0x44,0x14,0x41,
    0x84,0x11,0x11,0x41,0x48,0x62,0x11,0x95,0x95,0x45,0x30,0xce,0x30,0xea,0xcc,0x78,
    0xef,0x3d,0xa7,0xc5,0x20,0x31,0xce,0x39,0x77,0x9c,0x19,0x51,0x17,0xbd,0xdb,0x73,
    0xb9,0xdf,0xf3,0x9d,0xf7,0xfb,0x39,0xe2,0xe0,0xc5,0x9f,0x8a,0x75,0x94,0xb5,0x9e,
    0xc1,0xff,0x03,0x6c,0x08,0x00,0xc7,0x74,0xa0,0x14,0x04,0x72,0x75,0xea,0xd3,0xb6,
    0x04,0x42,0x54,0x00,0xa0,0x80,0x88,0x2b,0x68,0x8b,0x1b,0xf9,0x2a,0xd2,0xaf,0x64,
    0x40,0x36,0xaf,0xb4,0x10,0xda,0x08,0x41,0xa0,0x68,0xdd,0xe6,0x90,0xe8,0x8f,0xe3,
    0xd8,0xb5,0x03,0x5c,0xba,0x3d,0xcb,0xf8,0x44,0x8e,0x88,0x5b,0x4a,0x60,0x4c,0x51,
    0x00,0xae,0x53,0xb8,0xbe,0x5a,0x65,0xba,0x7e,0x28,0x53,0x84,0x6a,0x0d,0x46,0x94,
    0x11,0x40,0x08,0x70,0xec,0xda,0xb3,0x07,0xb0,0x42,0xd2,0xd4,0x5a,0x60,0x59,0x82,
    0x3f,0x29,0xc9,0x50,0x22,0x45,0xa8,0x03,0x02,0x02,0x09,0x52,0xc2,0xb1,0xae,0x06,
    0xf6,0xef,0x8a,0x94,0x7c,0xf2,0xf1,0xbb,0xc7,0x97,0x19,0x1f,0xdb,0x90,0x8c,0x1e,
    0x40,0x40,0x66,0x41,0xf2,0xe0,0xc5,0x42,0x48,0x74,0xf0,0x7c,0x45,0x43,0xd4,0xe2,
    0xf2,0xf1,0x26,0xf6,0xec,0x70,0x4b,0xce,0x9f,0xbe,0xcd,0x71,0x6d,0x24,0xcd,0xec,
    0x5c,0x60,0xbc,0x4d,0x73,0x11,0x0a,0xa8,0x8b,0x98,0xd3,0xcf,0x2d,0x2a,0x3a,0xb6,
    0xbb,0x0c,0x9c,0xd9,0x4c,0x67,0x47,0x71,0xe6,0x81,0x84,0x7b,0x8f,0x32,0xdc,0x1d,
    0x9b,0x23,0x90,0xe1,0x56,0x56,0xdc,0xe8,0x4a,0x41,0xde,0x53,0x74,0xed,0xab,0x63,
    0xe0,0x74,0x8c,0xad,0xcd,0xc5,0x7d,0x9a,0xcc,0x48,0x86,0x47,0xd2,0x3c,0x79,0x93,
    0x25,0xea,0x8a,0xb2,0x6d,0x5c,0x11,0x40,0x20,0x0b,0x00,0x67,0xbb,0x37,0xd1,0x77,
    0xb4,0xb1,0xa4,0xaf,0x3f,0x7c,0xf5,0x18,0x4c,0xa4,0x98,0xfc,0xe6,0x85,0xde,0x5e,
    0x55,0x00,0x8b,0xbe,0xa2,0xa9,0xc1,0xe2,0xca,0x89,0x18,0x47,0x0e,0xd5,0x97,0x9c,
    0x8f,0xbd,0xca,0x72,0x7d,0x34,0x4d,0x7a,0x5e,0xae,0x38,0xf8,0x8a,0x01,0x72,0x8b,
    0x8a,0xdd,0x6d,0x2e,0x83,0xe7,0x62,0xec,0x6d,0x2f,0xf6,0xdb,0xf3,0x15,0x77,0x1e,
    0x66,0x48,0x3c,0x9e,0x47,0x08,0x88,0x38,0x95,0xb5,0x6e,0x28,0xc0,0x92,0xdf,0x87,
    0x3b,0xeb,0xe9,0x3f,0xd9,0x44,0x3c,0x56,0x6c,0xe8,0xef,0xd9,0x80,0xe1,0x91,0x34,
    0xcf,0xdf,0xe5,0x88,0xba,0xe6,0x85,0x53,0x15,0x80,0x94,0x85,0xa5,0x74,0xa1,0xa7,
    0x91,0xf3,0x3d,0x8d,0xd8,0xcb,0x86,0xc9,0xeb,0xc9,0x3c,0x43,0xf7,0xd3,0x7c,0x9e,
    0x29,0xf8,0xed,0xf9,0xe6,0xb1,0xe9,0x38,0xc2,0x38,0x4f,0xf4,0xdb,0x50,0x41,0x7d,
    0x54,0x70,0xf5,0x54,0x8c,0xee,0x03,0xa5,0x7e,0x7f,0xfa,0xe1,0x33,0xfa,0x6c,0x81,
    0xb6,0x2d,0x36,0xed,0x2d,0x0e,0xe5,0x26,0xf6,0xd4,0xb4,0x47,0x6a,0x5e,0x6a,0x21,
    0xf4,0xdb,0x50,0x2a,0x5a,0xe3,0x8e,0x36,0x38,0xc0,0xce,0x16,0x87,0x1b,0xbd,0xcd,
    0x65,0xc2,0xfe,0x53,0xdf,0xad,0x24,0x2f,0xdf,0xeb,0xb7,0xa1,0x71,0x4a,0x2b,0x05,
    0x7e,0xa0,0xcf,0x2d,0x6c,0xb6,0x9b,0xfe,0x65,0xd2,0xba,0x3f,0xc9,0xcc,0xdb,0x10,
    0x56,0xe5,0x31,0x02,0xe1,0xef,0x01,0x6d,0x0d,0xd8,0x96,0x60,0x26,0x19,0xd0,0x7b,
    0x33,0x89,0xa8,0xa6,0xb7,0x96,0x69,0x6a,0xda,0xc3,0x31,0xcc,0x07,0x2d,0x80,0x10,
    0x90,0xcd,0x2b,0xc6,0x27,0xf2,0x35,0x07,0x87,0x2a,0xda,0x70,0x09,0x42,0x57,0xb5,
    0xab,0xad,0x8d,0x5b,0x84,0xff,0x01,0xd6,0x4a,0x7f,0x01,0xef,0xb2,0xc4,0xdd,0xea,
    0xcd,0x44,0x44,0x00,0x00,0x00,0x00,0x49,0x45,0x4e,0x44,0xae,0x42,0x60,0x82,0x69,
    0x63,0x31,0x32,0x00,0x00,0x04,0x62,0x89,0x50,0x4e,0x47,0x0d,0x0a,0x1a,0x0a,0x00,
    0x00,0x00,0x0d,0x49,0x48,0x44,0x52,0x00,0x00,0x00,0x40,0x00,0x00,0x00,0x40,0x08,
    0x06,0x00,0x00,0x00,0xaa,0x69,0x71,0xde,0x00,0x00,0x04,0x21,0x49,0x44,0x41,0x54,
    0x78,0x9c,0xed,0x9b,0x5d,0x88,0x54,0x55,0x1c,0xc0,0x7f,0x77,0xee,0x7c,0xec,0xec,
    0xc7,0xcc,0xb8,0xad,0x25,0x65,0xd2,0x97,0x98,0x54,0xe4,0x83,0x24,0xf6,0x10,0xee,
    0x43,0x20,0x42,0x42,0x89,0x2e,0x41,0xac,0x91,0x0f,0x61,0x90,0x11,0x52,0x44,0x51,
    0x6a,0x91,0x0f,0xc1,0xb6,0x7d,0xbd,0x95,0x92,0x52,0xc1,0x62,0xe3,0x43,0xdf,0x10,
    0x11,0x5a,0x54,0xa2,0x88,0x42,0xb1,0xc9,0xf6,0x29,0x6a,0xc9,0x6e,0xee,0xcc,0xdd,
    0xdd,0xd9,0xb9,0x77,0xee,0x3d,0xa7,0x87,0x49,0xe8,0x61,0x8b,0x73,0x8e,0x73,0xe7,
    0x2c,0x78,0x7f,0xef,0xff,0xbd,0xff,0xf3,0x3b,0xf7,0x7f,0xce,0xff,0x9e,0x33,0xeb,
    0xdc,0xb1,0xf5,0x9c,0xe4,0x32,0x26,0x65,0x3b,0x01,0xdb,0x24,0x02,0x6c,0x27,0x60,
    0x9b,0x44,0x80,0xed,0x04,0x6c,0x93,0x08,0xb0,0x9d,0x80,0x6d,0x12,0x01,0xb6,0x13,
    0xb0,0x4d,0x22,0xc0,0x76,0x02,0xb6,0x49,0x9b,0x04,0x09,0x09,0x61,0x38,0xbf,0x3e,
    0x21,0x5c,0xd7,0xc1,0x35,0x98,0x4e,0x6d,0x01,0x42,0x42,0xb1,0x2b,0xc5,0xb2,0x6b,
    0x8d,0xdc,0xc5,0xc6,0xb9,0x89,0x88,0x33,0xe3,0x11,0x29,0x4d,0x09,0xda,0xa3,0x08,
    0x43,0xc9,0xcd,0x4b,0xd2,0xbc,0xb1,0xed,0x0a,0xdd,0xd0,0x58,0xd9,0xfb,0xe9,0x34,
    0xaf,0x94,0x3d,0xf2,0x59,0x47,0x2b,0xce,0x68,0x0d,0x90,0xf3,0xeb,0xed,0x07,0x40,
    0x08,0xb3,0xb8,0xcb,0x7e,0x11,0x4c,0x04,0xd8,0x4e,0xc0,0x36,0x89,0x00,0xdb,0x09,
    0xd8,0xc6,0x48,0x40,0x4a,0x6f,0xa7,0x69,0x0b,0xba,0xfb,0xff,0x45,0xb4,0xfb,0x80,
    0x94,0x03,0xd5,0x19,0xc1,0xb1,0x53,0x81,0xd9,0x13,0xff,0x07,0x29,0x25,0x61,0x04,
    0x4b,0x17,0x67,0xe8,0x2b,0xea,0x8d,0xe8,0xaf,0xaa,0xc0,0x31,0x98,0x18,0x6d,0x01,
    0xe9,0xb4,0xc3,0x8f,0xa7,0x43,0x1e,0x7e,0x79,0x42,0xff,0x69,0xff,0x89,0x83,0x10,
    0x92,0x48,0xc0,0xa6,0xfe,0x2e,0x6e,0xbd,0x21,0xa3,0x1c,0xe9,0x07,0x92,0xe1,0xb2,
    0x47,0xf9,0x70,0x8d,0x8e,0x8c,0xbe,0x01,0xa3,0x7e,0xd6,0x71,0x20,0xed,0xb6,0xae,
    0x0e,0x1a,0xa1,0x24,0x9f,0x73,0xd8,0xbe,0xa9,0xc8,0x86,0xbb,0x3a,0x95,0xe3,0xce,
    0x4f,0x46,0x3c,0xbb,0xb7,0xc2,0x91,0x51,0x9f,0x9c,0xc1,0xe0,0xc1,0x50,0x40,0x2b,
    0xf1,0x1b,0x92,0x6b,0xfa,0x5c,0x5e,0xdc,0xb2,0x80,0x15,0x37,0x65,0x95,0xe3,0x4e,
    0xfc,0x14,0xf0,0xcc,0x9e,0x49,0xce,0x4e,0x44,0x74,0x68,0xb6,0xbf,0xff,0xc6,0x9a,
    0x00,0x29,0x9b,0x83,0x5f,0xb5,0x3c,0xc7,0x0b,0x0f,0x95,0xb8,0x6a,0x81,0xab,0x1c,
    0x5b,0x3e,0x5c,0x63,0xe8,0x40,0x95,0x7a,0x20,0x8d,0x67,0xfe,0x22,0x56,0x04,0x84,
    0x51,0x73,0xd5,0x7e,0x70,0x6d,0x37,0x8f,0xac,0xef,0x21,0xa7,0x38,0x83,0x5e,0x4d,
    0xf0,0xfa,0xc1,0x29,0xca,0x5f,0xcd,0xe0,0x3a,0x0e,0x99,0x16,0x94,0x61,0xdb,0x05,
    0x04,0x0d,0x49,0xa9,0x3b,0xc5,0xe3,0x1b,0x0b,0xac,0xbf,0x53,0xbd,0xde,0x7f,0xfb,
    0x33,0xe4,0xf9,0xfd,0x15,0x8e,0x9e,0x0a,0xc8,0x67,0x1d,0xa3,0x15,0x7f,0x2e,0xda,
    0x2a,0xa0,0x1e,0x48,0x96,0x2e,0xce,0xb0,0x63,0xb0,0xc4,0x6d,0x1a,0x2b,0xfd,0xb7,
    0x3f,0xf8,0xec,0xdc,0x57,0xe1,0xfc,0x64,0x44,0x67,0xae,0xb5,0x4d,0x48,0x5b,0x04,
    0x48,0xd9,0x9c,0xf9,0x35,0x2b,0x3a,0xd8,0x31,0x58,0xa2,0xb7,0xa0,0xb6,0xc7,0x0b,
    0x01,0x23,0x5f,0xce,0x30,0x5c,0xf6,0x88,0x22,0x2e,0xb9,0xde,0xe7,0x22,0x76,0x01,
    0x61,0xd4,0x6c,0x9e,0x36,0xaf,0xed,0x66,0xdb,0x7d,0x05,0xe5,0x63,0x2b,0xaf,0x26,
    0x78,0xb5,0xec,0xf1,0xfe,0xa1,0x1a,0xd9,0x8c,0x43,0x5a,0x7d,0x8d,0xd4,0x22,0x56,
    0x01,0x7e,0x43,0xb2,0xb0,0xe4,0xf2,0xe4,0x40,0x81,0xbb,0x57,0xe6,0x95,0xe3,0x46,
    0x4f,0x37,0xd8,0xfd,0x4e,0x95,0x93,0xbf,0x04,0xda,0x27,0x3c,0xba,0xc4,0x26,0x60,
    0xd6,0x97,0xdc,0x7e,0x63,0x96,0xa7,0x1f,0x28,0xb2,0x7c,0x89,0x7a,0xbd,0x7f,0x7e,
    0x6c,0x96,0x97,0x46,0x3c,0xc6,0x2b,0x51,0xec,0x83,0x87,0x18,0x04,0x48,0x09,0xf5,
    0x86,0xe4,0x9e,0xd5,0x9d,0x6c,0x1f,0x28,0xd0,0xdb,0xa3,0x58,0xef,0x12,0xf6,0x7c,
    0x32,0xc5,0x9b,0x1f,0x4d,0x13,0x89,0x78,0xea,0x7d,0x2e,0x5a,0x2a,0x20,0x8c,0xc0,
    0x4d,0xc1,0xa3,0xf7,0xf6,0xb0,0x65,0x5d,0x8f,0xf2,0x57,0xe3,0x85,0x29,0xc1,0xd0,
    0x88,0xc7,0x87,0xdf,0x35,0xfb,0xf9,0xb8,0xea,0x7d,0x2e,0x5a,0x26,0xc0,0x6f,0x48,
    0xae,0x2c,0xb9,0x3c,0xa1,0x5b,0xef,0xbf,0x37,0xd8,0xfd,0x6e,0x95,0x93,0x3f,0x07,
    0xe4,0x5b,0xbc,0xc5,0xa9,0xd0,0x12,0x01,0xb3,0xbe,0x64,0xe5,0xb2,0x2c,0xcf,0x0d,
    0x96,0xb8,0x6e,0x91,0xfa,0x9f,0xfc,0xe0,0x9b,0x1a,0xc3,0x07,0x3c,0x2a,0xd3,0xc2,
    0xca,0xe0,0xe1,0x12,0x05,0x88,0x7f,0xf6,0xf7,0x8d,0x6b,0x3a,0x79,0x6c,0x43,0x81,
    0x42,0xa7,0x5a,0xbd,0x47,0x02,0x5e,0x3b,0xe8,0xf1,0xde,0x17,0x33,0x08,0x01,0xd9,
    0x36,0xd5,0xfb,0x5c,0x18,0x0b,0x08,0x23,0x70,0x5d,0x78,0xea,0xfe,0x22,0x03,0xfd,
    0x5d,0xca,0x27,0x32,0x17,0x3c,0xc1,0xae,0xfd,0x15,0x0e,0x9d,0xa8,0xc7,0xba,0xbf,
    0xab,0x62,0x24,0xa0,0x11,0xc1,0xc2,0x62,0x8a,0x9d,0x9b,0x4b,0xac,0xbe,0x25,0xa7,
    0x14,0x23,0x25,0x1c,0x3d,0xe5,0xb3,0x6b,0x5f,0x95,0xb1,0xb3,0x0d,0x3a,0x32,0x0e,
    0xf5,0x46,0xeb,0x6e,0x58,0x32,0xae,0xd9,0x19,0x85,0xfe,0xd5,0x58,0x04,0xd7,0x2f,
    0x72,0x19,0xda,0xda,0xab,0x55,0xef,0xd3,0x75,0xc9,0xaf,0x7f,0x84,0xac,0x5b,0x95,
    0x27,0x97,0x51,0xff,0x08,0x52,0xe5,0xf8,0x58,0xc0,0x91,0x51,0x5f,0xfb,0x8d,0xd2,
    0xbf,0x1c,0x15,0x92,0xab,0xfb,0x5c,0xad,0xc1,0x03,0xf4,0xe4,0x1d,0x06,0xfa,0xbb,
    0x74,0x1f,0xa7,0xcc,0xdb,0x9f,0xcd,0xf0,0xf5,0xf7,0x75,0xed,0xb7,0xc0,0xe8,0x2c,
    0xd5,0xf4,0x1e,0x2e,0x4e,0xc2,0xc8,0xac,0x9c,0x92,0x7b,0x01,0xdb,0x09,0xd8,0x26,
    0x11,0x60,0x3b,0x01,0xdb,0x24,0x02,0x8c,0x82,0xe6,0xa1,0x36,0xd3,0x8b,0x1a,0xed,
    0x3e,0xc0,0x75,0x1d,0xce,0x8c,0x47,0xbc,0xf5,0xf1,0xb4,0xd1,0x03,0xe3,0xe2,0xf8,
    0x58,0x60,0x74,0x4c,0xee,0x98,0xfc,0xcb,0x8c,0x10,0xe0,0xcf,0xb3,0x9f,0xc9,0xb5,
    0xad,0x15,0x86,0x66,0x09,0xb4,0xe3,0xb8,0xaa,0x1d,0xcc,0xc3,0x6a,0x6e,0x2f,0x89,
    0x00,0xdb,0x09,0xd8,0x26,0x11,0x60,0x3b,0x01,0xdb,0x24,0x02,0x6c,0x27,0x60,0x9b,
    0x44,0x80,0xed,0x04,0x6c,0x93,0x08,0xb0,0x9d,0x80,0x6d,0xfe,0x06,0x95,0xe6,0x40,
    0xdd,0x56,0x7e,0x5a,0x43,0x00,0x00,0x00,0x00,0x49,0x45,0x4e,0x44,0xae,0x42,0x60,
    0x82,0x69,0x63,0x31,0x33,0x00,0x00,0x04,0xa1,0x89,0x50,0x4e,0x47,0x0d,0x0a,0x1a,
    0x0a,0x00,0x00,0x00,0x0d,0x49,0x48,0x44,0x52,0x00,0x00,0x01,0x00,0x00,0x00,0x01,
    0x00,0x08,0x06,0x00,0x00,0x00,0x5c,0x72,0xa8,0x66,0x00,0x00,0x04,0x60,0x49,0x44,
    0x41,0x54,0x78,0x9c,0xed,0xd8,0xdb,0x71,0x14,0x49,0x14,0x45,0xd1,0xd6,0x84,0x9c,
    0xc0,0x11,0x61,0x93,0x30,0x08,0x9f,0x70,0x44,0x98,0xa1,0xf9,0x80,0x60,0x06,0x84,
    0xa0,0x1f,0x55,0x9d,0x95,0xb9,0xd7,0xb2,0xa0,0x7e,0xce,0x8e,0x5b,0xf9,0xf0,0xf4,
    0xfc,0xf2,0x7a,0x02,0x92,0xfe,0x19,0xfd,0x01,0xc0,0x38,0x02,0x00,0x61,0x02,0x00,
    0x61,0x02,0x00,0x61,0x02,0x00,0x61,0x02,0x00,0x61,0x02,0x00,0x61,0x02,0x00,0x61,
    0x02,0x00,0x61,0x02,0x00,0x61,0x02,0x00,0x61,0x02,0x00,0x61,0x02,0x00,0x61,0x02,
    0x00,0x61,0x02,0x00,0x61,0x02,0x00,0x61,0x02,0x00,0x61,0x02,0x00,0x61,0x02,0x00,
    0x61,0x02,0x00,0x61,0x02,0x00,0x61,0x02,0x00,0x61,0x02,0x00,0x61,0x02,0x00,0x61,
    0x02,0x00,0x61,0x02,0x00,0x61,0x02,0x00,0x61,0x02,0x00,0x61,0x02,0x00,0x61,0x02,
    0x00,0x61,0x02,0x00,0x61,0x02,0x00,0x61,0x02,0x00,0x61,0x02,0x00,0x61,0x02,0x00,
    0x61,0x02,0x00,0x61,0x02,0x00,0x61,0x02,0x00,0x61,0x02,0x00,0x61,0x02,0x00,0x61,
    0x02,0x00,0x61,0x02,0x00,0x61,0x02,0x00,0x61,0x02,0x00,0x61,0x02,0x00,0x61,0x02,
    0x00,0x61,0x02,0x00,0x61,0x02,0x00,0x61,0x02,0x00,0x61,0x02,0x00,0x61,0x02,0x00,
    0x61,0x02,0x00,0x61,0x02,0x00,0x61,0x02,0x00,0x61,0x8f,0xa3,0x3f,0x60,0x4f,0x5f,
    0x3e,0x7f,0x18,0xfd,0x09,0x2c,0xe2,0xe3,0xa7,0xaf,0xa3,0x3f,0x61,0x17,0x2e,0x00,
    0x08,0x13,0x00,0x08,0x13,0x00,0x08,0x13,0x00,0x08,0x13,0x00,0x08,0x13,0x00,0x08,
    0x13,0x00,0x08,0x13,0x00,0x08,0x13,0x00,0x08,0x13,0x00,0x08,0x13,0x00,0x08,0x13,
    0x00,0x08,0x13,0x00,0x08,0x13,0x00,0x08,0x13,0x00,0x08,0x13,0x00,0x08,0x13,0x00,
    0x08,0x13,0x00,0x08,0x13,0x00,0x08,0x13,0x00,0x08,0x13,0x00,0x08,0x13,0x00,0x08,
    0x13,0x00,0x08,0x13,0x00,0x08,0x13,0x00,0x08,0x13,0x00,0x08,0x13,0x00,0x08,0x13,
    0x00,0x08,0x13,0x00,0x08,0x13,0x00,0x08,0x13,0x00,0x08,0x13,0x00,0x08,0x13,0x00,
    0x08,0x13,0x00,0x08,0x13,0x00,0x08,0x7b,0x78,0x7a,0x7e,0x79,0x1d,0xfd,0x11,0xac,
    0xe7,0xcb,0xe7,0x0f,0xa3,0x3f,0x61,0x33,0x1f,0x3f,0x7d,0x1d,0xfd,0x09,0xbb,0x79,
    0x1c,0xfd,0x01,0xac,0xc5,0xf0,0xe7,0xe2,0x17,0x80,0xcd,0x18,0xff,0x7c,0x04,0x80,
    0x4d,0x18,0xff,0x9c,0x04,0x80,0x9b,0x19,0xff,0xbc,0xbc,0x01,0x70,0x35,0xc3,0x9f,
    0x9f,0x0b,0x80,0xab,0x18,0xff,0x1a,0x04,0x80,0x8b,0x19,0xff,0x3a,0x04,0x80,0x8b,
    0x18,0xff,0x5a,0xbc,0x01,0x70,0x16,0xc3,0x5f,0x93,0x0b,0x80,0xbf,0x32,0xfe,0x75,
    0x09,0x00,0x7f,0x64,0xfc,0x6b,0x13,0x00,0xde,0x65,0xfc,0xeb,0xf3,0x06,0xc0,0x1b,
    0x86,0xdf,0xe1,0x02,0xe0,0x27,0xc6,0xdf,0x22,0x00,0xfc,0x60,0xfc,0x3d,0x02,0xc0,
    0xe9,0x74,0x32,0xfe,0x2a,0x6f,0x00,0x71,0x86,0xdf,0xe6,0x02,0x08,0x33,0x7e,0x04,
    0x20,0xca,0xf8,0x39,0x9d,0xfc,0x02,0xe4,0x18,0x3e,0xff,0xe7,0x02,0x08,0x31,0x7e,
    0x7e,0x25,0x00,0x11,0xc6,0xcf,0xef,0x08,0x40,0x80,0xf1,0xf3,0x1e,0x6f,0x00,0x0b,
    0x33,0x7c,0xfe,0xc6,0x05,0xb0,0x28,0xe3,0xe7,0x1c,0x02,0xb0,0x20,0xe3,0xe7,0x5c,
    0x02,0xb0,0x18,0xe3,0xe7,0x12,0xde,0x00,0x16,0x61,0xf8,0x5c,0xc3,0x05,0xb0,0x00,
    0xe3,0xe7,0x5a,0x02,0x30,0x39,0xe3,0xe7,0x16,0x02,0x30,0x31,0xe3,0xe7,0x56,0xde,
    0x00,0x26,0x64,0xf8,0x6c,0xc5,0x05,0x30,0x19,0xe3,0x67,0x4b,0x02,0x30,0x11,0xe3,
    0x67,0x6b,0x02,0x30,0x09,0xe3,0x67,0x0f,0xde,0x00,0x0e,0xce,0xf0,0xd9,0x93,0x0b,
    0xe0,0xc0,0x8c,0x9f,0xbd,0x09,0xc0,0x41,0x19,0x3f,0xf7,0xe0,0x17,0xe0,0x60,0x0c,
    0x9f,0x7b,0x72,0x01,0x1c,0x88,0xf1,0x73,0x6f,0x02,0x70,0x10,0xc6,0xcf,0x08,0x02,
    0x70,0x00,0xc6,0xcf,0x28,0xde,0x00,0x06,0x32,0x7c,0x46,0x73,0x01,0x0c,0x62,0xfc,
    0x1c,0x81,0x00,0x0c,0x60,0xfc,0x1c,0x85,0x00,0xdc,0x99,0xf1,0x73,0x24,0xde,0x00,
    0xee,0xc4,0xf0,0x39,0x22,0x17,0xc0,0x1d,0x18,0x3f,0x47,0x25,0x00,0x3b,0x33,0x7e,
    0x8e,0x4c,0x00,0x76,0x64,0xfc,0x1c,0x9d,0x37,0x80,0x1d,0x18,0x3e,0xb3,0x70,0x01,
    0x6c,0xcc,0xf8,0x99,0x89,0x00,0x6c,0xc8,0xf8,0x99,0x8d,0x00,0x6c,0xc4,0xf8,0x99,
    0x91,0x37,0x80,0x1b,0x19,0x3e,0x33,0x73,0x01,0xdc,0xc0,0xf8,0x99,0x9d,0x00,0x5c,
    0xc9,0xf8,0x59,0x81,0x5f,0x80,0x0b,0x19,0x3e,0x2b,0x71,0x01,0x5c,0xc0,0xf8,0x59,
    0x8d,0x00,0x9c,0xc9,0xf8,0x59,0x91,0x00,0x9c,0xc1,0xf8,0x59,0x95,0x37,0x80,0x3f,
    0x30,0x7c,0x56,0xe7,0x02,0x78,0x87,0xf1,0x53,0x20,0x00,0xbf,0x61,0xfc,0x54,0x08,
    0xc0,0x2f,0x8c,0x9f,0x12,0x6f,0x00,0xdf,0x19,0x3e,0x45,0x2e,0x80,0x93,0xf1,0xd3,
    0x95,0x0f,0x80,0xf1,0x53,0x96,0x0e,0x80,0xf1,0x53,0x97,0x7c,0x03,0x30,0x7c,0xf8,
    0x26,0x77,0x01,0x18,0x3f,0xfc,0x27,0x15,0x00,0xe3,0x87,0x9f,0x65,0x02,0x60,0xfc,
    0xf0,0xd6,0xf2,0x6f,0x00,0x86,0x0f,0xef,0x7b,0x78,0x7a,0x7e,0x79,0x1d,0xfd,0x11,
    0x7b,0x59,0x69,0xfc,0x8c,0xb5,0x6a,0x7c,0x33,0xbf,0x00,0xc0,0x5b,0x02,0x00,0x61,
    0x02,0x00,0x61,0x02,0x00,0x61,0x02,0x00,0x61,0x02,0x00,0x61,0x02,0x00,0x61,0x02,
    0x00,0x61,0x02,0x00,0x61,0x02,0x00,0x61,0x02,0x00,0x61,0x02,0x00,0x61,0x02,0x00,
    0x61,0x02,0x00,0x61,0x02,0x00,0x61,0x02,0x00,0x61,0x02,0x00,0x61,0x02,0x00,0x61,
    0x02,0x00,0x61,0x02,0x00,0x61,0x02,0x00,0x61,0x02,0x00,0x61,0x02,0x00,0x61,0x02,
    0x00,0x61,0x02,0x00,0x61,0x02,0x00,0x61,0x02,0x00,0x61,0x02,0x00,0x61,0x02,0x00,
    0x61,0x02,0x00,0x61,0x02,0x00,0x61,0x02,0x00,0x61,0x02,0x00,0x61,0x02,0x00,0x61,
    0x02,0x00,0x61,0x0f,0x4f,0xcf,0x2f,0xaf,0xa3,0x3f,0x02,0x18,0xc3,0x05,0x00,0x61,
    0x02,0x00,0x61,0x02,0x00,0x61,0x02,0x00,0x61,0x02,0x00,0x61,0x02,0x00,0x61,0x02,
    0x00,0x61,0x02,0x00,0x61,0x02,0x00,0x61,0x02,0x00,0x61,0x02,0x00,0x61,0x02,0x00,
    0x61,0x02,0x00,0x61,0x02,0x00,0x61,0x02,0x00,0x61,0x02,0x00,0x61,0x02,0x00,0x61,
    0x02,0x00,0x61,0x02,0x00,0x61,0x02,0x00,0x61,0x02,0x00,0x61,0x02,0x00,0x61,0x02,
    0x00,0x61,0x02,0x00,0x61,0x02,0x00,0x61,0x02,0x00,0x61,0x02,0x00,0x61,0x02,0x00,
    0x61,0x02,0x00,0x61,0x02,0x00,0x61,0x02,0x00,0x61,0x02,0x00,0x61,0x02,0x00,0x61,
    0x02,0x00,0x61,0x02,0x00,0x61,0x02,0x00,0x61,0x02,0x00,0x61,0x02,0x00,0x61,0x02,
    0x00,0x61,0x02,0x00,0x61,0x02,0x00,0x61,0x02,0x00,0x61,0x02,0x00,0x61,0x02,0x00,
    0x61,0x02,0x00,0x61,0x02,0x00,0x61,0x02,0x00,0x61,0x02,0x00,0x61,0x02,0x00,0x61,
    0x02,0x00,0x61,0x02,0x00,0x61,0x02,0x00,0x61,0x02,0x00,0x61,0xff,0x02,0xe8,0x04,
    0xf3,0x37,0x18,0x3e,0x63,0x4e,0x00,0x00,0x00,0x00,0x49,0x45,0x4e,0x44,0xae,0x42,
    0x60,0x82,0x69,0x63,0x31,0x34,0x00,0x00,0x11,0x5f,0x89,0x50,0x4e,0x47,0x0d,0x0a,
    0x1a,0x0a,0x00,0x00,0x00,0x0d,0x49,0x48,0x44,0x52,0x00,0x00,0x02,0x00,0x00,0x00,
    0x02,0x00,0x08,0x06,0x00,0x00,0x00,0xf4,0x78,0xd4,0xfa,0x00,0x00,0x11,0x1e,0x49,
    0x44,0x41,0x54,0x78,0x9c,0xed,0xdd,0x4f,0xaf,0x5c,0xf7,0x5d,0xc7,0xf1,0xef,0x99,
    0x19,0xcf,0x1d,0xcb,0x36,0x8d,0x68,0x02,0x34,0x29,0x90,0x62,0x0b,0xa9,0x2d,0x85,
    0xb0,0xa1,0x42,0x62,0x5d,0xb1,0xa0,0x3c,0x02,0x10,0x2b,0x14,0xf1,0x90,0x58,0x46,
    0x7d,0x08,0x6c,0x22,0x58,0x43,0x61,0x45,0xa1,0x49,0xba,0x69,0x6b,0x6f,0x82,0x23,
    0x95,0x5a,0x11,0xbd,0x26,0xf7,0xdf,0xcc,0x61,0x31,0xb9,0x89,0x13,0xec,0xe4,0x5e,
    0xfb,0xce,0x9d,0xdf,0xef,0x7c,0x5e,0xaf,0x55,0x14,0x65,0x31,0xd2,0xd5,0xcc,0xbc,
    0xcf,0x99,0xdf,0x27,0x67,0xf8,0x93,0xbf,0xfb,0xaf,0xb1,0x00,0x80,0x28,0xb3,0x7d,
    0xbf,0x00,0x00,0xe0,0xfa,0x09,0x00,0x00,0x08,0x24,0x00,0x00,0x20,0x90,0x00,0x00,
    0x80,0x40,0x02,0x00,0x00,0x02,0x09,0x00,0x00,0x08,0x24,0x00,0x00,0x20,0x90,0x00,
    0x00,0x80,0x40,0x02,0x00,0x00,0x02,0x09,0x00,0x00,0x08,0x24,0x00,0x00,0x20,0x90,
    0x00,0x00,0x80,0x40,0x02,0x00,0x00,0x02,0x09,0x00,0x00,0x08,0x24,0x00,0x00,0x20,
    0x90,0x00,0x00,0x80,0x40,0x02,0x00,0x00,0x02,0x09,0x00,0x00,0x08,0x24,0x00,0x00,
    0x20,0x90,0x00,0x00,0x80,0x40,0x02,0x00,0x00,0x02,0x09,0x00,0x00,0x08,0x24,0x00,
    0x00,0x20,0x90,0x00,0x00,0x80,0x40,0x02,0x00,0x00,0x02,0x09,0x00,0x00,0x08,0x24,
    0x00,0x00,0x20,0x90,0x00,0x00,0x80,0x40,0x02,0x00,0x00,0x02,0x09,0x00,0x00,0x08,
    0x24,0x00,0x00,0x20,0x90,0x00,0x00,0x80,0x40,0x02,0x00,0x00,0x02,0x09,0x00,0x00,
    0x08,0x24,0x00,0x00,0x20,0x90,0x00,0x00,0x80,0x40,0x02,0x00,0x00,0x02,0x09,0x00,
    0x00,0x08,0x24,0x00,0x00,0x20,0x90,0x00,0x00,0x80,0x40,0x02,0x00,0x00,0x02,0x09,
    0x00,0x00,0x08,0x24,0x00,0x00,0x20,0x90,0x00,0x00,0x80,0x40,0x02,0x00,0x00,0x02,
    0x09,0x00,0x00,0x08,0x24,0x00,0x00,0x20,0x90,0x00,0x00,0x80,0x40,0x02,0x00,0x00,
    0x02,0x09,0x00,0x00,0x08,0x24,0x00,0x00,0x20,0x90,0x00,0x00,0x80,0x40,0x02,0x00,
    0x00,0x02,0x09,0x00,0x00,0x08,0x24,0x00,0x00,0x20,0x90,0x00,0x00,0x80,0x40,0x02,
    0x00,0x00,0x02,0x09,0x00,0x00,0x08,0x24,0x00,0x00,0x20,0x90,0x00,0x00,0x80,0x40,
    0x02,0x00,0x00,0x02,0x09,0x00,0x00,0x08,0x24,0x00,0x00,0x20,0x90,0x00,0x00,0x80,
    0x40,0x02,0x00,0x00,0x02,0x09,0x00,0x00,0x08,0x24,0x00,0x00,0x20,0x90,0x00,0x00,
    0x80,0x40,0x02,0x00,0x00,0x02,0x09,0x00,0x00,0x08,0x24,0x00,0x00,0x20,0x90,0x00,
    0x00,0x80,0x40,0x02,0x00,0x00,0x02,0x09,0x00,0x00,0x08,0x24,0x00,0x00,0x20,0x90,
    0x00,0x00,0x80,0x40,0x02,0x00,0x00,0x02,0x09,0x00,0x00,0x08,0x24,0x00,0x00,0x20,
    0x90,0x00,0x00,0x80,0x40,0x02,0x00,0x00,0x02,0x09,0x00,0x00,0x08,0x24,0x00,0x00,
    0x20,0x90,0x00,0x00,0x80,0x40,0x02,0x00,0x00,0x02,0x09,0x00,0x00,0x08,0x24,0x00,
    0x00,0x20,0x90,0x00,0x00,0x80,0x40,0x02,0x00,0x00,0x02,0x09,0x00,0x00,0x08,0x24,
    0x00,0x00,0x20,0x90,0x00,0x00,0x80,0x40,0x02,0x00,0x00,0x02,0x09,0x00,0x00,0x08,
    0x24,0x00,0x00,0x20,0x90,0x00,0x00,0x80,0x40,0x02,0x00,0x00,0x02,0x09,0x00,0x00,
    0x08,0x24,0x00,0x00,0x20,0x90,0x00,0x00,0x80,0x40,0x02,0x00,0x00,0x02,0x09,0x00,
    0x00,0x08,0x24,0x00,0x00,0x20,0x90,0x00,0x00,0x80,0x40,0x02,0x00,0x00,0x02,0x09,
    0x00,0x00,0x08,0xb4,0xd8,0xf7,0x0b,0xe0,0xf2,0xc6,0xb1,0x6a,0xbd,0xa9,0x1a,0xc7,
    0x71,0xdf,0x2f,0x05,0xa0,0xaa,0xaa,0x86,0x61,0xa8,0xf9,0xac,0x6a,0x18,0xf6,0xfd,
    0x4a,0xb8,0x28,0x01,0xd0,0x99,0x61,0xd8,0x7e,0xf9,0x1f,0x9f,0x8e,0xb5,0x5e,0x0b,
    0x00,0xa0,0x0d,0xf3,0x79,0xd5,0x6a,0x39,0xd4,0x62,0xb6,0xbd,0x48,0xa1,0x7d,0x02,
    0xa0,0x23,0xe7,0x57,0xfe,0xb7,0x56,0x43,0xdd,0x7b,0x75,0x51,0xab,0xa5,0xd4,0x06,
    0xda,0x70,0x74,0x32,0xd6,0xc3,0x47,0xeb,0x7a,0x7c,0x34,0xd6,0x6c,0x70,0x27,0xa0,
    0x07,0x02,0xa0,0x23,0xeb,0xcd,0x58,0xc7,0x27,0x63,0xdd,0x7b,0x75,0x59,0x7f,0xf3,
    0xe7,0xb7,0xeb,0xf5,0xdf,0xf2,0xe7,0x03,0xda,0xf0,0xe0,0x83,0xb3,0x7a,0xeb,0xed,
    0xc3,0x7a,0xe7,0xfe,0x49,0x1d,0x2c,0x87,0x5a,0xcc,0x15,0x40,0xeb,0x7c,0x83,0x74,
    0x64,0x1c,0xab,0xce,0xd6,0xdb,0x3b,0x00,0xdf,0x7e,0xfd,0x46,0xfd,0xce,0x6f,0xf8,
    0xf3,0x01,0x6d,0xb8,0xb5,0x1a,0xea,0xd6,0x6a,0xa8,0xb3,0x75,0xd5,0xd2,0x4f,0x00,
    0x5d,0xb0,0x02,0xe8,0xcc,0x30,0x54,0x6d,0xc6,0xed,0x19,0x00,0x80,0x56,0x1c,0x9f,
    0x8e,0xb5,0x19,0xdd,0xfa,0xef,0x89,0x00,0xe8,0xd0,0xf9,0x9d,0x00,0x80,0x56,0x9c,
    0xad,0x1d,0xfe,0xeb,0x8d,0x00,0x00,0x80,0x40,0x02,0x00,0x00,0x02,0x09,0x00,0x00,
    0x08,0x24,0x00,0x00,0x20,0x90,0x00,0x00,0x80,0x40,0x02,0x00,0x00,0x02,0x09,0x00,
    0x00,0x08,0x24,0x00,0x00,0x20,0x90,0x00,0x00,0x80,0x40,0x02,0x00,0x00,0x02,0x09,
    0x00,0x00,0x08,0x24,0x00,0x00,0x20,0x90,0x00,0x00,0x80,0x40,0x02,0x00,0x00,0x02,
    0x09,0x00,0x00,0x08,0x24,0x00,0x00,0x20,0x90,0x00,0x00,0x80,0x40,0x02,0x00,0x00,
    0x02,0x09,0x00,0x00,0x08,0x24,0x00,0x00,0x20,0x90,0x00,0x00,0x80,0x40,0x02,0x00,
    0x00,0x02,0x09,0x00,0x00,0x08,0x24,0x00,0x00,0x20,0x90,0x00,0x00,0x80,0x40,0x02,
    0x00,0x00,0x02,0x09,0x00,0x00,0x08,0x24,0x00,0x00,0x20,0x90,0x00,0x00,0x80,0x40,
    0x02,0x00,0x00,0x02,0x09,0x00,0x00,0x08,0x24,0x00,0x00,0x20,0x90,0x00,0x00,0x80,
    0x40,0x02,0x00,0x00,0x02,0x09,0x00,0x00,0x08,0x24,0x00,0x00,0x20,0x90,0x00,0x00,
    0x80,0x40,0x02,0x00,0x00,0x02,0x09,0x00,0x00,0x08,0x24,0x00,0x00,0x20,0x90,0x00,
    0x00,0x80,0x40,0x02,0x00,0x00,0x02,0x09,0x00,0x00,0x08,0x24,0x00,0x00,0x20,0x90,
    0x00,0x00,0x80,0x40,0x02,0x00,0x00,0x02,0x09,0x00,0x00,0x08,0x24,0x00,0x00,0x20,
    0x90,0x00,0x00,0x80,0x40,0x02,0x00,0x00,0x02,0x09,0x00,0x00,0x08,0x24,0x00,0x00,
    0x20,0x90,0x00,0x00,0x80,0x40,0x02,0x00,0x00,0x02,0x09,0x00,0x00,0x08,0x24,0x00,
    0x00,0x20,0x90,0x00,0x00,0x80,0x40,0x02,0x00,0x00,0x02,0x09,0x00,0x00,0x08,0x24,
    0x00,0x00,0x20,0x90,0x00,0x00,0x80,0x40,0x02,0x00,0x00,0x02,0x09,0x00,0x00,0x08,
    0x24,0x00,0x00,0x20,0x90,0x00,0x00,0x80,0x40,0x02,0xa0,0x43,0xc3,0x50,0xb5,0x98,
    0xef,0xfb,0x55,0x00,0x7c,0x6a,0x31,0x1f,0x6a,0x18,0xf6,0xfd,0x2a,0xb8,0x0c,0x01,
    0xd0,0x99,0x71,0xac,0x9a,0x0d,0x55,0x07,0x37,0xbc,0xd3,0x80,0x76,0xac,0x96,0x43,
    0xcd,0x86,0xed,0x67,0x14,0x7d,0x58,0xec,0xfb,0x05,0x70,0x71,0xe7,0x57,0xfe,0x8f,
    0x8f,0xc6,0x7a,0xf7,0xc1,0x69,0x3d,0x3e,0xf2,0x4e,0x63,0x9a,0x86,0xaa,0xda,0x8c,
    0x55,0xeb,0xcd,0x58,0x9b,0xcd,0xf6,0x9f,0xef,0xdc,0x1c,0xea,0xb5,0x97,0x17,0x75,
    0xf3,0x40,0xfc,0xb6,0xe4,0x74,0x3d,0xd6,0xfb,0xbf,0x58,0xd7,0x8f,0xef,0x9f,0xd4,
    0xe1,0x47,0x63,0x2d,0xe6,0xe5,0x4e,0x40,0x27,0x04,0x40,0x47,0xe6,0xb3,0xa1,0x56,
    0x07,0x43,0x3d,0x7c,0xb4,0xae,0xb7,0xde,0x3e,0xac,0xd5,0xd2,0xbb,0x8c,0x09,0x1a,
    0xb6,0x01,0x70,0xb6,0xae,0x3a,0x3a,0x19,0xeb,0xe8,0x64,0x53,0xc7,0x27,0x55,0x7f,
    0x74,0x6f,0x59,0x6f,0xfe,0xe5,0x9d,0xba,0xf7,0xaa,0x8f,0xad,0x96,0x7c,0x78,0xb8,
    0xa9,0x1f,0xfc,0xe3,0x61,0xfd,0xeb,0x4f,0x8e,0xeb,0xc3,0xc3,0x4d,0xad,0x0e,0x66,
    0x35,0xf3,0xd1,0xd4,0x05,0xef,0xa4,0x8e,0x0c,0x43,0xd5,0x62,0xb6,0xbd,0x03,0xf0,
    0xce,0x83,0xd3,0x5a,0xaf,0xdd,0x01,0x60,0x42,0x3e,0xfe,0xd2,0xd8,0x6c,0xaa,0x4e,
    0xcf,0xc6,0xba,0x75,0x73,0x56,0xaf,0xbd,0x3c,0xaf,0x1b,0xce,0xbb,0x34,0xe5,0x6c,
    0x5d,0xf5,0xfe,0x2f,0xce,0xea,0x57,0x1f,0x6d,0x6a,0x36,0x1b,0xea,0xe7,0x0f,0xcf,
    0xea,0xdf,0x7e,0x72,0x52,0xef,0xde,0x3f,0xad,0x97,0x6e,0xcf,0x6a,0x75,0x30,0xf8,
    0x19,0xa0,0x13,0x02,0xa0,0x33,0x4f,0x9e,0x01,0x18,0xfd,0xf5,0x98,0x90,0xed,0x6d,
    0xe3,0xa1,0x8e,0x4e,0x36,0x75,0xf8,0xd1,0x58,0xbf,0xff,0xf5,0x79,0xbd,0xf9,0xfd,
    0x3b,0xf5,0x7b,0x5f,0x5b,0x7c,0xfa,0x13,0xc0,0x57,0xd5,0xc0,0xbe,0x7d,0x78,0xb8,
    0xa9,0x1f,0xfc,0xd3,0x61,0xfd,0xe8,0xa7,0x27,0x75,0xb0,0x1c,0xea,0x6c,0xbd,0xfd,
    0x77,0x2f,0xdd,0x99,0xd5,0x8d,0xb9,0x2f,0xff,0x9e,0xf8,0x0a,0xe9,0xd0,0xa7,0x2b,
    0x00,0xf7,0xd9,0x98,0x8e,0xcd,0x66,0xfb,0x7b,0xf2,0xed,0x9b,0xb3,0xfa,0xdd,0xdf,
    0x5c,0xd4,0x9f,0x7e,0xeb,0xa0,0xfe,0xec,0x3b,0x07,0xf5,0xca,0x57,0x7c,0xe9,0xb7,
    0xe0,0xfc,0xca,0xff,0xdf,0x7f,0x76,0x52,0x3f,0x7c,0xef,0xb8,0xfe,0xf3,0x67,0xa7,
    0xb5,0x5a,0x56,0x1d,0x2c,0x67,0xb5,0x5a,0x0e,0xb5,0x5a,0xfa,0xf2,0xef,0x8d,0x00,
    0x00,0xf6,0x6e,0x18,0xb6,0xb7,0xfd,0x3f,0x3c,0xdc,0xd4,0xb7,0xbf,0x71,0xa3,0xfe,
    0xf6,0x2f,0xee,0xd4,0x1b,0x77,0x97,0xf5,0xd2,0x6d,0x43,0xa5,0x56,0x9c,0x5f,0xf9,
    0xff,0xcb,0xbb,0xc7,0xf5,0xcb,0xff,0xd9,0xd4,0xaf,0xff,0xda,0xac,0x66,0xb3,0xaa,
    0xd9,0xe0,0xf4,0x7f,0xaf,0x04,0x00,0xb0,0x57,0xe7,0x57,0xfe,0x07,0xcb,0xa1,0xbe,
    0xf5,0xfa,0x8d,0xed,0x95,0xff,0x1f,0xac,0xea,0xe5,0xaf,0xf8,0xf2,0x6f,0xc1,0xe7,
    0xaf,0xfc,0xdf,0x7b,0xb0,0xfd,0xad,0xff,0xa6,0xdf,0xfa,0xbb,0x27,0x00,0x80,0xbd,
    0x79,0xda,0x95,0xff,0x1f,0xbb,0xf2,0x6f,0xca,0xe7,0xaf,0xfc,0xfd,0xd6,0x3f,0x1d,
    0x02,0x00,0xb8,0x56,0xe3,0x58,0xb5,0xde,0x54,0x6d,0xc6,0xed,0xc6,0x7f,0xe5,0xca,
    0xbf,0x49,0xe7,0xfb,0xfe,0x1f,0x7d,0xee,0xca,0xdf,0x29,0xff,0xe9,0x10,0x00,0xc0,
    0xb5,0x19,0x86,0xed,0x97,0xff,0xf1,0xe9,0x58,0xc7,0x27,0x9b,0x3a,0x3a,0xa9,0xfa,
    0xc3,0xbb,0xae,0xfc,0x5b,0x74,0xbe,0xef,0xff,0xe1,0x7b,0xae,0xfc,0xa7,0x4a,0x00,
    0x00,0xd7,0xe2,0x93,0x53,0xfe,0xab,0x59,0xdd,0x7d,0x75,0x51,0x8b,0x79,0xd5,0xf1,
    0xc9,0x58,0x6f,0xdc,0x5b,0xba,0xf2,0x6f,0xc0,0xb3,0xf6,0xfd,0xae,0xfc,0xa7,0x4b,
    0x00,0x00,0x3b,0xf7,0xe4,0x6f,0xfd,0x5f,0x7f,0x79,0x51,0x7f,0xfd,0xbd,0xdb,0xdb,
    0x7d,0xff,0x66,0xac,0x3b,0x37,0x67,0xae,0xfc,0x1b,0x60,0xdf,0x9f,0x47,0x00,0x00,
    0x3b,0xf5,0xf9,0x53,0xfe,0xdf,0xfd,0xe6,0xb2,0xbe,0xfb,0xcd,0xa5,0x7d,0x7f,0x23,
    0xec,0xfb,0x73,0x09,0x00,0x60,0x67,0xec,0xfb,0xdb,0x67,0xdf,0x9f,0x4b,0x00,0x00,
    0x3b,0x61,0xdf,0xdf,0x36,0xfb,0x7e,0x04,0x00,0x70,0xe5,0xec,0xfb,0xdb,0x67,0xdf,
    0x8f,0x00,0x00,0xae,0x84,0x7d,0x7f,0x1f,0xec,0xfb,0x39,0x27,0x00,0x80,0x17,0x66,
    0xdf,0xdf,0x0f,0xfb,0x7e,0xce,0x09,0x00,0xe0,0x85,0xd8,0xf7,0xb7,0xcd,0xbe,0x9f,
    0x67,0x11,0x00,0xc0,0x73,0xb3,0xef,0x6f,0x9f,0x7d,0x3f,0xcf,0x22,0x00,0x80,0xe7,
    0x62,0xdf,0xdf,0x36,0xfb,0x7e,0xbe,0x8c,0x00,0x00,0x2e,0xcd,0xbe,0xbf,0x7d,0xf6,
    0xfd,0x7c,0x19,0x01,0x00,0x5c,0x8a,0x7d,0x7f,0xdb,0xec,0xfb,0xb9,0x28,0x01,0x00,
    0x5c,0x98,0x7d,0x7f,0xfb,0xec,0xfb,0xb9,0x28,0x01,0x00,0x7c,0x21,0xfb,0xfe,0x3e,
    0xd8,0xf7,0x73,0x59,0x02,0x00,0x78,0x26,0xfb,0xfe,0x7e,0xd8,0xf7,0x73,0x59,0x02,
    0x00,0x78,0x2a,0xfb,0xfe,0xb6,0xd9,0xf7,0xf3,0xa2,0x04,0x00,0xf0,0xff,0xd8,0xf7,
    0xb7,0xcf,0xbe,0x9f,0x17,0x25,0x00,0x80,0xcf,0xb0,0xef,0x6f,0x9b,0x7d,0x3f,0x57,
    0x45,0x00,0x00,0x9f,0xb0,0xef,0x6f,0x9f,0x7d,0x3f,0x57,0x45,0x00,0x00,0x55,0x65,
    0xdf,0xdf,0x3a,0xfb,0x7e,0xae,0x9a,0x00,0x00,0xec,0xfb,0x3b,0x60,0xdf,0xcf,0x55,
    0x13,0x00,0x10,0xca,0xbe,0xbf,0x0f,0xf6,0xfd,0xec,0x8a,0x00,0x80,0x40,0xf6,0xfd,
    0xfd,0xb0,0xef,0x67,0x57,0x04,0x00,0x84,0xb1,0xef,0x6f,0x9b,0x7d,0x3f,0xd7,0x45,
    0x00,0x40,0x10,0xfb,0xfe,0xf6,0xd9,0xf7,0x73,0x5d,0x04,0x00,0x84,0xb0,0xef,0x6f,
    0x9b,0x7d,0x3f,0xd7,0x4d,0x00,0x40,0x00,0xfb,0xfe,0xf6,0xd9,0xf7,0x73,0xdd,0x04,
    0x00,0x4c,0x94,0x53,0xfe,0x7d,0x78,0xd6,0x29,0x7f,0xfb,0x7e,0x76,0x4d,0x00,0xc0,
    0x04,0x39,0xe5,0xdf,0x0f,0xa7,0xfc,0xd9,0x17,0x01,0x00,0x13,0xe3,0x94,0x7f,0xdb,
    0x9c,0xf2,0xa7,0x15,0x02,0x00,0x26,0xc4,0x29,0xff,0xf6,0x39,0xe5,0x4f,0x2b,0x04,
    0x00,0x4c,0x84,0x53,0xfe,0x6d,0x73,0xca,0x9f,0xd6,0x08,0x00,0x98,0x00,0xa7,0xfc,
    0xdb,0xe7,0x94,0x3f,0xad,0x11,0x00,0xd0,0x39,0x4f,0xf1,0x6b,0x9b,0xa7,0xf8,0xd1,
    0x2a,0x01,0x00,0x1d,0xf3,0x14,0xbf,0xf6,0x79,0x8a,0x1f,0xad,0x12,0x00,0xd0,0x19,
    0xfb,0xfe,0x3e,0x78,0x8a,0x1f,0xad,0x13,0x00,0xd0,0x11,0xfb,0xfe,0x7e,0xd8,0xf7,
    0xd3,0x3a,0x01,0x00,0x9d,0xb0,0xef,0x6f,0x9b,0x7d,0x3f,0xbd,0x11,0x00,0xd0,0x01,
    0xfb,0xfe,0xf6,0xd9,0xf7,0xd3,0x1b,0x01,0x00,0x8d,0xb3,0xef,0x6f,0x9b,0x7d,0x3f,
    0xbd,0x12,0x00,0xd0,0x30,0xfb,0xfe,0xf6,0xd9,0xf7,0xd3,0x2b,0x01,0x00,0x8d,0xb2,
    0xef,0x6f,0x9b,0x7d,0x3f,0xbd,0x13,0x00,0xd0,0x20,0xfb,0xfe,0xf6,0xd9,0xf7,0xd3,
    0x3b,0x01,0x00,0x8d,0xb0,0xef,0xef,0x83,0x7d,0x3f,0x53,0x21,0x00,0xa0,0x01,0xf6,
    0xfd,0xfd,0xb0,0xef,0x67,0x2a,0x04,0x00,0xec,0x99,0x7d,0x7f,0xdb,0xec,0xfb,0x99,
    0x2a,0x01,0x00,0x7b,0x64,0xdf,0xdf,0x3e,0xfb,0x7e,0xa6,0x4a,0x00,0xc0,0x9e,0xd8,
    0xf7,0xb7,0xcd,0xbe,0x9f,0xa9,0x13,0x00,0xb0,0x07,0xf6,0xfd,0xed,0xb3,0xef,0x67,
    0xea,0x04,0x00,0x5c,0x33,0xfb,0xfe,0xb6,0xd9,0xf7,0x93,0x42,0x00,0xc0,0x35,0xb2,
    0xef,0x6f,0x9f,0x7d,0x3f,0x29,0x04,0x00,0xec,0x98,0x7d,0x7f,0x1f,0xec,0xfb,0x49,
    0x23,0x00,0x60,0x87,0xec,0xfb,0xfb,0x61,0xdf,0x4f,0x1a,0x01,0x00,0x3b,0x62,0xdf,
    0xdf,0x36,0xfb,0x7e,0xd2,0x09,0x00,0xd8,0x01,0xfb,0xfe,0xf6,0xd9,0xf7,0x93,0x4e,
    0x00,0xc0,0x15,0xb3,0xef,0x6f,0x9b,0x7d,0x3f,0x6c,0x09,0x00,0xb8,0x42,0xf6,0xfd,
    0xed,0xb3,0xef,0x87,0x2d,0x01,0x00,0x57,0xc4,0xbe,0xbf,0x6d,0xf6,0xfd,0xf0,0x59,
    0x02,0x00,0xae,0x80,0x7d,0x7f,0xfb,0xec,0xfb,0xe1,0xb3,0x04,0x00,0x3c,0x27,0xfb,
    0xfe,0x3e,0xd8,0xf7,0xc3,0xd3,0x09,0x00,0x78,0x0e,0xf6,0xfd,0xfd,0xb0,0xef,0x87,
    0xa7,0x13,0x00,0x70,0x49,0xf6,0xfd,0x6d,0xb3,0xef,0x87,0x8b,0x11,0x00,0x70,0x09,
    0xf6,0xfd,0xed,0xb3,0xef,0x87,0x8b,0x11,0x00,0x70,0x41,0xf6,0xfd,0x6d,0xb3,0xef,
    0x87,0xcb,0x11,0x00,0x70,0x01,0xf6,0xfd,0xed,0xb3,0xef,0x87,0xcb,0x11,0x00,0xf0,
    0x0c,0x4e,0xf9,0xf7,0xe1,0x59,0xa7,0xfc,0xed,0xfb,0xe1,0x8b,0x09,0x00,0x78,0x0a,
    0xa7,0xfc,0xfb,0xe1,0x94,0x3f,0x3c,0x1f,0x01,0x00,0x9f,0xe3,0x94,0x7f,0xdb,0x9c,
    0xf2,0x87,0xab,0x21,0x00,0xe0,0x09,0x4e,0xf9,0xb7,0xcf,0x29,0x7f,0xb8,0x1a,0x02,
    0x00,0x3e,0xe6,0x94,0x7f,0xdb,0x9c,0xf2,0x87,0xab,0x25,0x00,0xa0,0x9c,0xf2,0xef,
    0x81,0x53,0xfe,0x70,0xb5,0x04,0x00,0xf1,0x3c,0xc5,0xaf,0x6d,0x9e,0xe2,0x07,0xbb,
    0x21,0x00,0x88,0xe6,0x29,0x7e,0xed,0xf3,0x14,0x3f,0xd8,0x0d,0x01,0x40,0x1c,0xfb,
    0xfe,0x3e,0x78,0x8a,0x1f,0xec,0x96,0x00,0x20,0x8a,0x7d,0x7f,0x3f,0xec,0xfb,0x61,
    0xb7,0x04,0x00,0x31,0xec,0xfb,0xdb,0x66,0xdf,0x0f,0xd7,0x4b,0x00,0x10,0xc1,0xbe,
    0xbf,0x7d,0xf6,0xfd,0x70,0xbd,0x04,0x00,0x93,0x67,0xdf,0xdf,0x36,0xfb,0x7e,0xd8,
    0x0f,0x01,0xc0,0xa4,0xd9,0xf7,0xb7,0xcf,0xbe,0x1f,0xf6,0x43,0x00,0x30,0x59,0xf6,
    0xfd,0x6d,0xb3,0xef,0x87,0xfd,0x12,0x00,0x4c,0x92,0x7d,0x7f,0xfb,0xec,0xfb,0x61,
    0xbf,0x04,0x00,0x93,0x61,0xdf,0xdf,0x07,0xfb,0x7e,0x68,0x83,0x00,0x60,0x12,0xec,
    0xfb,0xfb,0x61,0xdf,0x0f,0x6d,0x10,0x00,0x74,0xcf,0xbe,0xbf,0x6d,0xf6,0xfd,0xd0,
    0x26,0x01,0x40,0xd7,0xec,0xfb,0xdb,0x67,0xdf,0x0f,0x6d,0x12,0x00,0x74,0xcb,0xbe,
    0xbf,0x6d,0xf6,0xfd,0xd0,0x36,0x01,0x40,0x97,0xec,0xfb,0xdb,0x67,0xdf,0x0f,0x6d,
    0x13,0x00,0x74,0xc7,0xbe,0xbf,0x6d,0xf6,0xfd,0xd0,0x07,0x01,0x40,0x57,0xec,0xfb,
    0xdb,0x67,0xdf,0x0f,0x7d,0x10,0x00,0x34,0xcf,0xbe,0xbf,0x0f,0xf6,0xfd,0xd0,0x17,
    0x01,0x40,0xd3,0xec,0xfb,0xfb,0x61,0xdf,0x0f,0x7d,0x11,0x00,0x34,0xcb,0xbe,0xbf,
    0x6d,0xf6,0xfd,0xd0,0x37,0x01,0x40,0x93,0xec,0xfb,0xdb,0x67,0xdf,0x0f,0x7d,0x13,
    0x00,0x34,0xc7,0xbe,0xbf,0x6d,0xf6,0xfd,0x30,0x0d,0x02,0x80,0xa6,0xd8,0xf7,0xb7,
    0xcf,0xbe,0x1f,0xa6,0x41,0x00,0xd0,0x0c,0xfb,0xfe,0xb6,0xd9,0xf7,0xc3,0xb4,0x08,
    0x00,0x9a,0x60,0xdf,0xdf,0x3e,0xfb,0x7e,0x98,0x16,0x01,0xc0,0xde,0xd8,0xf7,0xf7,
    0xc1,0xbe,0x1f,0xa6,0x49,0x00,0xb0,0x17,0xf6,0xfd,0xfd,0xb0,0xef,0x87,0x69,0x12,
    0x00,0x5c,0x3b,0xfb,0xfe,0xb6,0xd9,0xf7,0x43,0x06,0x01,0xc0,0xb5,0xb2,0xef,0x6f,
    0x9f,0x7d,0x3f,0x64,0x10,0x00,0x5c,0x1b,0xfb,0xfe,0xb6,0xd9,0xf7,0x43,0x16,0x01,
    0xc0,0xb5,0xb0,0xef,0x6f,0x9f,0x7d,0x3f,0x64,0x11,0x00,0xec,0x8c,0x53,0xfe,0x7d,
    0x78,0xd6,0x29,0x7f,0xfb,0x7e,0x98,0x36,0x01,0xc0,0x4e,0x38,0xe5,0xdf,0x0f,0xa7,
    0xfc,0x21,0x93,0x00,0xe0,0xca,0x39,0xe5,0xdf,0x36,0xa7,0xfc,0x81,0x2a,0x01,0xc0,
    0x15,0x73,0xca,0xbf,0x7d,0x4e,0xf9,0x03,0x55,0x02,0x80,0x2b,0xe4,0x94,0x7f,0xdb,
    0x9c,0xf2,0x07,0x9e,0x24,0x00,0xb8,0x12,0x4e,0xf9,0xb7,0xcf,0x29,0x7f,0xe0,0x49,
    0x02,0x80,0x17,0xe6,0x29,0x7e,0x6d,0xf3,0x14,0x3f,0xe0,0x69,0x04,0x00,0x2f,0xc4,
    0x53,0xfc,0xda,0xe7,0x29,0x7e,0xc0,0xd3,0x08,0x00,0x2e,0xcd,0xbe,0xbf,0x0f,0x9e,
    0xe2,0x07,0x7c,0x11,0x01,0xc0,0xa5,0xd8,0xf7,0xf7,0xc3,0xbe,0x1f,0xf8,0x22,0x02,
    0x80,0x0b,0xb3,0xef,0x6f,0x9b,0x7d,0x3f,0x70,0x19,0x02,0x80,0x0b,0xb1,0xef,0x6f,
    0x9f,0x7d,0x3f,0x70,0x19,0x02,0x80,0x2f,0x65,0xdf,0xdf,0x36,0xfb,0x7e,0xe0,0x79,
    0x08,0x00,0xbe,0x90,0x7d,0x7f,0xfb,0xec,0xfb,0x81,0xe7,0x21,0x00,0x78,0x26,0xfb,
    0xfe,0xb6,0xd9,0xf7,0x03,0x2f,0x42,0x00,0xf0,0x54,0xf6,0xfd,0xed,0xb3,0xef,0x07,
    0x5e,0x84,0x00,0xe0,0x13,0xf6,0xfd,0x7d,0xb0,0xef,0x07,0xae,0x82,0x00,0xa0,0xaa,
    0xec,0xfb,0x7b,0x62,0xdf,0x0f,0x5c,0x05,0x01,0x80,0x7d,0x7f,0xe3,0xec,0xfb,0x81,
    0x5d,0x10,0x00,0xe1,0xec,0xfb,0xdb,0x67,0xdf,0x0f,0xec,0x82,0x00,0x08,0x66,0xdf,
    0xdf,0x36,0xfb,0x7e,0x60,0x97,0x04,0x40,0x28,0xfb,0xfe,0xf6,0xd9,0xf7,0x03,0xbb,
    0x24,0x00,0x02,0xd9,0xf7,0xb7,0xcd,0xbe,0x1f,0xb8,0x0e,0x02,0x20,0x8c,0x7d,0x7f,
    0xfb,0xec,0xfb,0x81,0xeb,0x20,0x00,0x02,0xd8,0xf7,0xf7,0xc1,0xbe,0x1f,0xb8,0x4e,
    0x02,0x60,0xe2,0xec,0xfb,0xfb,0x61,0xdf,0x0f,0x5c,0x27,0x01,0x30,0x61,0xf6,0xfd,
    0x6d,0xb3,0xef,0x07,0xf6,0x49,0x00,0x4c,0x94,0x7d,0x7f,0xfb,0xec,0xfb,0x81,0x7d,
    0x12,0x00,0x13,0x64,0xdf,0xdf,0x36,0xfb,0x7e,0xa0,0x05,0x02,0x60,0x62,0xec,0xfb,
    0xdb,0x67,0xdf,0x0f,0xb4,0x40,0x00,0x4c,0x88,0x7d,0x7f,0xdb,0xec,0xfb,0x81,0x96,
    0x08,0x80,0x89,0xb0,0xef,0x6f,0x9f,0x7d,0x3f,0xd0,0x12,0x01,0xd0,0x31,0xfb,0xfe,
    0x3e,0xd8,0xf7,0x03,0x2d,0x12,0x00,0x9d,0xb2,0xef,0xef,0x87,0x7d,0x3f,0xd0,0x22,
    0x01,0xd0,0x21,0xfb,0xfe,0xb6,0x7d,0x74,0x3c,0xd6,0xfb,0xff,0x7d,0x56,0xbf,0xfa,
    0x68,0xac,0xd9,0x50,0xf5,0xf3,0x87,0x67,0xf5,0xcf,0xef,0x1c,0xd7,0x8f,0xef,0x9f,
    0x6c,0xaf,0xfc,0x97,0xb3,0xda,0x8c,0x63,0xad,0xcf,0xf6,0xfd,0x4a,0xe1,0xea,0x0c,
    0xc3,0x50,0xf3,0xd9,0xf6,0xe2,0x84,0x3e,0x08,0x80,0xce,0xd8,0xf7,0xb7,0xef,0xfd,
    0x5f,0xae,0xeb,0xef,0xff,0xe1,0xb0,0xfe,0xe3,0xa7,0x27,0x75,0xb0,0xac,0x3a,0x5d,
    0x6f,0xff,0xdd,0xc1,0x8d,0xed,0xd6,0xff,0x7f,0x8f,0x37,0xdb,0xff,0xd0,0x1d,0x00,
    0x26,0x64,0x3e,0xdf,0xfe,0x0c,0xb9,0x98,0x59,0xb2,0xf4,0x42,0x00,0x74,0xe4,0xfc,
    0x37,0xff,0x5b,0x37,0x87,0x7a,0xed,0x15,0xfb,0xfe,0x5e,0xdc,0xb9,0x39,0xab,0x37,
    0xee,0xce,0x6b,0x31,0xff,0xf8,0x3b,0xdf,0x87,0x23,0x13,0x74,0x74,0x32,0xd6,0xc3,
    0x47,0xeb,0x7a,0x7c,0xb4,0xbd,0xf3,0xe5,0x4e,0x40,0xfb,0x04,0x40,0x47,0xd6,0x9b,
    0xb1,0x8e,0x4f,0xc6,0xba,0xfb,0xb5,0x65,0xfd,0xd5,0xf7,0x6e,0xd5,0x77,0xbe,0xe1,
    0xb7,0xfe,0x16,0xbd,0xf6,0xd5,0x79,0xbd,0xf9,0xfd,0xdb,0x9f,0xfc,0x04,0x30,0x9b,
    0x55,0xcd,0x67,0x1f,0x6f,0xfc,0xf7,0xfd,0xe2,0x60,0x47,0x1e,0x7c,0x70,0x56,0x6f,
    0xbd,0x7d,0x58,0xef,0xdc,0xdf,0xfe,0x9f,0x2d,0x17,0x73,0x05,0xd0,0x3a,0x01,0xd0,
    0x91,0x71,0xdc,0x6e,0xc9,0x6f,0xdf,0x1c,0xea,0x8d,0x7b,0x07,0xf5,0xdb,0xaf,0xb8,
    0xf2,0x6f,0xd1,0xcd,0x83,0xa1,0xee,0xbd,0x76,0x63,0xdf,0x2f,0x03,0xae,0xd5,0xad,
    0xd5,0x50,0xb7,0x56,0xdb,0x9f,0xb9,0x96,0x4a,0xb7,0x0b,0x2e,0x1f,0x3b,0x33,0x0c,
    0x55,0x9b,0x71,0x7b,0xbb,0x0d,0xa0,0x15,0xc7,0xa7,0x63,0x6d,0x46,0xb7,0xfe,0x7b,
    0x22,0x00,0x3a,0xb4,0xbd,0x13,0x20,0x00,0x80,0x76,0x9c,0xad,0x1d,0xfe,0xeb,0x8d,
    0x00,0x00,0x80,0x40,0x02,0x00,0x00,0x02,0x09,0x00,0x00,0x08,0x24,0x00,0x00,0x20,
    0x90,0x00,0x00,0x80,0x40,0x02,0x00,0x00,0x02,0x09,0x00,0x00,0x08,0x24,0x00,0x00,
    0x20,0x90,0x00,0x00,0x80,0x40,0x02,0x00,0x00,0x02,0x09,0x00,0x00,0x08,0x24,0x00,
    0x00,0x20,0x90,0x00,0x00,0x80,0x40,0x02,0x00,0x00,0x02,0x09,0x00,0x00,0x08,0x24,
    0x00,0x00,0x20,0x90,0x00,0x00,0x80,0x40,0x02,0x00,0x00,0x02,0x09,0x00,0x00,0x08,
    0x24,0x00,0x00,0x20,0x90,0x00,0x00,0x80,0x40,0x02,0x00,0x00,0x02,0x09,0x00,0x00,
    0x08,0x24,0x00,0x00,0x20,0x90,0x00,0x00,0x80,0x40,0x02,0x00,0x00,0x02,0x09,0x00,
    0x00,0x08,0x24,0x00,0x00,0x20,0x90,0x00,0x00,0x80,0x40,0x02,0x00,0x00,0x02,0x09,
    0x00,0x00,0x08,0x24,0x00,0x00,0x20,0x90,0x00,0x00,0x80,0x40,0x02,0x00,0x00,0x02,
    0x09,0x00,0x00,0x08,0x24,0x00,0x00,0x20,0x90,0x00,0x00,0x80,0x40,0x02,0x00,0x00,
    0x02,0x09,0x00,0x00,0x08,0x24,0x00,0x00,0x20,0x90,0x00,0x00,0x80,0x40,0x02,0x00,
    0x00,0x02,0x09,0x00,0x00,0x08,0x24,0x00,0x00,0x20,0x90,0x00,0x00,0x80,0x40,0x02,
    0x00,0x00,0x02,0x09,0x00,0x00,0x08,0x24,0x00,0x00,0x20,0x90,0x00,0x00,0x80,0x40,
    0x02,0x00,0x00,0x02,0x09,0x00,0x00,0x08,0x24,0x00,0x00,0x20,0x90,0x00,0x00,0x80,
    0x40,0x02,0x00,0x00,0x02,0x09,0x00,0x00,0x08,0x24,0x00,0x00,0x20,0x90,0x00,0x00,
    0x80,0x40,0x02,0x00,0x00,0x02,0x09,0x00,0x00,0x08,0x24,0x00,0x00,0x20,0x90,0x00,
    0x00,0x80,0x40,0x02,0x00,0x00,0x02,0x09,0x00,0x00,0x08,0x24,0x00,0x00,0x20,0x90,
    0x00,0x00,0x80,0x40,0x02,0xa0,0x43,0xc3,0x50,0xb5,0x98,0xef,0xfb,0x55,0x00,0x7c,
    0x6a,0x31,0xdf,0x7e,0x36,0xd1,0x0f,0x01,0xd0,0x99,0x71,0xac,0x9a,0x0d,0x55,0x07,
    0x37,0xbc,0xd3,0x80,0x76,0x1c,0xdc,0x18,0x6a,0x36,0x6c,0x3f,0xa3,0xe8,0xc3,0x62,
    0xdf,0x2f,0x80,0x8b,0x3b,0xbf,0xf2,0x7f,0x7c,0x34,0xd6,0xbb,0x0f,0x4e,0xeb,0xf1,
    0x91,0x77,0x1a,0xd0,0x86,0x07,0x1f,0x9c,0xd5,0xe3,0xa3,0xd1,0x9d,0x80,0x8e,0x08,
    0x80,0x8e,0xcc,0x67,0x43,0xad,0x0e,0x86,0x7a,0xf8,0x68,0x5d,0x6f,0xbd,0x7d,0x58,
    0xab,0xa5,0x77,0x19,0xd0,0x86,0xa3,0x93,0xb1,0x1e,0x3e,0x5a,0xd7,0xea,0x60,0x56,
    0x33,0x1f,0x4d,0x5d,0x10,0x00,0x1d,0x19,0x86,0xaa,0xc5,0x6c,0x7b,0x07,0xe0,0x9d,
    0x07,0xa7,0xb5,0x5e,0xbb,0x03,0x00,0xb4,0x61,0x3e,0x1f,0x6a,0xb5,0x1c,0x6a,0x31,
    0xf7,0x33,0x40,0x2f,0x04,0x40,0x67,0x9e,0x3c,0x03,0x30,0xfa,0xeb,0x01,0x8d,0x18,
    0x06,0x67,0x00,0x7a,0xe3,0x2b,0xa4,0x43,0x9f,0xae,0x00,0xdc,0x67,0x03,0xe0,0xf9,
    0x58,0x01,0x00,0x40,0x20,0x01,0x00,0x00,0x81,0x04,0x00,0x00,0x04,0x12,0x00,0x00,
    0x10,0x48,0x00,0x00,0x40,0x20,0x01,0x00,0x00,0x81,0x04,0x00,0x00,0x04,0x12,0x00,
    0x00,0x10,0x48,0x00,0x00,0x40,0x20,0x01,0x00,0x00,0x81,0x04,0x00,0x00,0x04,0x12,
    0x00,0x00,0x10,0x48,0x00,0x00,0x40,0x20,0x01,0x00,0x00,0x81,0x04,0x00,0x00,0x04,
    0x12,0x00,0x00,0x10,0x48,0x00,0x00,0x40,0x20,0x01,0x00,0x00,0x81,0x04,0x00,0x00,
    0x04,0x12,0x00,0x00,0x10,0x48,0x00,0x00,0x40,0x20,0x01,0x00,0x00,0x81,0x04,0x00,
    0x00,0x04,0x12,0x00,0x00,0x10,0x48,0x00,0x00,0x40,0x20,0x01,0x00,0x00,0x81,0x04,
    0x00,0x00,0x04,0x12,0x00,0x00,0x10,0x48,0x00,0x00,0x40,0x20,0x01,0x00,0x00,0x81,
    0x04,0x00,0x00,0x04,0x12,0x00,0x00,0x10,0x48,0x00,0x00,0x40,0x20,0x01,0x00,0x00,
    0x81,0x04,0x00,0x00,0x04,0x12,0x00,0x00,0x10,0x48,0x00,0x00,0x40,0x20,0x01,0x00,
    0x00,0x81,0x04,0x00,0x00,0x04,0x12,0x00,0x00,0x10,0x48,0x00,0x00,0x40,0x20,0x01,
    0x00,0x00,0x81,0x04,0x00,0x00,0x04,0x12,0x00,0x00,0x10,0x48,0x00,0x00,0x40,0x20,
    0x01,0x00,0x00,0x81,0x04,0x00,0x00,0x04,0x12,0x00,0x00,0x10,0x48,0x00,0x00,0x40,
    0x20,0x01,0x00,0x00,0x81,0x04,0x00,0x00,0x04,0x12,0x00,0x00,0x10,0x48,0x00,0x00,
    0x40,0x20,0x01,0x00,0x00,0x81,0x04,0x00,0x00,0x04,0x12,0x00,0x00,0x10,0x48,0x00,
    0x00,0x40,0x20,0x01,0x00,0x00,0x81,0x04,0x00,0x00,0x04,0x12,0x00,0x00,0x10,0x48,
    0x00,0x00,0x40,0x20,0x01,0x00,0x00,0x81,0x04,0x00,0x00,0x04,0x12,0x00,0x00,0x10,
    0x48,0x00,0x00,0x40,0x20,0x01,0x00,0x00,0x81,0x04,0x00,0x00,0x04,0x12,0x00,0x00,
    0x10,0x48,0x00,0x00,0x40,0x20,0x01,0x00,0x00,0x81,0x04,0x00,0x00,0x04,0x12,0x00,
    0x00,0x10,0x48,0x00,0x00,0x40,0x20,0x01,0x00,0x00,0x81,0x04,0x00,0x00,0x04,0x12,
    0x00,0x00,0x10,0x48,0x00,0x00,0x40,0x20,0x01,0x00,0x00,0x81,0x04,0x00,0x00,0x04,
    0x12,0x00,0x00,0x10,0x48,0x00,0x00,0x40,0x20,0x01,0x00,0x00,0x81,0x04,0x00,0x00,
    0x04,0x12,0x00,0x00,0x10,0x48,0x00,0x00,0x40,0x20,0x01,0x00,0x00,0x81,0x04,0x00,
    0x00,0x04,0x12,0x00,0x00,0x10,0x48,0x00,0x00,0x40,0x20,0x01,0x00,0x00,0x81,0x04,
    0x00,0x00,0x04,0x12,0x00,0x00,0x10,0x48,0x00,0x00,0x40,0x20,0x01,0x00,0x00,0x81,
    0x04,0x00,0x00,0x04,0x12,0x00,0x00,0x10,0x48,0x00,0x00,0x40,0x20,0x01,0x00,0x00,
    0x81,0x04,0x00,0x00,0x04,0x12,0x00,0x00,0x10,0x48,0x00,0x00,0x40,0x20,0x01,0x00,
    0x00,0x81,0x04,0x00,0x00,0x04,0x12,0x00,0x00,0x10,0xe8,0xff,0x00,0xfc,0x14,0x80,
    0x94,0x20,0x03,0x61,0xe6,0x00,0x00,0x00,0x00,0x49,0x45,0x4e,0x44,0xae,0x42,0x60,
    0x82,
};
static const unsigned char z_asset_2[] = {
    0x00,0x00,0x01,0x00,0x06,0x00,0x10,0x10,0x00,0x00,0x00,0x00,0x20,0x00,0x07,0x02,
    0x00,0x00,0x66,0x00,0x00,0x00,0x20,0x20,0x00,0x00,0x00,0x00,0x20,0x00,0x4a,0x03,
    0x00,0x00,0x6d,0x02,0x00,0x00,0x30,0x30,0x00,0x00,0x00,0x00,0x20,0x00,0x41,0x04,
    0x00,0x00,0xb7,0x05,0x00,0x00,0x40,0x40,0x00,0x00,0x00,0x00,0x20,0x00,0x9e,0x05,
    0x00,0x00,0xf8,0x09,0x00,0x00,0x80,0x80,0x00,0x00,0x00,0x00,0x20,0x00,0x84,0x06,
    0x00,0x00,0x96,0x0f,0x00,0x00,0x00,0x00,0x00,0x00,0x00,0x00,0x20,0x00,0x99,0x04,
    0x00,0x00,0x1a,0x16,0x00,0x00,0x89,0x50,0x4e,0x47,0x0d,0x0a,0x1a,0x0a,0x00,0x00,
    0x00,0x0d,0x49,0x48,0x44,0x52,0x00,0x00,0x00,0x10,0x00,0x00,0x00,0x10,0x08,0x06,
    0x00,0x00,0x00,0x1f,0xf3,0xff,0x61,0x00,0x00,0x01,0xce,0x49,0x44,0x41,0x54,0x78,
    0x9c,0xa5,0x93,0xbf,0x8b,0x13,0x51,0x10,0xc7,0x3f,0xf3,0x76,0xdf,0xfe,0x78,0x9a,
    0x18,0x45,0x2b,0xb1,0x52,0xb1,0x11,0x3c,0x41,0xb4,0x10,0x0b,0x2d,0x04,0xd1,0x4a,
    0x14,0x2c,0xec,0x4e,0x04,0xcb,0xab,0x04,0x2d,0xb4,0xb9,0x3f,0xc1,0xce,0xe6,0x10,
    0x0b,0xe1,0xe4,0x10,0xec,0x14,0x24,0x88,0x22,0xd8,0x48,0x10,0x44,0x84,0xe3,0xb0,
    0x10,0x51,0xc4,0x84,0x4b,0xe2,0xed,0x6e,0xf6,0x8d,0xc5,0x26,0x67,0x2e,0xc7,0x45,
    0xc4,0xe9,0xde,0x1b,0xe6,0x3b,0xdf,0x99,0xef,0x77,0xe4,0xf8,0x8d,0x2f,0xca,0x7f,
    0x44,0x38,0xfe,0x30,0x02,0x22,0xd3,0x0b,0x54,0xc1,0x8f,0xb5,0x5c,0x07,0x10,0x81,
    0x7e,0xa6,0xe4,0xc5,0x74,0x42,0x36,0x14,0x5c,0x22,0xa8,0x8e,0x01,0x98,0x61,0xf1,
    0xd9,0x63,0x29,0x33,0x07,0x22,0x54,0x37,0x32,0x09,0x4c,0xd5,0xd5,0x08,0xbc,0x5f,
    0x29,0x78,0xfa,0xba,0x4f,0x1a,0x0b,0x5e,0x87,0x00,0x22,0xb0,0x96,0x2b,0x67,0x8e,
    0x26,0x9c,0x3b,0x91,0x4e,0x65,0xd0,0x6c,0x65,0x3c,0x6e,0xf6,0x70,0x89,0xc0,0x08,
    0x40,0x15,0x62,0x2b,0xbc,0xfd,0x98,0x11,0xd9,0x0a,0xd9,0x06,0x50,0x94,0x4a,0x5e,
    0xc0,0xc9,0xc3,0x31,0x2e,0x16,0x22,0x2b,0xac,0x7c,0x2d,0x36,0xb0,0x0b,0xa1,0xa2,
    0xe7,0x12,0x61,0xe9,0x65,0x9f,0x47,0x2f,0xfa,0x84,0x41,0x35,0x52,0x18,0xc0,0xcd,
    0x2b,0x3b,0xa8,0xa5,0x86,0x20,0x80,0x07,0xcf,0xba,0xdc,0x5b,0x5a,0xa5,0xe6,0x0c,
    0xa5,0x9f,0x58,0xa2,0x2a,0x24,0x91,0xb0,0xdd,0x09,0xed,0xae,0xe7,0xd0,0x3e,0xcb,
    0xfc,0x6c,0x83,0x23,0xfb,0x23,0xf2,0x42,0xb9,0xb3,0xd0,0x61,0xb1,0xd9,0xa3,0xee,
    0x0c,0x02,0x28,0x13,0x00,0x0c,0x3f,0xbf,0xb7,0x4b,0x4e,0xcf,0x24,0xcc,0xcf,0xee,
    0x64,0x57,0xdd,0xf0,0xf9,0xdb,0x80,0x5b,0xf7,0xdb,0xbc,0xfb,0x94,0xb1,0xa7,0x11,
    0x30,0x28,0x15,0xef,0xb7,0x90,0x31,0xcb,0x95,0xeb,0x17,0x6a,0xcc,0x5d,0xae,0x23,
    0xc0,0x93,0x57,0x7d,0xee,0x2e,0xb4,0xf9,0xb9,0xea,0xa9,0x3b,0xc3,0x8f,0x4e,0x89,
    0x0d,0x85,0x34,0x9e,0x90,0x31,0x30,0xd0,0xe9,0x79,0xae,0x9d,0xaf,0x31,0x77,0xa9,
    0x4e,0x51,0xc2,0xaf,0xcc,0x53,0x7a,0xb8,0x7d,0xb5,0x41,0x12,0x09,0xc5,0x40,0x31,
    0x02,0xad,0xe5,0x82,0xc5,0x66,0x0f,0x37,0x2e,0x23,0x40,0x59,0xc2,0xc1,0xbd,0xb6,
    0x32,0x4b,0x00,0xd6,0x19,0x2e,0x9e,0x72,0x9b,0x64,0xdc,0xdd,0xc8,0x78,0xf8,0xbc,
    0xcb,0xb6,0x49,0x19,0x23,0x2b,0xbc,0xf9,0x90,0x81,0x80,0xfa,0x6a,0x24,0xaf,0xba,
    0x4e,0x75,0x64,0xae,0xd6,0x72,0x41,0x6c,0xff,0x8c,0x20,0xa3,0x63,0x12,0x81,0xb5,
    0x4c,0xc9,0x07,0x7f,0xb7,0xf2,0xa6,0x1d,0x8c,0x3a,0xa4,0x71,0xe5,0xf3,0x69,0xb1,
    0xe5,0x31,0xc1,0x30,0xf1,0x8f,0xc7,0xfd,0x1b,0x7c,0xec,0xbd,0xec,0xf1,0xa4,0xb4,
    0x4c,0x00,0x00,0x00,0x00,0x49,0x45,0x4e,0x44,0xae,0x42,0x60,0x82,0x89,0x50,0x4e,
    0x47,0x0d,0x0a,0x1a,0x0a,0x00,0x00,0x00,0x0d,0x49,0x48,0x44,0x52,0x00,0x00,0x00,
    0x20,0x00,0x00,0x00,0x20,0x08,0x06,0x00,0x00,0x00,0x73,0x7a,0x7a,0xf4,0x00,0x00,
    0x03,0x11,0x49,0x44,0x41,0x54,0x78,0x9c,0xed,0x96,0x4f,0x68,0x14,0x57,0x1c,0xc7,
    0x3f,0xbf,0x37,0xb3,0xe3,0xe4,0xcf,0x26,0x6e,0xaa,0x10,0xd2,0x43,0x52,0x9b,0x8b,
    0x1e,0xaa,0x07,0x91,0x1e,0x0b,0x05,0x11,0x3c,0x08,0x82,0x17,0xbd,0x14,0x0c,0x16,
    0x09,0xd2,0x43,0x0f,0x6d,0x0f,0x46,0xb4,0x58,0xd0,0x5b,0x10,0x0f,0x5a,0xa8,0xa0,
    0x07,0xa1,0x50,0x10,0x14,0x0f,0x22,0x8a,0x37,0xbd,0x28,0x39,0x49,0x8a,0xb4,0xd0,
    0x48,0x52,0x95,0x34,0x43,0xb2,0x7f,0xb2,0xee,0xce,0x7b,0x1e,0xde,0xcc,0x36,0xd9,
    0x9d,0x59,0x27,0xee,0x42,0x2e,0x7e,0x0f,0x7b,0xd8,0x79,0xef,0x7d,0x3f,0xbf,0xdf,
    0xfb,0xbd,0xdf,0x7b,0xb2,0xef,0xe4,0xbc,0x61,0x13,0xa5,0x36,0xd3,0xfc,0x23,0x00,
    0x80,0xdb,0xee,0xa3,0x92,0xee,0x98,0xe8,0x36,0x55,0x96,0x0a,0x60,0x0c,0x54,0x6a,
    0xdd,0xa9,0xcf,0x9c,0x2b,0xa9,0xc1,0x24,0x02,0x18,0x03,0x5e,0x4e,0x18,0x1b,0x6e,
    0x9b,0xa0,0xcc,0x7a,0xb5,0x14,0x52,0xae,0x9a,0x44,0x88,0x16,0x07,0x25,0x36,0xf2,
    0xb1,0x61,0x97,0xdf,0xcf,0x6c,0xef,0xc8,0x58,0x1b,0xbb,0xde,0xe4,0xf4,0x22,0x8f,
    0x66,0xaa,0xe4,0x7b,0x05,0xad,0x9b,0xfc,0x3a,0x72,0xe8,0x82,0xd2,0x6b,0x00,0x08,
    0xc3,0x8c,0xab,0x88,0x8d,0x54,0x12,0x52,0xac,0x8d,0xdd,0xd2,0x0d,0x03,0x38,0x0a,
    0x1c,0x27,0x23,0x40,0x8a,0xb4,0x06,0xd7,0x01,0xcf,0x95,0x54,0x88,0x16,0x00,0x63,
    0xc0,0x75,0x84,0x37,0x81,0xe6,0xdc,0xf5,0x20,0x71,0x92,0x60,0x33,0xe4,0x28,0x21,
    0xd4,0x86,0x62,0xc5,0x70,0xf4,0xeb,0x3e,0xf6,0x8c,0x7b,0x18,0x63,0x33,0x11,0x46,
    0xe6,0x7f,0x2d,0xd4,0x99,0x7d,0x59,0xc3,0xf7,0x92,0x33,0xd1,0x0a,0x80,0x8d,0x7e,
    0xb9,0xa4,0xb9,0xf9,0xa0,0x94,0x1a,0x9d,0xab,0x84,0x72,0x55,0xe3,0x28,0xe1,0xa7,
    0x63,0x83,0xec,0x1a,0xcd,0x35,0x0c,0xb4,0xb1,0x6b,0x3c,0x7c,0xb6,0xca,0xe9,0x6b,
    0x01,0xa5,0x8a,0xc6,0xf7,0x24,0xb1,0x1f,0xa4,0x6e,0x81,0x52,0x50,0xe8,0x4f,0xae,
    0x51,0xd7,0x11,0x82,0xa2,0x66,0xd7,0xa8,0xc7,0xf9,0x89,0xad,0x7c,0xb1,0xc3,0xb3,
    0xc6,0xda,0xce,0x13,0xe0,0xca,0xed,0x15,0x2e,0xdf,0x5a,0xc1,0xcb,0x81,0xbf,0xa5,
    0xb5,0xfa,0xdf,0x0b,0x00,0x36,0x8d,0x6b,0x25,0x51,0xa1,0xbd,0x0e,0x42,0xbe,0xda,
    0xe3,0xf3,0xcb,0xf1,0x02,0x43,0x03,0xaa,0x31,0xce,0x51,0xb0,0x52,0xd1,0x4c,0xfd,
    0x16,0x70,0xf7,0x49,0x85,0xa1,0xbc,0xc2,0x44,0x60,0x69,0xca,0xdc,0x69,0x1c,0x05,
    0xb5,0x10,0xca,0xab,0x9a,0x89,0x83,0x79,0xbe,0x3f,0x32,0xd0,0xd8,0xeb,0xf8,0xfb,
    0x9f,0x73,0x35,0x7e,0xf8,0x75,0x89,0xd9,0x7f,0x6a,0x6c,0x1b,0x54,0xd4,0x33,0x9c,
    0xa2,0x4c,0x00,0xae,0x03,0xa5,0x55,0x83,0xef,0x09,0x17,0xbf,0x1d,0xe2,0xe0,0x97,
    0x3d,0x18,0x63,0xcd,0xe3,0xe3,0x77,0xf7,0x49,0x85,0x9f,0xaf,0x07,0x94,0xab,0x86,
    0x42,0x3e,0x9b,0x79,0x26,0x00,0xd7,0x81,0xa5,0x15,0xcd,0xf8,0xa7,0x39,0x2e,0x9c,
    0x28,0xb0,0x73,0x34,0xb7,0x2e,0x6a,0x80,0xe9,0x3f,0x96,0xb9,0x7a,0xa7,0x48,0xaf,
    0x2f,0xf4,0xf9,0x92,0xd9,0xbc,0x2d,0x80,0x88,0x2d,0xa6,0xc5,0x65,0xcd,0x81,0x7d,
    0x3d,0x9c,0xfd,0x66,0x2b,0x83,0x7d,0x6a,0x5d,0xd4,0x41,0x51,0x33,0x75,0x2d,0xe0,
    0xfe,0xd3,0x0a,0x43,0xfd,0xd1,0x7e,0x1b,0x5b,0x88,0x6b,0x65,0xb4,0x3d,0x5d,0x99,
    0x01,0x44,0x6c,0x17,0xac,0xbc,0x35,0x9c,0x3a,0x3c,0xc0,0xe4,0xa1,0x3c,0x10,0x55,
    0x79,0x64,0xfe,0xf8,0x79,0x95,0x1f,0xaf,0x2e,0xf1,0xf7,0x42,0x9d,0x42,0x5e,0x11,
    0x94,0xd2,0xdb,0x9d,0xef,0x09,0xae,0x4a,0x86,0x68,0x01,0x90,0xc8,0x28,0xe7,0xc2,
    0xf9,0x89,0x02,0xfb,0xf7,0xf6,0xa0,0x8d,0xfd,0x5f,0xc4,0x0e,0x78,0x31,0x5f,0xe7,
    0xc6,0xbd,0x22,0xe3,0x23,0x2e,0xbb,0x3f,0xf7,0xa8,0xd7,0xa3,0x01,0x4d,0x8a,0x9b,
    0xd2,0xec,0x5c,0x9d,0xa0,0xa8,0x71,0x9d,0xd6,0x66,0xd4,0x0a,0x20,0x50,0xad,0x19,
    0x76,0x8c,0xe4,0x1a,0xe6,0xcd,0xd7,0xe8,0x67,0xc3,0x2e,0x97,0xbf,0xfb,0x24,0x35,
    0xe2,0x66,0x9d,0xba,0xb4,0xc8,0xc3,0x67,0xf6,0x36,0x7c,0x2f,0x40,0x9c,0x85,0x50,
    0xff,0xdf,0x58,0x9a,0xe5,0x28,0x1b,0x89,0x31,0x24,0x46,0x1e,0x2b,0x86,0xff,0xa0,
    0x3e,0x20,0xd1,0x4f,0xbb,0xe7,0x54,0x3b,0xf3,0xac,0x6a,0x7b,0x0a,0x3a,0x7d,0x13,
    0xc6,0xf3,0x93,0xb2,0x98,0x0a,0x60,0x8c,0x7d,0xc3,0xfd,0xfb,0x5f,0xc8,0xe4,0xf4,
    0x62,0x47,0x00,0x6b,0x8b,0xd0,0xf7,0x92,0xaf,0xe4,0xc4,0xdb,0x50,0x09,0x94,0xab,
    0x86,0x47,0x33,0xd5,0x8e,0x00,0x62,0x35,0x8e,0xe1,0x86,0x6e,0x43,0x81,0x7c,0x6f,
    0x77,0xde,0xe5,0x1b,0x6e,0x44,0xb1,0xda,0x55,0x6f,0xb7,0xb4,0xe9,0x8f,0xd2,0x8f,
    0x00,0xef,0x00,0x5e,0xc9,0x24,0x4c,0x76,0x65,0x80,0xe7,0x00,0x00,0x00,0x00,0x49,
    0x45,0x4e,0x44,0xae,0x42,0x60,0x82,0x89,0x50,0x4e,0x47,0x0d,0x0a,0x1a,0x0a,0x00,
    0x00,0x00,0x0d,0x49,0x48,0x44,0x52,0x00,0x00,0x00,0x30,0x00,0x00,0x00,0x30,0x08,
    0x06,0x00,0x00,0x00,0x57,0x02,0xf9,0x87,0x00,0x00,0x04,0x08,0x49,0x44,0x41,0x54,
    0x78,0x9c,0xed,0x99,0x5b,0x88,0x1b,0x55,0x1c,0xc6,0x7f,0xe7,0x4c,0x66,0x72,0x4f,
    0x66,0xd7,0x0b,0x22,0x0a,0x8b,0x48,0xc1,0x0b,0x58,0xb0,0x54,0xc1,0x07,0x51,0x54,
    0x54,0x2a,0xd4,0x07,0x11,0x45,0xb4,0x62,0x75,0x11,0x15,0xf4,0x41,0xca,0x5a,0xa1,
    0x52,0x74,0x45,0xe9,0x4b,0xc1,0x17,0xad,0xed,0x83,0x54,0x45,0x29,0xf8,0xa6,0x4f,
    0x0a,0x05,0x0b,0x8a,0x20,0x7d,0x28,0x8a,0xd8,0x97,0x2d,0xb8,0xba,0xb6,0xd9,0x5c,
    0x76,0x13,0x73,0x99,0x39,0xc7,0x87,0xc9,0x6c,0xd3,0xc6,0x6d,0xce,0x24,0x19,0x62,
    0x21,0x1f,0xcc,0x43,0xc8,0x4c,0xce,0xf7,0x9d,0xf9,0xfe,0xb7,0x13,0xb1,0xfd,0xc5,
    0x65,0xcd,0x65,0x0c,0x39,0x69,0x02,0xa3,0x62,0x2a,0x60,0xd2,0x98,0x0a,0x98,0x34,
    0xa6,0x02,0x26,0x8d,0x84,0xe9,0x8d,0x52,0x80,0x10,0x71,0x52,0x39,0x0f,0x0d,0x28,
    0x65,0x76,0xaf,0x91,0x00,0x21,0xa0,0xd1,0xd2,0x78,0x3e,0x88,0xee,0x02,0x71,0x42,
    0x4a,0xc8,0x24,0xcd,0x76,0x6b,0xa0,0x00,0xd9,0x25,0x3f,0xff,0x48,0x9e,0x5b,0xe6,
    0x6c,0x94,0x0a,0x16,0x88,0x03,0x4a,0x07,0xeb,0xfd,0x5d,0xf1,0x39,0xf0,0x45,0xcd,
    0xe8,0x99,0x81,0x02,0x84,0x80,0x8e,0x07,0xdb,0xb6,0x38,0x6c,0xbf,0x29,0x39,0x32,
    0x49,0x13,0x9c,0xad,0x8e,0x51,0x00,0x04,0x22,0xea,0x2d,0x8d,0xaf,0xc0,0x57,0x60,
    0xc5,0xfc,0x06,0xd6,0x1b,0xe6,0x26,0x8d,0x14,0xc4,0x21,0xf1,0xb8,0x04,0x88,0xae,
    0x80,0x28,0x16,0x35,0x16,0x00,0x41,0xf0,0x86,0xd7,0xb0,0x18,0x77,0x22,0x33,0x16,
    0x20,0x44,0xb0,0xb8,0x25,0xc6,0x4f,0xa2,0x17,0x5a,0x07,0x97,0x29,0x8c,0x05,0x74,
    0x3c,0x4d,0xbb,0xa3,0x87,0x8a,0x81,0xb0,0x7e,0xd4,0x9b,0x9a,0x42,0x46,0x6e,0x6a,
    0x11,0xa5,0x20,0x61,0x41,0xca,0x11,0x68,0x6d,0x56,0x77,0x84,0xc9,0x40,0xa3,0x35,
    0xb8,0x39,0x49,0xd2,0x16,0x68,0xcc,0xdf,0x80,0x26,0x10,0xeb,0x2b,0xcd,0x5a,0x43,
    0xb3,0xeb,0xc1,0x1c,0x4f,0xdd,0x97,0xc5,0xb2,0x04,0xf2,0xa2,0x1f,0x09,0x37,0xa6,
    0x5a,0x57,0xbc,0x79,0xb8,0xc2,0x89,0x53,0x4d,0x92,0xb6,0x40,0x0d,0x60,0x67,0x9c,
    0x85,0x4a,0x35,0x85,0x8e,0xf0,0x6e,0x35,0x60,0x5b,0x82,0x46,0x53,0x21,0x2d,0xc1,
    0xc2,0x93,0x45,0x9e,0xb8,0x37,0xdb,0xb7,0xb3,0x61,0xd5,0xb5,0x24,0xfc,0x7a,0xa6,
    0xc3,0x9e,0x0f,0xcb,0x9c,0xfe,0xa3,0x43,0x31,0x2b,0x07,0x92,0x37,0x16,0x00,0x60,
    0x27,0x20,0x8a,0xfb,0x13,0x96,0xa0,0xb2,0xee,0x73,0xfd,0xd5,0x09,0xde,0x7d,0x7e,
    0x86,0xad,0x37,0x3a,0x1b,0x69,0x72,0x83,0x7c,0x97,0xa0,0x25,0xe1,0xeb,0x1f,0xff,
    0x61,0xff,0x27,0x15,0x9a,0x6d,0x8d,0x9b,0x97,0xf8,0xbe,0xe1,0x3a,0xa6,0x84,0x4c,
    0x37,0x5f,0x74,0x7b,0xa6,0x73,0x55,0x9f,0x7b,0xb6,0xa6,0xd8,0xff,0xac,0xcb,0x55,
    0xae,0xd5,0x17,0x3b,0x61,0x45,0xf7,0x15,0x1c,0x3c,0x56,0xe3,0xc8,0x37,0xeb,0xa4,
    0x1d,0x41,0x26,0x29,0x8c,0xc9,0x47,0x12,0x60,0x02,0x29,0xc1,0xf7,0xa1,0xde,0x54,
    0xcc,0xef,0xc8,0xf3,0xda,0x63,0x85,0x0d,0xb2,0xbd,0xe4,0x43,0x31,0x67,0x2b,0x3e,
    0x7b,0x8f,0x54,0x38,0x7e,0xb2,0xc9,0x6c,0x41,0xa2,0x75,0xf0,0x5d,0x14,0x8c,0x4d,
    0x40,0xc2,0x0a,0xb2,0x8c,0x63,0x0b,0xde,0x9b,0x9f,0x65,0xc7,0x9d,0xe9,0x0d,0x0f,
    0x87,0x59,0xa7,0xd7,0xef,0x27,0x4f,0xb7,0x59,0xf8,0xb8,0xcc,0x99,0x15,0x8f,0x2b,
    0x8b,0x12,0x2f,0xc2,0xae,0x5f,0xb0,0xee,0xb8,0xc8,0x97,0xd7,0x14,0x37,0x5c,0x6b,
    0xf3,0xfe,0x0b,0x33,0xdc,0x3c,0x67,0xf7,0x5b,0xa6,0x1b,0xbc,0x96,0x84,0xaf,0xbe,
    0x6f,0xb0,0x78,0xb4,0x8a,0xe7,0x6b,0xdc,0xdc,0xf0,0xe4,0x61,0x44,0x01,0x61,0x71,
    0x2b,0xd5,0x14,0x0f,0xdd,0x91,0x66,0xdf,0xd3,0x2e,0x6e,0x4e,0xf6,0x91,0x0f,0x3f,
    0xfb,0x0a,0x16,0x3f,0xad,0xf0,0xf9,0x77,0x75,0x72,0x29,0x49,0x2a,0x29,0x46,0x22,
    0x3f,0x92,0x00,0x4b,0x42,0xdb,0xd3,0x34,0xdb,0xf0,0xca,0xa3,0x05,0x5e,0xda,0x99,
    0x07,0x36,0xf7,0xfb,0x4a,0xd9,0x67,0xcf,0x47,0x65,0x7e,0xf8,0xa5,0xc5,0x6c,0x3e,
    0x48,0x91,0xa6,0x43,0xcb,0xa5,0x30,0x94,0x80,0x84,0x05,0x6b,0x0d,0x4d,0x2e,0x2d,
    0x58,0xdc,0xed,0xf2,0xc0,0xb6,0xc0,0xef,0x82,0x1e,0xbf,0x77,0x5b,0x02,0x4b,0xc2,
    0x4f,0xbf,0xb5,0x78,0xe3,0x50,0x85,0x3f,0x57,0x3d,0xae,0x28,0x8c,0x66,0x99,0x91,
    0x05,0x24,0x2c,0x58,0x5d,0x53,0xdc,0x3a,0xe7,0xf0,0xce,0x6e,0x97,0x2d,0xd7,0xfd,
    0xb7,0xdf,0xc3,0x11,0xf4,0xb3,0x6f,0xeb,0x1c,0xf8,0xb2,0x0a,0x1a,0x0a,0x99,0xf1,
    0x92,0x87,0x21,0x9a,0xb9,0x52,0x4d,0xb1,0xf3,0xae,0x0c,0x6f,0xed,0x72,0x49,0x39,
    0x62,0x53,0xbf,0x37,0xdb,0x9a,0xb7,0x8f,0x56,0x39,0x76,0xbc,0x8e,0x9b,0x95,0x08,
    0x19,0x3d,0x45,0x8e,0x4d,0x40,0x30,0x95,0x69,0x3a,0x1e,0xbc,0xfe,0x78,0x91,0xe7,
    0x1e,0xce,0x01,0xfd,0x7e,0x0f,0x2d,0xb3,0xb4,0xe2,0xb1,0x70,0xa8,0xcc,0xcf,0xbf,
    0xb7,0x99,0xcd,0x07,0x41,0xad,0x54,0x3c,0x5d,0xec,0xe0,0x91,0x92,0x60,0xe7,0x8a,
    0x59,0xc9,0xbe,0x67,0x5c,0xee,0xbe,0x2d,0x15,0x90,0xb9,0x68,0xf0,0x08,0x63,0xe0,
    0xc4,0xa9,0x16,0x7b,0x0f,0x97,0x29,0x55,0xd5,0x05,0x7e,0x8f,0xab,0x05,0x1f,0xd8,
    0x8d,0x5a,0x12,0x2a,0x75,0xcd,0xc1,0x97,0x67,0xb8,0xff,0xf6,0x34,0x1d,0x2f,0xec,
    0x8b,0xfa,0xa1,0x81,0xa5,0xbf,0x3c,0x3c,0x5f,0x93,0x72,0x24,0xbe,0x49,0x37,0xd6,
    0xfb,0x7c,0xb7,0x56,0x2c,0x97,0x7c,0x5e,0xfd,0x60,0xd5,0xe8,0x19,0x33,0x0b,0x41,
    0xd0,0xda,0x0e,0x38,0x91,0x10,0xc0,0xdc,0x35,0xa3,0xd7,0x46,0x27,0x11,0xa1,0x69,
    0x34,0xbd,0x51,0xe9,0xf3,0xcd,0xd7,0xa5,0xa0,0xf5,0xf0,0x23,0x67,0x98,0xbd,0x5a,
    0x9d,0x18,0x86,0x7a,0xd3,0x3d,0x09,0xb3,0xd5,0xb0,0x88,0x7a,0x02,0x18,0xa9,0x9d,
    0x56,0xdd,0x4b,0xc4,0x74,0x34,0x17,0x86,0x4c,0x2c,0x33,0xb1,0x63,0x07,0x63,0xa0,
    0xb4,0xa2,0xd2,0x32,0x47,0x38,0xec,0x24,0xed,0x31,0xc7,0x80,0x14,0xb0,0x7c,0xce,
    0x63,0x69,0xc5,0x8a,0xf5,0x68,0xb1,0x37,0x0b,0x99,0xc2,0x68,0xa8,0xff,0x3f,0xe3,
    0xb2,0xff,0x7f,0x60,0x2a,0x60,0xd2,0x98,0x0a,0x98,0x34,0xa6,0x02,0x26,0x8d,0xa9,
    0x80,0x49,0xe3,0x5f,0x5a,0xd5,0x9c,0x9e,0x52,0xf9,0x17,0x3d,0x00,0x00,0x00,0x00,
    0x49,0x45,0x4e,0x44,0xae,0x42,0x60,0x82,0x89,0x50,0x4e,0x47,0x0d,0x0a,0x1a,0x0a,
    0x00,0x00,0x00,0x0d,0x49,0x48,0x44,0x52,0x00,0x00,0x00,0x40,0x00,0x00,0x00,0x40,
    0x08,0x06,0x00,0x00,0x00,0xaa,0x69,0x71,0xde,0x00,0x00,0x05,0x65,0x49,0x44,0x41,
    0x54,0x78,0x9c,0xed,0x9b,0x6b,0x88,0x94,0x55,0x18,0xc7,0x7f,0xe7,0xbc,0xef,0xec,
    0xee,0xcc,0xec,0xcc,0xee,0xec,0xa6,0x12,0x69,0x49,0x77,0x0d,0x42,0x0a,0x24,0x4a,
    0xfa,0x90,0xd5,0x27,0x03,0x41,0x8a,0x90,0x2c,0x10,0x56,0x92,0xc0,0x88,0x2e,0xb0,
    0x1f,0x54,0x42,0xf2,0x86,0xd0,0x07,0x83,0x42,0x25,0xe9,0xa2,0x66,0x41,0x05,0x15,
    0x08,0xb1,0x15,0x11,0x16,0x51,0x1b,0x05,0x69,0x98,0xf9,0xc1,0xcc,0x40,0x77,0x9b,
    0x99,0xdd,0x99,0xdd,0xb9,0xbd,0xe7,0xf4,0xe1,0xdd,0x77,0xb6,0x6c,0x66,0x9d,0xf7,
    0x9d,0xcb,0x19,0x72,0xfe,0x30,0x5f,0x16,0xce,0x99,0xe7,0xf9,0x9f,0xf3,0x7f,0xce,
    0x73,0x99,0x15,0xcb,0x37,0x9e,0xd7,0x5c,0xc1,0x90,0xa6,0x0d,0x30,0x8d,0x0e,0x01,
    0xa6,0x0d,0x30,0x8d,0x0e,0x01,0xa6,0x0d,0x30,0x8d,0x0e,0x01,0xa6,0x0d,0x30,0x8d,
    0x0e,0x01,0xa6,0x0d,0x30,0x8d,0x2b,0x9e,0x00,0x3b,0xc8,0x22,0x01,0x88,0x36,0xa3,
    0x4e,0x6b,0xf7,0xe3,0x17,0xbe,0x09,0x10,0x40,0x49,0x41,0x2e,0xd7,0x5e,0x25,0x44,
    0x97,0x0d,0x5d,0x21,0xe1,0x9b,0x04,0x5f,0x04,0x08,0x01,0x25,0x07,0xfa,0x7b,0x25,
    0xb7,0x2c,0xb4,0xd1,0xb8,0x84,0x98,0x84,0x67,0xc3,0xf9,0x71,0x87,0xb3,0x17,0x4a,
    0x84,0x6c,0x7f,0x24,0xf8,0x26,0x20,0x57,0xd0,0x2c,0xb9,0xd6,0x66,0xef,0xa6,0x41,
    0x7f,0x96,0x36,0x19,0x6f,0x1c,0xcb,0xb2,0xfd,0x48,0x8a,0xc1,0xb8,0xc0,0x71,0x6a,
    0x5f,0x17,0x28,0x06,0x28,0x05,0x4a,0xbb,0x1f,0x69,0xf8,0x0a,0x38,0x0e,0x58,0x16,
    0x14,0x4a,0x3a,0xd0,0x6d,0x0c,0x44,0x00,0xcc,0x3a,0x6e,0x9a,0x00,0x2d,0x5c,0x1b,
    0x44,0x40,0x3b,0xda,0x2c,0x96,0xb7,0x1e,0x1d,0x02,0x4c,0x1b,0x60,0x1a,0x81,0x62,
    0x80,0x66,0x36,0x10,0x36,0xe3,0x1d,0x14,0x01,0x34,0x1d,0x24,0x09,0x82,0x00,0x04,
    0x68,0xc0,0x96,0x20,0x65,0x7b,0x5c,0x1f,0x2f,0x03,0x0c,0xd9,0xc1,0x4e,0xc2,0x17,
    0x01,0x5a,0xbb,0xce,0xa7,0x32,0x8a,0xef,0x4e,0x15,0xd0,0x3a,0x78,0xf4,0xfd,0xf7,
    0xc6,0xb3,0xa7,0x9e,0x99,0x52,0x2c,0x59,0x1c,0x62,0x5e,0x9f,0x75,0xd9,0xfd,0xb5,
    0x76,0x0f,0x42,0x08,0xb8,0x98,0x72,0x02,0xbd,0x48,0xbe,0x09,0xe8,0xe9,0x12,0x9c,
    0x3c,0x5b,0x62,0xfd,0xae,0x31,0xff,0xdf,0x56,0x05,0x52,0x82,0xa3,0x5c,0xe7,0xd7,
    0x3d,0xd8,0xcb,0xb2,0x9b,0xba,0x50,0x7a,0x6e,0x75,0x29,0xe5,0xae,0x53,0x1a,0xb6,
    0x1f,0x4a,0xf3,0xee,0x17,0x59,0xe2,0x51,0xe9,0x2b,0x09,0x82,0x80,0x31,0x40,0x4a,
    0x88,0xf6,0x34,0x46,0xfc,0x96,0x25,0xc8,0x15,0x14,0xb6,0x25,0xd8,0xf6,0xd4,0x00,
    0xab,0x57,0x44,0x2e,0xbb,0xc6,0x51,0x60,0x49,0x18,0x9f,0x50,0xbc,0xf0,0x5a,0x92,
    0xe3,0x27,0x72,0xf4,0x45,0x65,0x6b,0x8a,0x21,0x0f,0xaa,0x01,0xb5,0x90,0x6d,0x41,
    0x3a,0xa3,0xb8,0x7a,0xd0,0x62,0xcf,0xc6,0x04,0xb7,0x5f,0xdf,0x85,0x52,0x6e,0xa5,
    0x59,0x89,0x5e,0x4f,0xef,0x96,0x84,0x9f,0xce,0x14,0x78,0xee,0xd5,0x24,0x7f,0x8e,
    0x3b,0x24,0x62,0xfe,0x4f,0xbe,0x6c,0x43,0x5d,0x1e,0x04,0x84,0x10,0xae,0x83,0xe3,
    0x13,0x8a,0x7b,0x6e,0xeb,0x61,0xf7,0x93,0x09,0x06,0xe3,0xb2,0x7c,0xb2,0x95,0xe0,
    0xa5,0xdd,0x42,0xc0,0xfb,0x5f,0x4e,0xf1,0xd2,0xa1,0x34,0x5a,0x6b,0x62,0x11,0x7f,
    0xb9,0xff,0xa5,0x68,0x39,0x01,0x96,0x84,0x42,0x09,0x0a,0x45,0xcd,0x86,0x55,0x31,
    0x9e,0x5e,0x13,0xc7,0x92,0xae,0xa6,0xab,0x39,0xef,0x11,0x33,0x95,0xd7,0xec,0x39,
    0x9a,0xe6,0xe8,0xe7,0x59,0xa2,0x61,0x89,0x25,0x05,0x8e,0xaa,0xcf,0x9e,0x96,0x12,
    0x60,0x5b,0x90,0x99,0xd6,0x44,0x7a,0x04,0x5b,0x1f,0x4f,0xf0,0xd0,0xdd,0xe1,0xf2,
    0xb5,0x96,0xd5,0x9c,0x9f,0x29,0x76,0xce,0x5d,0x2c,0x31,0xbc,0x3f,0xc5,0xb7,0xbf,
    0xe4,0x19,0x8c,0x4b,0xb7,0x18,0xab,0xd3,0x79,0x68,0x21,0x01,0xb6,0x05,0xc9,0x49,
    0xc5,0x8d,0xd7,0x84,0xd8,0xb9,0x21,0xc1,0xd2,0xeb,0x42,0x94,0x1c,0xf7,0xef,0x95,
    0xa0,0xb5,0x9b,0x73,0x58,0x16,0x7c,0x73,0x32,0xcf,0xf0,0xbe,0x24,0x63,0x69,0xc5,
    0x55,0x7d,0x92,0x52,0x1d,0x57,0xfe,0x3f,0x76,0x35,0x6e,0xab,0xca,0xf0,0xde,0xe6,
    0xbf,0x26,0x14,0xf7,0xdd,0x11,0x66,0xc7,0x50,0x3f,0xf1,0x88,0x1b,0xb4,0xaa,0x39,
    0xef,0x3d,0x71,0x02,0x38,0x3c,0x92,0x65,0xd7,0x91,0x34,0xb6,0x25,0x88,0x45,0x44,
    0x43,0x9d,0x87,0x26,0x13,0xe0,0xe9,0x3d,0x5f,0x70,0xf5,0xfe,0xcc,0xc3,0x71,0x60,
    0x46,0xef,0x55,0x9c,0xf7,0xae,0xfc,0x74,0x5e,0xb3,0xfb,0x9d,0x34,0x87,0x47,0xb2,
    0x24,0x62,0x12,0x01,0x75,0xeb,0xbd,0x12,0x9a,0x46,0x80,0x6d,0xc3,0x44,0x46,0x93,
    0x88,0x49,0x76,0x0e,0x25,0xb8,0xff,0xce,0x1e,0xf7,0x89,0x13,0xd5,0xf5,0xee,0x49,
    0xe2,0xd4,0xb9,0x22,0x5b,0x5e,0x4f,0xf1,0xe3,0x6f,0x85,0xf2,0x95,0x6f,0x56,0x07,
    0xb2,0x29,0x04,0xd8,0x16,0x8c,0xa5,0x15,0xcb,0x6e,0xe8,0x62,0xdb,0xfa,0x7e,0x6e,
    0x5e,0x18,0x2a,0x9f,0x6c,0x25,0x78,0x81,0xd0,0xb6,0x60,0xe4,0xfb,0x1c,0x2f,0xbe,
    0x99,0x22,0x39,0xa9,0x18,0x88,0x37,0x56,0xef,0x15,0x6d,0x6d,0xe4,0x66,0x9e,0xde,
    0xc7,0xd2,0x8a,0xd5,0x2b,0x22,0x6c,0x5e,0xd7,0x47,0x6f,0x58,0xce,0xe9,0x7c,0x59,
    0xef,0x02,0xf6,0x7d,0x3c,0xc9,0x2b,0x1f,0x4c,0x12,0xb2,0x9b,0xa3,0xf7,0x4a,0x68,
    0x18,0x01,0x96,0x84,0x7c,0x51,0x53,0x2c,0xc1,0xb3,0x8f,0xc4,0xd9,0xb0,0x2a,0x06,
    0xd4,0xa6,0xf7,0xcc,0xb4,0x62,0xdb,0x5b,0x69,0x3e,0xfc,0x6a,0x8a,0x81,0x98,0xab,
    0x8f,0x66,0xe8,0xbd,0x12,0x1a,0x42,0x80,0x6d,0xc1,0xc4,0x94,0x66,0x30,0x26,0xd9,
    0xbc,0xae,0x9f,0x95,0x35,0xe8,0xdd,0x73,0xfe,0xd4,0xef,0x45,0xb6,0x1c,0x4c,0xf1,
    0xc3,0xe9,0x42,0xc3,0x9f,0xb8,0x9a,0x6c,0xaf,0x7b,0x83,0x19,0xbd,0x2f,0xbf,0xb5,
    0x9b,0x1d,0x43,0xfd,0x2c,0x9c,0x67,0xd7,0xa4,0x77,0xcb,0x82,0x8f,0x8e,0x4f,0xb3,
    0xfd,0x50,0x8a,0x6c,0x4e,0x1b,0x71,0x1e,0xea,0xec,0x0a,0x6b,0x5c,0xe7,0xd7,0xae,
    0x8c,0xf2,0xfc,0xa3,0x7d,0x44,0xba,0x45,0xcd,0x7a,0x7f,0xf9,0xbd,0x09,0x0e,0x1e,
    0xcb,0xd0,0x15,0x12,0xf4,0x86,0x5b,0xa3,0xf7,0x4a,0x08,0x5c,0x0e,0x17,0x8a,0x50,
    0x72,0x34,0x5b,0x9f,0xe8,0x67,0xed,0xca,0x28,0x30,0xb7,0xde,0xbd,0x74,0x77,0x2a,
    0xa7,0x19,0x3e,0x90,0xe4,0xb3,0xd1,0x1c,0x7d,0xbd,0x72,0x66,0x9d,0xae,0xba,0xae,
    0x56,0x68,0x15,0xac,0x42,0xf5,0x4d,0x80,0x14,0x6e,0x92,0x92,0xe8,0x95,0xec,0x18,
    0x1a,0xe0,0xae,0xa5,0xdd,0xe5,0xe6,0x45,0x35,0xbd,0x2b,0x0d,0x68,0xf8,0xfa,0x44,
    0x9e,0xe1,0xfd,0x49,0x4e,0xff,0x51,0xa4,0x3f,0x26,0x19,0x4b,0x37,0xee,0xd8,0xbb,
    0x43,0x82,0x70,0x77,0x0b,0x66,0x83,0xf9,0x22,0x2c,0x5e,0x60,0xb3,0x77,0xd3,0x00,
    0x8b,0xe6,0xcf,0xad,0xf7,0xf2,0x3a,0x20,0x9b,0xd7,0x9c,0x39,0x5f,0x62,0xcd,0xbd,
    0x11,0x62,0x11,0x49,0xc9,0xf1,0x26,0x39,0xf5,0x35,0x56,0xbc,0x32,0x79,0xf4,0xd7,
    0x02,0xc7,0x7f,0xce,0x11,0xee,0x16,0xbe,0x8a,0xa4,0x00,0x04,0x68,0x16,0x2f,0xb0,
    0x59,0x34,0xdf,0x9e,0xb3,0x98,0xb9,0x74,0x5d,0x6f,0x58,0xf0,0xd8,0x03,0x51,0x3f,
    0x5f,0xe7,0x0b,0x6f,0x7f,0x9a,0x65,0x64,0x74,0x9a,0x88,0xcf,0x4e,0x95,0xff,0xf1,
    0xb8,0x70,0xe7,0x70,0x73,0x95,0xb0,0xd5,0xe0,0x28,0x37,0x16,0x34,0xb2,0x93,0xee,
    0xdd,0xc0,0xa9,0xbc,0x0e,0xd4,0xa0,0x0d,0xf6,0x03,0x89,0x99,0xce,0x8c,0x5f,0xbd,
    0x55,0x6b,0x78,0xd4,0x0b,0xcb,0x0a,0x3e,0xa3,0x6c,0x87,0xd6,0xbe,0x51,0x74,0x08,
    0x30,0x6d,0x80,0x69,0x04,0x9b,0x0d,0x6a,0x37,0xf8,0x28,0xed,0xce,0xe7,0x4d,0xc2,
    0xeb,0x08,0x07,0x6d,0xd3,0xfb,0x9f,0x0d,0x6a,0x08,0xd9,0x6e,0xe0,0xa9,0x33,0x79,
    0x6b,0x08,0xbc,0x1c,0x24,0x12,0x20,0x09,0x82,0x00,0xa3,0xb1,0xee,0x90,0xe0,0xec,
    0x05,0x87,0x03,0x9f,0x64,0xda,0xe2,0x47,0x52,0xff,0x4c,0x84,0x82,0x64,0x82,0xc2,
    0xef,0xbf,0xcc,0x08,0x01,0xc5,0x12,0x64,0x73,0x2d,0x2a,0xd8,0x6b,0x44,0x4b,0x52,
    0x61,0x98,0x95,0xc0,0x40,0xbc,0xbd,0xe2,0x67,0xcb,0x8a,0x21,0x98,0x0d,0x82,0xff,
    0x07,0xb4,0xd7,0x31,0x1a,0x40,0x87,0x00,0xd3,0x06,0x98,0x46,0x87,0x00,0xd3,0x06,
    0x98,0x46,0x87,0x00,0xd3,0x06,0x98,0x46,0x87,0x00,0xd3,0x06,0x98,0xc6,0x15,0x4f,
    0xc0,0xdf,0x4a,0x36,0x17,0x71,0xda,0x0a,0xbd,0x4f,0x00,0x00,0x00,0x00,0x49,0x45,
    0x4e,0x44,0xae,0x42,0x60,0x82,0x89,0x50,0x4e,0x47,0x0d,0x0a,0x1a,0x0a,0x00,0x00,
    0x00,0x0d,0x49,0x48,0x44,0x52,0x00,0x00,0x00,0x80,0x00,0x00,0x00,0x80,0x08,0x06,
    0x00,0x00,0x00,0xc3,0x3e,0x61,0xcb,0x00,0x00,0x06,0x4b,0x49,0x44,0x41,0x54,0x78,
    0x9c,0xed,0x9d,0x4b,0x88,0x1c,0x45,0x18,0xc7,0xff,0x55,0xd5,0xb3,0xb3,0x33,0xb3,
    0x6f,0x23,0xf1,0x20,0x78,0x53,0x24,0x11,0x41,0x30,0xc4,0x0d,0xea,0x49,0x04,0x57,
    0x02,0x01,0xf1,0xa0,0x48,0x14,0x4d,0xc8,0xc2,0x82,0x49,0x2e,0x3e,0x0e,0x82,0xb9,
    0x88,0xe8,0x21,0x4a,0x12,0x61,0x0f,0xc6,0x93,0x37,0x2f,0x21,0x51,0x0f,0x51,0x88,
    0xb2,0x41,0xf1,0x85,0x31,0x11,0x3c,0x79,0xd1,0x1c,0x34,0x59,0xcd,0x3e,0x66,0xba,
    0x67,0xa6,0xab,0x3c,0xd4,0xd4,0xee,0x6a,0x66,0x77,0x89,0xe9,0xae,0x7e,0x7c,0xdf,
    0x0f,0x16,0xf6,0x56,0xb3,0xfd,0xfd,0xaa,0xfe,0xd5,0x53,0xdf,0x76,0x8b,0x1d,0xd3,
    0x97,0x0d,0x18,0xb2,0xc8,0xac,0x3f,0x00,0x93,0x2d,0x2c,0x00,0x71,0x58,0x00,0xe2,
    0xb0,0x00,0xc4,0x61,0x01,0x88,0xc3,0x02,0x10,0x87,0x05,0x20,0x0e,0x0b,0x40,0x1c,
    0x16,0x80,0x38,0x2c,0x00,0x71,0x58,0x00,0xe2,0xb0,0x00,0xc4,0x61,0x01,0x88,0xc3,
    0x02,0x10,0x87,0x05,0x20,0x0e,0x0b,0x40,0x1c,0x16,0x80,0x38,0x2c,0x00,0x71,0x58,
    0x00,0xe2,0xb0,0x00,0xc4,0x61,0x01,0x88,0xc3,0x02,0x10,0x87,0x05,0x20,0x0e,0x0b,
    0x40,0x9c,0xc0,0xe7,0x60,0x52,0x00,0x92,0x95,0xdb,0x94,0x6e,0xec,0x6f,0x2c,0x6f,
    0x02,0x08,0x01,0x34,0x23,0x83,0xb0,0xcd,0xff,0x88,0xb4,0x19,0xa3,0x0d,0x09,0x21,
    0xfc,0x8c,0xe5,0x45,0x00,0xd9,0x2b,0xfe,0xe4,0xb6,0x2a,0xee,0xbb,0x73,0x00,0x5a,
    0xf3,0x4a,0x70,0x1d,0x06,0x80,0x00,0x3a,0x5d,0xe0,0xc3,0xcf,0x96,0x10,0x75,0xec,
    0x75,0x4b,0x1b,0x3f,0x02,0x48,0xa0,0x15,0x19,0x4c,0x6e,0xaf,0xe2,0x99,0x47,0x86,
    0x7c,0x0c,0x59,0x68,0x3e,0xfa,0x62,0x19,0x61,0xdb,0x40,0x48,0xc0,0xa4,0xbc,0x60,
    0x7a,0x8f,0x80,0x6e,0x6c,0x33,0x2e,0x50,0xbe,0x46,0x2e,0x06,0xc6,0xd8,0x6b,0xb4,
    0x1c,0x9a,0xd4,0x8b,0xbe,0x16,0xef,0x9b,0x40,0x57,0x78,0x16,0xe0,0xdf,0x38,0x01,
    0x7c,0x5f,0x17,0x4e,0x62,0xe2,0xb0,0x00,0xc4,0x61,0x01,0x88,0xc3,0x02,0x10,0x87,
    0x05,0x20,0x0e,0x0b,0x40,0x1c,0x16,0x80,0x38,0x2c,0x00,0x71,0x58,0x00,0xe2,0xb0,
    0x00,0xc4,0x61,0x01,0x88,0xc3,0x02,0x10,0xc7,0xeb,0x61,0x90,0x36,0x58,0x39,0x0d,
    0x2c,0x1a,0x42,0x00,0xca,0xc3,0x74,0xd1,0x3a,0xfd,0x31,0xd6,0xe2,0x4d,0x00,0x63,
    0x80,0x7a,0x55,0x20,0x50,0x7c,0x12,0xb8,0x11,0x8d,0x9a,0x80,0x14,0xb6,0x3f,0xc4,
    0x07,0x5e,0x04,0xd0,0x1a,0xa8,0x55,0x05,0xce,0x5f,0x8c,0x10,0xb6,0x4d,0xee,0x3b,
    0x82,0x04,0x5c,0x83,0x8e,0x80,0x94,0xc0,0x52,0x4b,0xe3,0xb6,0x71,0x85,0x3d,0x0f,
    0x35,0x50,0x49,0x41,0x5e,0x63,0x56,0x1a,0x82,0xf0,0xe5,0x85,0x10,0x0b,0x4d,0x83,
    0xc0,0x43,0x33,0x08,0xe0,0x4b,0x00,0xd3,0x13,0xe0,0x52,0x84,0xcf,0x7f,0x08,0x7d,
    0x0c,0x79,0x53,0xb8,0x62,0x28,0x09,0x5c,0xb9,0xa6,0x31,0xf5,0x40,0x0d,0xaf,0xef,
    0x1d,0x4b,0x65,0xc3,0x14,0x6b,0x3b,0x8e,0xd6,0xc0,0xa1,0xf7,0xe6,0x71,0xf6,0xbb,
    0x10,0xb5,0xaa,0x80,0x10,0x25,0x12,0x00,0x58,0x8d,0x80,0xa1,0x9a,0xa7,0x6e,0xc7,
    0x9b,0x40,0x0a,0x81,0xd8,0x18,0xb4,0x42,0x83,0xbd,0x8f,0x36,0xf0,0xd6,0x81,0x09,
    0x00,0xc9,0x17,0x44,0xf7,0x8a,0xbf,0xd8,0xd2,0x78,0xed,0xe4,0xdf,0x38,0xf3,0x55,
    0x0b,0x5b,0x46,0x24,0xb4,0xf6,0x53,0x7c,0x20,0x83,0x4d,0xa0,0xce,0xf9,0x06,0x50,
    0x49,0x60,0x39,0xd2,0x10,0x02,0x38,0x3a,0x33,0x81,0x87,0xef,0x1d,0x84,0x36,0x76,
    0x45,0x48,0xb2,0x53,0xd7,0xc5,0xe0,0xf9,0x4b,0x11,0x5e,0x9a,0xfd,0x0b,0x8b,0x4d,
    0x8d,0x2d,0x23,0x12,0x71,0x59,0x37,0x81,0x45,0x40,0x49,0xdb,0xb7,0x38,0x5c,0x97,
    0x78,0x73,0xff,0x38,0x26,0xb7,0x55,0x13,0xdf,0xaf,0xb8,0xbc,0x97,0x12,0x38,0xf7,
    0x63,0x88,0xc3,0x27,0xe6,0x57,0x56,0x47,0xdf,0xc5,0x07,0x58,0x00,0x00,0x76,0x66,
    0x4b,0x01,0x5c,0x59,0xd0,0x98,0xda,0x59,0xc3,0x91,0xe7,0xc6,0x30,0x5c,0x93,0x89,
    0x17,0xff,0xba,0xbc,0xff,0x36,0x44,0x7d,0xd0,0x6e,0x34,0xb3,0x28,0x3e,0xc0,0x02,
    0x40,0xf6,0x0a,0xb2,0xd8,0x32,0x98,0xda,0x59,0xc3,0xdb,0x07,0x26,0xa0,0xe4,0x6a,
    0xb1,0x92,0x62,0xdd,0xbc,0x37,0xfe,0xef,0xfd,0xd7,0x42,0x5a,0x00,0x25,0x61,0xfb,
    0xef,0x05,0x70,0xec,0xc5,0xd5,0xbc,0x37,0x26,0xf9,0xe2,0xe7,0x21,0xef,0xfb,0x41,
    0x52,0x00,0x01,0x40,0x29,0x81,0xe5,0x50,0xa7,0x9a,0xf7,0xb1,0xb6,0x63,0xe5,0x25,
    0xef,0xfb,0x41,0x4e,0x00,0xb7,0x93,0xff,0xfd,0x4a,0x17,0x7b,0x1e,0xac,0xe3,0xc8,
    0xb3,0x63,0x18,0xae,0xa7,0x97,0xf7,0xc6,0x00,0x87,0x8e,0xcf,0xe3,0xec,0xf7,0x21,
    0xea,0xd5,0x6c,0xf3,0xbe,0x1f,0xa4,0x04,0x08,0x14,0x10,0x75,0x80,0x8a,0x02,0x5e,
    0x7d,0x7a,0x14,0xcf,0x3f,0x36,0x9c,0x4a,0xde,0x77,0xba,0x40,0x25,0x00,0xbe,0xf9,
    0x25,0xc2,0xec,0xe9,0x25,0xcc,0xfd,0x14,0x62,0x6c,0x28,0xfb,0xbc,0xef,0x07,0x19,
    0x01,0x02,0x05,0x5c,0x5b,0x36,0xa8,0x04,0xc0,0x3b,0x33,0xb7,0x60,0xd7,0xf6,0x6a,
    0xe2,0x79,0xef,0x6e,0xf1,0x2a,0x01,0x30,0x77,0x31,0xc2,0xcc,0xbb,0x57,0xd1,0xe9,
    0x02,0xe3,0xc3,0x32,0xb7,0x07,0x60,0xa5,0x17,0x40,0x00,0xa8,0x04,0x02,0x57,0x17,
    0x62,0xec,0xba,0x67,0x10,0xfb,0x1f,0x1f,0xc2,0xfd,0x77,0x55,0x57,0x66,0x69,0x52,
    0xc4,0x31,0xa0,0x94,0x9d,0xe1,0xb3,0x67,0x16,0x71,0xf2,0x93,0x25,0x28,0x29,0x50,
    0x6f,0xe4,0xfb,0xf4,0xb3,0xd4,0x02,0xb8,0xbc,0xff,0xed,0xcf,0x2e,0x76,0xef,0xaa,
    0xe3,0xe8,0xcc,0x04,0x04,0xec,0x92,0x9f,0x68,0xf1,0xb5,0x2d,0xbe,0x01,0x70,0xf8,
    0xc4,0x3c,0x4e,0xcd,0x35,0xb1,0x75,0x42,0x21,0x50,0xf9,0x2e,0x3e,0x50,0x62,0x01,
    0xd6,0xe6,0xfd,0x2b,0xbd,0xbc,0x17,0x58,0x9d,0xa9,0x49,0xd1,0x2f,0xef,0x6f,0xbf,
    0x35,0x40,0xa7,0x6b,0xbc,0x1d,0xe9,0xde,0x0c,0xa5,0x14,0x60,0xc3,0xbc,0x4f,0xa8,
    0xf8,0x1b,0xe5,0x7d,0xbb,0x5b,0x84,0xd2,0x5b,0x4a,0x25,0x00,0xe7,0xfd,0x8d,0x53,
    0x1a,0x01,0x5c,0x17,0x0d,0xe7,0xfd,0x8d,0x51,0x0a,0x01,0x54,0xef,0x11,0x34,0x83,
    0x03,0x02,0x2f,0x3f,0x35,0x8a,0x17,0xa6,0xd2,0xc9,0x7b,0xf7,0x7d,0x7e,0x51,0xf3,
    0xbe,0x1f,0x85,0x17,0xc0,0x1d,0xe1,0x8e,0xd4,0x25,0xde,0xd8,0x37,0x9e,0x6a,0xde,
    0x4b,0x09,0x9c,0xbb,0x10,0xe2,0xd0,0xb1,0x79,0xb4,0x0b,0x98,0xf7,0xfd,0x28,0xac,
    0x00,0xeb,0x1d,0xe1,0x26,0xfd,0xfc,0xa1,0xf5,0x8e,0x70,0x07,0xab,0xc5,0x5c,0xf2,
    0xff,0x4b,0x21,0x05,0xd8,0xe8,0x08,0x37,0xc9,0xe2,0x6f,0x74,0x84,0x1b,0x97,0xa0,
    0xf8,0x40,0x01,0x05,0xe0,0x23,0xdc,0x64,0x29,0x94,0x00,0x14,0x5b,0xb6,0xd2,0xa6,
    0x10,0x02,0x50,0x6e,0xd9,0x4a,0x9b,0xdc,0x0b,0x40,0xbd,0x65,0x2b,0x6d,0x72,0x2d,
    0x00,0xe7,0x7d,0xfa,0xe4,0x52,0x00,0x6e,0xd9,0xf2,0x47,0xee,0x04,0xe0,0x96,0x2d,
    0xbf,0xe4,0x4a,0x00,0x6e,0xd9,0xf2,0x4f,0x6e,0x04,0xe0,0x96,0xad,0x6c,0xc8,0x5c,
    0x00,0x3e,0xc2,0xcd,0x96,0x4c,0x05,0xe0,0x96,0xad,0xec,0xc9,0x4c,0x00,0x6e,0xd9,
    0xca,0x07,0x99,0x08,0xc0,0x2d,0x5b,0xf9,0xc1,0xab,0x00,0xde,0xf2,0x7e,0xcd,0x2d,
    0xde,0xec,0xe9,0x45,0x7c,0xf0,0xa9,0xcd,0xfb,0xc6,0x90,0x5d,0x11,0x7c,0xbd,0x91,
    0xeb,0xff,0x52,0xca,0x57,0xc6,0xb8,0xe7,0xee,0xa4,0x9d,0xf7,0xee,0xae,0xa1,0x1b,
    0x03,0x07,0x8f,0x5f,0xc5,0xa9,0xb9,0x16,0xb6,0x4e,0x28,0x08,0x01,0x84,0x51,0xef,
    0x83,0xe4,0x1c,0x1f,0x4f,0x23,0x73,0x78,0x11,0x40,0x08,0x5b,0xe8,0xc6,0xa0,0x6d,
    0xd9,0xda,0x97,0x56,0xcb,0x56,0x6f,0xe6,0x5c,0xfc,0xb5,0x8d,0xf7,0x3f,0x5e,0xc2,
    0xd7,0x3f,0x47,0xb8,0xfb,0x8e,0x0a,0x3a,0x05,0x5a,0xf2,0x0d,0x80,0x56,0xe8,0x6f,
    0x7f,0x22,0x76,0x4c,0x5f,0x4e,0x7d,0xac,0x40,0xd9,0x87,0x2d,0x1d,0x7c,0x62,0x18,
    0xd3,0xbb,0x47,0x10,0x6b,0x7b,0xba,0x97,0xf4,0x52,0xec,0x1e,0xee,0xb4,0xd0,0xd4,
    0x08,0x23,0x83,0xd1,0xa1,0xe2,0xdc,0xdf,0xbb,0x97,0x46,0x35,0x43,0x83,0x27,0x8f,
    0xfc,0x81,0xc5,0xa6,0x41,0xa0,0x4a,0xf4,0xda,0x38,0xc0,0xe6,0x7f,0xac,0xed,0x4c,
    0x4d,0x63,0x99,0x73,0x3e,0x8d,0xd4,0x25,0x46,0xea,0xf6,0xf7,0x6a,0x25,0xf9,0x71,
    0xd2,0x44,0x49,0xbf,0x29,0xe5,0x55,0x00,0x97,0xcf,0xc6,0xc3,0xac,0xf4,0xb9,0x91,
    0x4a,0x02,0xb7,0x02,0xf8,0x5e,0xb1,0x32,0xff,0x26,0x30,0x2d,0xf2,0xbe,0xd3,0xef,
    0x87,0x48,0x21,0x16,0x37,0x23,0xc7,0xcf,0xeb,0x64,0x7c,0xc0,0x02,0x10,0x87,0x05,
    0x20,0x0e,0x0b,0x40,0x1c,0x16,0x80,0x38,0x2c,0x00,0x71,0x58,0x00,0xe2,0xb0,0x00,
    0xc4,0x61,0x01,0x88,0xc3,0x02,0x10,0x87,0x05,0x20,0x8e,0xf7,0xb3,0x00,0x63,0x56,
    0x7f,0x98,0x55,0xdc,0xf5,0xf0,0x7d,0x5d,0xbc,0x0a,0xe0,0x7a,0x00,0x02,0x55,0xcc,
    0xc3,0x9a,0x34,0x71,0xd7,0xc3,0xf7,0x2b,0xf5,0xfc,0xb5,0x84,0x09,0x20,0xea,0x18,
    0x2c,0x87,0x26,0xf1,0xc7,0xb8,0x94,0x81,0xb5,0x0d,0x21,0x3e,0x17,0x01,0x2f,0x1d,
    0x41,0x80,0xfd,0x03,0x07,0x2a,0x02,0x03,0xa5,0x3d,0x80,0x4e,0x06,0xdf,0x2d,0x61,
    0xde,0x57,0x80,0xb0,0xed,0x6b,0xc4,0xe2,0x52,0xba,0xa6,0x50,0x87,0x14,0x80,0xe0,
    0xfb,0x8e,0x4d,0x29,0x65,0x5b,0xb8,0x83,0x77,0xff,0xf9,0x82,0xe7,0x23,0x71,0x58,
    0x00,0xe2,0xb0,0x00,0xc4,0x61,0x01,0x88,0xc3,0x02,0x10,0x87,0x05,0x20,0x0e,0x0b,
    0x40,0x1c,0x16,0x80,0x38,0x2c,0x00,0x71,0x58,0x00,0xe2,0xb0,0x00,0xc4,0x61,0x01,
    0x88,0xc3,0x02,0x10,0x87,0x05,0x20,0x0e,0x0b,0x40,0x1c,0x16,0x80,0x38,0x2c,0x00,
    0x71,0x58,0x00,0xe2,0xb0,0x00,0xc4,0x61,0x01,0x88,0xc3,0x02,0x10,0x87,0x05,0x20,
    0x0e,0x0b,0x40,0x9c,0x7f,0x00,0x37,0x7a,0x77,0x05,0x59,0x3d,0x60,0xed,0x00,0x00,
    0x00,0x00,0x49,0x45,0x4e,0x44,0xae,0x42,0x60,0x82,0x89,0x50,0x4e,0x47,0x0d,0x0a,
    0x1a,0x0a,0x00,0x00,0x00,0x0d,0x49,0x48,0x44,0x52,0x00,0x00,0x01,0x00,0x00,0x00,
    0x01,0x00,0x08,0x06,0x00,0x00,0x00,0x5c,0x72,0xa8,0x66,0x00,0x00,0x04,0x60,0x49,
    0x44,0x41,0x54,0x78,0x9c,0xed,0xd8,0xdb,0x71,0x14,0x49,0x14,0x45,0xd1,0xd6,0x84,
    0x9c,0xc0,0x11,0x61,0x93,0x30,0x08,0x9f,0x70,0x44,0x98,0xa1,0xf9,0x80,0x60,0x06,
    0x84,0xa0,0x1f,0x55,0x9d,0x95,0xb9,0xd7,0xb2,0xa0,0x7e,0xce,0x8e,0x5b,0xf9,0xf0,
    0xf4,0xfc,0xf2,0x7a,0x02,0x92,0xfe,0x19,0xfd,0x01,0xc0,0x38,0x02,0x00,0x61,0x02,
    0x00,0x61,0x02,0x00,0x61,0x02,0x00,0x61,0x02,0x00,0x61,0x02,0x00,0x61,0x02,0x00,
    0x61,0x02,0x00,0x61,0x02,0x00,0x61,0x02,0x00,0x61,0x02,0x00,0x61,0x02,0x00,0x61,
    0x02,0x00,0x61,0x02,0x00,0x61,0x02,0x00,0x61,0x02,0x00,0x61,0x02,0x00,0x61,0x02,
    0x00,0x61,0x02,0x00,0x61,0x02,0x00,0x61,0x02,0x00,0x61,0x02,0x00,0x61,0x02,0x00,
    0x61,0x02,0x00,0x61,0x02,0x00,0x61,0x02,0x00,0x61,0x02,0x00,0x61,0x02,0x00,0x61,
    0x02,0x00,0x61,0x02,0x00,0x61,0x02,0x00,0x61,0x02,0x00,0x61,0x02,0x00,0x61,0x02,
    0x00,0x61,0x02,0x00,0x61,0x02,0x00,0x61,0x02,0x00,0x61,0x02,0x00,0x61,0x02,0x00,
    0x61,0x02,0x00,0x61,0x02,0x00,0x61,0x02,0x00,0x61,0x02,0x00,0x61,0x02,0x00,0x61,
    0x02,0x00,0x61,0x02,0x00,0x61,0x02,0x00,0x61,0x02,0x00,0x61,0x02,0x00,0x61,0x02,
    0x00,0x61,0x02,0x00,0x61,0x02,0x00,0x61,0x02,0x00,0x61,0x8f,0xa3,0x3f,0x60,0x4f,
    0x5f,0x3e,0x7f,0x18,0xfd,0x09,0x2c,0xe2,0xe3,0xa7,0xaf,0xa3,0x3f,0x61,0x17,0x2e,
    0x00,0x08,0x13,0x00,0x08,0x13,0x00,0x08,0x13,0x00,0x08,0x13,0x00,0x08,0x13,0x00,
    0x08,0x13,0x00,0x08,0x13,0x00,0x08,0x13,0x00,0x08,0x13,0x00,0x08,0x13,0x00,0x08,
    0x13,0x00,0x08,0x13,0x00,0x08,0x13,0x00,0x08,0x13,0x00,0x08,0x13,0x00,0x08,0x13,
    0x00,0x08,0x13,0x00,0x08,0x13,0x00,0x08,0x13,0x00,0x08,0x13,0x00,0x08,0x13,0x00,
    0x08,0x13,0x00,0x08,0x13,0x00,0x08,0x13,0x00,0x08,0x13,0x00,0x08,0x13,0x00,0x08,
    0x13,0x00,0x08,0x13,0x00,0x08,0x13,0x00,0x08,0x13,0x00,0x08,0x13,0x00,0x08,0x13,
    0x00,0x08,0x13,0x00,0x08,0x13,0x00,0x08,0x7b,0x78,0x7a,0x7e,0x79,0x1d,0xfd,0x11,
    0xac,0xe7,0xcb,0xe7,0x0f,0xa3,0x3f,0x61,0x33,0x1f,0x3f,0x7d,0x1d,0xfd,0x09,0xbb,
    0x79,0x1c,0xfd,0x01,0xac,0xc5,0xf0,0xe7,0xe2,0x17,0x80,0xcd,0x18,0xff,0x7c,0x04,
    0x80,0x4d,0x18,0xff,0x9c,0x04,0x80,0x9b,0x19,0xff,0xbc,0xbc,0x01,0x70,0x35,0xc3,
    0x9f,0x9f,0x0b,0x80,0xab,0x18,0xff,0x1a,0x04,0x80,0x8b,0x19,0xff,0x3a,0x04,0x80,
    0x8b,0x18,0xff,0x5a,0xbc,0x01,0x70,0x16,0xc3,0x5f,0x93,0x0b,0x80,0xbf,0x32,0xfe,
    0x75,0x09,0x00,0x7f,0x64,0xfc,0x6b,0x13,0x00,0xde,0x65,0xfc,0xeb,0xf3,0x06,0xc0,
    0x1b,0x86,0xdf,0xe1,0x02,0xe0,0x27,0xc6,0xdf,0x22,0x00,0xfc,0x60,0xfc,0x3d,0x02,
    0xc0,0xe9,0x74,0x32,0xfe,0x2a,0x6f,0x00,0x71,0x86,0xdf,0xe6,0x02,0x08,0x33,0x7e,
    0x04,0x20,0xca,0xf8,0x39,0x9d,0xfc,0x02,0xe4,0x18,0x3e,0xff,0xe7,0x02,0x08,0x31,
    0x7e,0x7e,0x25,0x00,0x11,0xc6,0xcf,0xef,0x08,0x40,0x80,0xf1,0xf3,0x1e,0x6f,0x00,
    0x0b,0x33,0x7c,0xfe,0xc6,0x05,0xb0,0x28,0xe3,0xe7,0x1c,0x02,0xb0,0x20,0xe3,0xe7,
    0x5c,0x02,0xb0,0x18,0xe3,0xe7,0x12,0xde,0x00,0x16,0x61,0xf8,0x5c,0xc3,0x05,0xb0,
    0x00,0xe3,0xe7,0x5a,0x02,0x30,0x39,0xe3,0xe7,0x16,0x02,0x30,0x31,0xe3,0xe7,0x56,
    0xde,0x00,0x26,0x64,0xf8,0x6c,0xc5,0x05,0x30,0x19,0xe3,0x67,0x4b,0x02,0x30,0x11,
    0xe3,0x67,0x6b,0x02,0x30,0x09,0xe3,0x67,0x0f,0xde,0x00,0x0e,0xce,0xf0,0xd9,0x93,
    0x0b,0xe0,0xc0,0x8c,0x9f,0xbd,0x09,0xc0,0x41,0x19,0x3f,0xf7,0xe0,0x17,0xe0,0x60,
    0x0c,0x9f,0x7b,0x72,0x01,0x1c,0x88,0xf1,0x73,0x6f,0x02,0x70,0x10,0xc6,0xcf,0x08,
    0x02,0x70,0x00,0xc6,0xcf,0x28,0xde,0x00,0x06,0x32,0x7c,0x46,0x73,0x01,0x0c,0x62,
    0xfc,0x1c,0x81,0x00,0x0c,0x60,0xfc,0x1c,0x85,0x00,0xdc,0x99,0xf1,0x73,0x24,0xde,
    0x00,0xee,0xc4,0xf0,0x39,0x22,0x17,0xc0,0x1d,0x18,0x3f,0x47,0x25,0x00,0x3b,0x33,
    0x7e,0x8e,0x4c,0x00,0x76,0x64,0xfc,0x1c,0x9d,0x37,0x80,0x1d,0x18,0x3e,0xb3,0x70,
    0x01,0x6c,0xcc,0xf8,0x99,0x89,0x00,0x6c,0xc8,0xf8,0x99,0x8d,0x00,0x6c,0xc4,0xf8,
    0x99,0x91,0x37,0x80,0x1b,0x19,0x3e,0x33,0x73,0x01,0xdc,0xc0,0xf8,0x99,0x9d,0x00,
    0x5c,0xc9,0xf8,0x59,0x81,0x5f,0x80,0x0b,0x19,0x3e,0x2b,0x71,0x01,0x5c,0xc0,0xf8,
    0x59,0x8d,0x00,0x9c,0xc9,0xf8,0x59,0x91,0x00,0x9c,0xc1,0xf8,0x59,0x95,0x37,0x80,
    0x3f,0x30,0x7c,0x56,0xe7,0x02,0x78,0x87,0xf1,0x53,0x20,0x00,0xbf,0x61,0xfc,0x54,
    0x08,0xc0,0x2f,0x8c,0x9f,0x12,0x6f,0x00,0xdf,0x19,0x3e,0x45,0x2e,0x80,0x93,0xf1,
    0xd3,0x95,0x0f,0x80,0xf1,0x53,0x96,0x0e,0x80,0xf1,0x53,0x97,0x7c,0x03,0x30,0x7c,
    0xf8,0x26,0x77,0x01,0x18,0x3f,0xfc,0x27,0x15,0x00,0xe3,0x87,0x9f,0x65,0x02,0x60,
    0xfc,0xf0,0xd6,0xf2,0x6f,0x00,0x86,0x0f,0xef,0x7b,0x78,0x7a,0x7e,0x79,0x1d,0xfd,
    0x11,0x7b,0x59,0x69,0xfc,0x8c,0xb5,0x6a,0x7c,0x33,0xbf,0x00,0xc0,0x5b,0x02,0x00,
    0x61,0x02,0x00,0x61,0x02,0x00,0x61,0x02,0x00,0x61,0x02,0x00,0x61,0x02,0x00,0x61,
    0x02,0x00,0x61,0x02,0x00,0x61,0x02,0x00,0x61,0x02,0x00,0x61,0x02,0x00,0x61,0x02,
    0x00,0x61,0x02,0x00,0x61,0x02,0x00,0x61,0x02,0x00,0x61,0x02,0x00,0x61,0x02,0x00,
    0x61,0x02,0x00,0x61,0x02,0x00,0x61,0x02,0x00,0x61,0x02,0x00,0x61,0x02,0x00,0x61,
    0x02,0x00,0x61,0x02,0x00,0x61,0x02,0x00,0x61,0x02,0x00,0x61,0x02,0x00,0x61,0x02,
    0x00,0x61,0x02,0x00,0x61,0x02,0x00,0x61,0x02,0x00,0x61,0x02,0x00,0x61,0x02,0x00,
    0x61,0x02,0x00,0x61,0x0f,0x4f,0xcf,0x2f,0xaf,0xa3,0x3f,0x02,0x18,0xc3,0x05,0x00,
    0x61,0x02,0x00,0x61,0x02,0x00,0x61,0x02,0x00,0x61,0x02,0x00,0x61,0x02,0x00,0x61,
    0x02,0x00,0x61,0x02,0x00,0x61,0x02,0x00,0x61,0x02,0x00,0x61,0x02,0x00,0x61,0x02,
    0x00,0x61,0x02,0x00,0x61,0x02,0x00,0x61,0x02,0x00,0x61,0x02,0x00,0x61,0x02,0x00,
    0x61,0x02,0x00,0x61,0x02,0x00,0x61,0x02,0x00,0x61,0x02,0x00,0x61,0x02,0x00,0x61,
    0x02,0x00,0x61,0x02,0x00,0x61,0x02,0x00,0x61,0x02,0x00,0x61,0x02,0x00,0x61,0x02,
    0x00,0x61,0x02,0x00,0x61,0x02,0x00,0x61,0x02,0x00,0x61,0x02,0x00,0x61,0x02,0x00,
    0x61,0x02,0x00,0x61,0x02,0x00,0x61,0x02,0x00,0x61,0x02,0x00,0x61,0x02,0x00,0x61,
    0x02,0x00,0x61,0x02,0x00,0x61,0x02,0x00,0x61,0x02,0x00,0x61,0x02,0x00,0x61,0x02,
    0x00,0x61,0x02,0x00,0x61,0x02,0x00,0x61,0x02,0x00,0x61,0x02,0x00,0x61,0x02,0x00,
    0x61,0x02,0x00,0x61,0x02,0x00,0x61,0x02,0x00,0x61,0x02,0x00,0x61,0xff,0x02,0xe8,
    0x04,0xf3,0x37,0x18,0x3e,0x63,0x4e,0x00,0x00,0x00,0x00,0x49,0x45,0x4e,0x44,0xae,
    0x42,0x60,0x82,
};
static const unsigned char z_asset_3[] = {
    0x89,0x50,0x4e,0x47,0x0d,0x0a,0x1a,0x0a,0x00,0x00,0x00,0x0d,0x49,0x48,0x44,0x52,
    0x00,0x00,0x01,0x00,0x00,0x00,0x01,0x00,0x08,0x06,0x00,0x00,0x00,0x5c,0x72,0xa8,
    0x66,0x00,0x00,0x04,0x60,0x49,0x44,0x41,0x54,0x78,0x9c,0xed,0xd8,0xdb,0x71,0x14,
    0x49,0x14,0x45,0xd1,0xd6,0x84,0x9c,0xc0,0x11,0x61,0x93,0x30,0x08,0x9f,0x70,0x44,
    0x98,0xa1,0xf9,0x80,0x60,0x06,0x84,0xa0,0x1f,0x55,0x9d,0x95,0xb9,0xd7,0xb2,0xa0,
    0x7e,0xce,0x8e,0x5b,0xf9,0xf0,0xf4,0xfc,0xf2,0x7a,0x02,0x92,0xfe,0x19,0xfd,0x01,
    0xc0,0x38,0x02,0x00,0x61,0x02,0x00,0x61,0x02,0x00,0x61,0x02,0x00,0x61,0x02,0x00,
    0x61,0x02,0x00,0x61,0x02,0x00,0x61,0x02,0x00,0x61,0x02,0x00,0x61,0x02,0x00,0x61,
    0x02,0x00,0x61,0x02,0x00,0x61,0x02,0x00,0x61,0x02,0x00,0x61,0x02,0x00,0x61,0x02,
    0x00,0x61,0x02,0x00,0x61,0x02,0x00,0x61,0x02,0x00,0x61,0x02,0x00,0x61,0x02,0x00,
    0x61,0x02,0x00,0x61,0x02,0x00,0x61,0x02,0x00,0x61,0x02,0x00,0x61,0x02,0x00,0x61,
    0x02,0x00,0x61,0x02,0x00,0x61,0x02,0x00,0x61,0x02,0x00,0x61,0x02,0x00,0x61,0x02,
    0x00,0x61,0x02,0x00,0x61,0x02,0x00,0x61,0x02,0x00,0x61,0x02,0x00,0x61,0x02,0x00,
    0x61,0x02,0x00,0x61,0x02,0x00,0x61,0x02,0x00,0x61,0x02,0x00,0x61,0x02,0x00,0x61,
    0x02,0x00,0x61,0x02,0x00,0x61,0x02,0x00,0x61,0x02,0x00,0x61,0x02,0x00,0x61,0x02,
    0x00,0x61,0x02,0x00,0x61,0x02,0x00,0x61,0x02,0x00,0x61,0x02,0x00,0x61,0x02,0x00,
    0x61,0x8f,0xa3,0x3f,0x60,0x4f,0x5f,0x3e,0x7f,0x18,0xfd,0x09,0x2c,0xe2,0xe3,0xa7,
    0xaf,0xa3,0x3f,0x61,0x17,0x2e,0x00,0x08,0x13,0x00,0x08,0x13,0x00,0x08,0x13,0x00,
    0x08,0x13,0x00,0x08,0x13,0x00,0x08,0x13,0x00,0x08,0x13,0x00,0x08,0x13,0x00,0x08,
    0x13,0x00,0x08,0x13,0x00,0x08,0x13,0x00,0x08,0x13,0x00,0x08,0x13,0x00,0x08,0x13,
    0x00,0x08,0x13,0x00,0x08,0x13,0x00,0x08,0x13,0x00,0x08,0x13,0x00,0x08,0x13,0x00,
    0x08,0x13,0x00,0x08,0x13,0x00,0x08,0x13,0x00,0x08,0x13,0x00,0x08,0x13,0x00,0x08,
    0x13,0x00,0x08,0x13,0x00,0x08,0x13,0x00,0x08,0x13,0x00,0x08,0x13,0x00,0x08,0x13,
    0x00,0x08,0x13,0x00,0x08,0x13,0x00,0x08,0x13,0x00,0x08,0x13,0x00,0x08,0x7b,0x78,
    0x7a,0x7e,0x79,0x1d,0xfd,0x11,0xac,0xe7,0xcb,0xe7,0x0f,0xa3,0x3f,0x61,0x33,0x1f,
    0x3f,0x7d,0x1d,0xfd,0x09,0xbb,0x79,0x1c,0xfd,0x01,0xac,0xc5,0xf0,0xe7,0xe2,0x17,
    0x80,0xcd,0x18,0xff,0x7c,0x04,0x80,0x4d,0x18,0xff,0x9c,0x04,0x80,0x9b,0x19,0xff,
    0xbc,0xbc,0x01,0x70,0x35,0xc3,0x9f,0x9f,0x0b,0x80,0xab,0x18,0xff,0x1a,0x04,0x80,
    0x8b,0x19,0xff,0x3a,0x04,0x80,0x8b,0x18,0xff,0x5a,0xbc,0x01,0x70,0x16,0xc3,0x5f,
    0x93,0x0b,0x80,0xbf,0x32,0xfe,0x75,0x09,0x00,0x7f,0x64,0xfc,0x6b,0x13,0x00,0xde,
    0x65,0xfc,0xeb,0xf3,0x06,0xc0,0x1b,0x86,0xdf,0xe1,0x02,0xe0,0x27,0xc6,0xdf,0x22,
    0x00,0xfc,0x60,0xfc,0x3d,0x02,0xc0,0xe9,0x74,0x32,0xfe,0x2a,0x6f,0x00,0x71,0x86,
    0xdf,0xe6,0x02,0x08,0x33,0x7e,0x04,0x20,0xca,0xf8,0x39,0x9d,0xfc,0x02,0xe4,0x18,
    0x3e,0xff,0xe7,0x02,0x08,0x31,0x7e,0x7e,0x25,0x00,0x11,0xc6,0xcf,0xef,0x08,0x40,
    0x80,0xf1,0xf3,0x1e,0x6f,0x00,0x0b,0x33,0x7c,0xfe,0xc6,0x05,0xb0,0x28,0xe3,0xe7,
    0x1c,0x02,0xb0,0x20,0xe3,0xe7,0x5c,0x02,0xb0,0x18,0xe3,0xe7,0x12,0xde,0x00,0x16,
    0x61,0xf8,0x5c,0xc3,0x05,0xb0,0x00,0xe3,0xe7,0x5a,0x02,0x30,0x39,0xe3,0xe7,0x16,
    0x02,0x30,0x31,0xe3,0xe7,0x56,0xde,0x00,0x26,0x64,0xf8,0x6c,0xc5,0x05,0x30,0x19,
    0xe3,0x67,0x4b,0x02,0x30,0x11,0xe3,0x67,0x6b,0x02,0x30,0x09,0xe3,0x67,0x0f,0xde,
    0x00,0x0e,0xce,0xf0,0xd9,0x93,0x0b,0xe0,0xc0,0x8c,0x9f,0xbd,0x09,0xc0,0x41,0x19,
    0x3f,0xf7,0xe0,0x17,0xe0,0x60,0x0c,0x9f,0x7b,0x72,0x01,0x1c,0x88,0xf1,0x73,0x6f,
    0x02,0x70,0x10,0xc6,0xcf,0x08,0x02,0x70,0x00,0xc6,0xcf,0x28,0xde,0x00,0x06,0x32,
    0x7c,0x46,0x73,0x01,0x0c,0x62,0xfc,0x1c,0x81,0x00,0x0c,0x60,0xfc,0x1c,0x85,0x00,
    0xdc,0x99,0xf1,0x73,0x24,0xde,0x00,0xee,0xc4,0xf0,0x39,0x22,0x17,0xc0,0x1d,0x18,
    0x3f,0x47,0x25,0x00,0x3b,0x33,0x7e,0x8e,0x4c,0x00,0x76,0x64,0xfc,0x1c,0x9d,0x37,
    0x80,0x1d,0x18,0x3e,0xb3,0x70,0x01,0x6c,0xcc,0xf8,0x99,0x89,0x00,0x6c,0xc8,0xf8,
    0x99,0x8d,0x00,0x6c,0xc4,0xf8,0x99,0x91,0x37,0x80,0x1b,0x19,0x3e,0x33,0x73,0x01,
    0xdc,0xc0,0xf8,0x99,0x9d,0x00,0x5c,0xc9,0xf8,0x59,0x81,0x5f,0x80,0x0b,0x19,0x3e,
    0x2b,0x71,0x01,0x5c,0xc0,0xf8,0x59,0x8d,0x00,0x9c,0xc9,0xf8,0x59,0x91,0x00,0x9c,
    0xc1,0xf8,0x59,0x95,0x37,0x80,0x3f,0x30,0x7c,0x56,0xe7,0x02,0x78,0x87,0xf1,0x53,
    0x20,0x00,0xbf,0x61,0xfc,0x54,0x08,0xc0,0x2f,0x8c,0x9f,0x12,0x6f,0x00,0xdf,0x19,
    0x3e,0x45,0x2e,0x80,0x93,0xf1,0xd3,0x95,0x0f,0x80,0xf1,0x53,0x96,0x0e,0x80,0xf1,
    0x53,0x97,0x7c,0x03,0x30,0x7c,0xf8,0x26,0x77,0x01,0x18,0x3f,0xfc,0x27,0x15,0x00,
    0xe3,0x87,0x9f,0x65,0x02,0x60,0xfc,0xf0,0xd6,0xf2,0x6f,0x00,0x86,0x0f,0xef,0x7b,
    0x78,0x7a,0x7e,0x79,0x1d,0xfd,0x11,0x7b,0x59,0x69,0xfc,0x8c,0xb5,0x6a,0x7c,0x33,
    0xbf,0x00,0xc0,0x5b,0x02,0x00,0x61,0x02,0x00,0x61,0x02,0x00,0x61,0x02,0x00,0x61,
    0x02,0x00,0x61,0x02,0x00,0x61,0x02,0x00,0x61,0x02,0x00,0x61,0x02,0x00,0x61,0x02,
    0x00,0x61,0x02,0x00,0x61,0x02,0x00,0x61,0x02,0x00,0x61,0x02,0x00,0x61,0x02,0x00,
    0x61,0x02,0x00,0x61,0x02,0x00,0x61,0x02,0x00,0x61,0x02,0x00,0x61,0x02,0x00,0x61,
    0x02,0x00,0x61,0x02,0x00,0x61,0x02,0x00,0x61,0x02,0x00,0x61,0x02,0x00,0x61,0x02,
    0x00,0x61,0x02,0x00,0x61,0x02,0x00,0x61,0x02,0x00,0x61,0x02,0x00,0x61,0x02,0x00,
    0x61,0x02,0x00,0x61,0x02,0x00,0x61,0x02,0x00,0x61,0x0f,0x4f,0xcf,0x2f,0xaf,0xa3,
    0x3f,0x02,0x18,0xc3,0x05,0x00,0x61,0x02,0x00,0x61,0x02,0x00,0x61,0x02,0x00,0x61,
    0x02,0x00,0x61,0x02,0x00,0x61,0x02,0x00,0x61,0x02,0x00,0x61,0x02,0x00,0x61,0x02,
    0x00,0x61,0x02,0x00,0x61,0x02,0x00,0x61,0x02,0x00,0x61,0x02,0x00,0x61,0x02,0x00,
    0x61,0x02,0x00,0x61,0x02,0x00,0x61,0x02,0x00,0x61,0x02,0x00,0x61,0x02,0x00,0x61,
    0x02,0x00,0x61,0x02,0x00,0x61,0x02,0x00,0x61,0x02,0x00,0x61,0x02,0x00,0x61,0x02,
    0x00,0x61,0x02,0x00,0x61,0x02,0x00,0x61,0x02,0x00,0x61,0x02,0x00,0x61,0x02,0x00,
    0x61,0x02,0x00,0x61,0x02,0x00,0x61,0x02,0x00,0x61,0x02,0x00,0x61,0x02,0x00,0x61,
    0x02,0x00,0x61,0x02,0x00,0x61,0x02,0x00,0x61,0x02,0x00,0x61,0x02,0x00,0x61,0x02,
    0x00,0x61,0x02,0x00,0x61,0x02,0x00,0x61,0x02,0x00,0x61,0x02,0x00,0x61,0x02,0x00,
    0x61,0x02,0x00,0x61,0x02,0x00,0x61,0x02,0x00,0x61,0x02,0x00,0x61,0x02,0x00,0x61,
    0x02,0x00,0x61,0xff,0x02,0xe8,0x04,0xf3,0x37,0x18,0x3e,0x63,0x4e,0x00,0x00,0x00,
    0x00,0x49,0x45,0x4e,0x44,0xae,0x42,0x60,0x82,
};
static const unsigned char z_asset_4[] = {
    0x4f,0x6c,0xc3,0xa1,0x20,0x64,0x6f,0x20,0x61,0x73,0x73,0x65,0x74,0x20,0x69,0x6e,
    0x63,0x6f,0x72,0x70,0x6f,0x72,0x61,0x64,0x6f,0x21,0x0a,
};

typedef struct { const char *name; const unsigned char *data; size_t size; } ZEmbeddedAssetEntry;
static const ZEmbeddedAssetEntry z_embedded_assets[5] = {
    {"__zumbra__/manifest.json", z_asset_0, 1327},
    {"assets/icon.icns", z_asset_1, 36977},
    {"assets/icon.ico", z_asset_2, 6835},
    {"assets/icon.png", z_asset_3, 1177},
    {"assets/message.txt", z_asset_4, 27},
};

size_t z_embedded_asset_count(void) { return 5; }
const char *z_embedded_asset_name(size_t index) { return index < z_embedded_asset_count() ? z_embedded_assets[index].name : NULL; }
const unsigned char *z_embedded_asset_data(size_t index, size_t *size) { if(index >= z_embedded_asset_count()) { if(size) *size = 0; return NULL; } if(size) *size = z_embedded_assets[index].size; return z_embedded_assets[index].data; }
const unsigned char *z_embedded_asset_find(const char *name, size_t *size) { if(name == NULL) { if(size) *size = 0; return NULL; } for(size_t i=0;i<z_embedded_asset_count();i++) { if(strcmp(name,z_embedded_assets[i].name)==0) { if(size) *size=z_embedded_assets[i].size; return z_embedded_assets[i].data; } } if(size) *size=0; return NULL; }
